{
  "test2": {
    "n_days": 55,
    "avg_spread_pct": -1.2128738893391897,
    "t_stat": -9.928998664352862,
    "p_val": 8.79510986639494e-14,
    "quintiles": {
      "Q1": {
        "avg_am": 1.961092508097516,
        "avg_pm": -1.0372228933967607,
        "pm_hit_rate": 12.727272727272727
      },
      "Q2": {
        "avg_am": 0.7418870022030327,
        "avg_pm": -0.5393672858803137,
        "pm_hit_rate": 23.636363636363637
      },
      "Q3": {
        "avg_am": 0.22800623813801923,
        "avg_pm": -0.35538659302345826,
        "pm_hit_rate": 32.72727272727273
      },
      "Q4": {
        "avg_am": -0.3088138159574201,
        "avg_pm": -0.27938171192905686,
        "pm_hit_rate": 29.09090909090909
      },
      "Q5": {
        "avg_am": -1.2273590130696186,
        "avg_pm": 0.17565099594242928,
        "pm_hit_rate": 58.18181818181818
      }
    }
  },
  "test3": {
    "best_entry": "1h",
    "spreads": {
      "1h": -0.584963191926249,
      "2h": -0.8209174983483485,
      "EOD": -1.2556229748801213
    },
    "quintiles": {
      "Q1": {
        "1h": -0.23584403180705588,
        "2h": -0.43110936421257784,
        "EOD": -1.0158771356754697
      },
      "Q2": {
        "1h": -0.07214211243923974,
        "2h": -0.1754876501079251,
        "EOD": -0.5350892969405684
      },
      "Q3": {
        "1h": -0.004938172807947003,
        "2h": -0.07744801073724729,
        "EOD": -0.305029993125654
      },
      "Q4": {
        "1h": 0.0471061434444991,
        "2h": 0.022327348508146716,
        "EOD": -0.2092286001821177
      },
      "Q5": {
        "1h": 0.34911916011919314,
        "2h": 0.3898081341357707,
        "EOD": 0.2397458392046517
      }
    }
  },
  "test4": {
    "recovery": {
      "n": 28,
      "q1_avg": -0.9719660853354116,
      "q5_avg": 0.23122424876384481
    },
    "continuation": {
      "n": 27,
      "q1_avg": -1.0614145212133077,
      "q5_avg": 0.2485830441062294
    },
    "laggard_rebound": 1.0
  }
}