market,touch,signal,prev_run,lag,ret4,mae,grp,quarter
^DJI,1992-06-19,1992-07-03,5,2,0.019067351010112255,-0.019148430650772652,B1,1992Q3
^DJI,1992-07-24,1992-07-31,2,1,-0.03718544090876885,-0.05501206567438832,B1,1992Q3
^DJI,1992-08-14,1992-11-27,1,15,0.013405642756252556,-0.01037110461547186,B1,1992Q4
^DJI,1992-12-18,1992-12-18,2,0,-0.01273653172063327,-0.02455259000313681,B1,1992Q4
^DJI,1993-01-08,1993-01-15,2,1,0.03709144641318307,-0.011968495403863133,B1,1993Q1
^DJI,1993-02-19,1993-02-19,4,0,0.04497051621481418,-0.0016254093561642868,B1,1993Q1
^DJI,1993-07-09,1993-07-09,19,0,0.011181255755858599,-0.00318368921601897,EVENT,1993Q3
^DJI,1993-09-24,1993-10-01,10,1,0.02777909013816049,-0.006632021716053371,B1,1993Q4
^DJI,1994-03-04,1994-03-04,21,0,-0.051232963335076986,-0.07129138049121297,EVENT,1994Q1
^DJI,1994-03-25,1994-06-17,2,12,-0.0060818926506029936,-0.044053433258621655,B1,1994Q2
^DJI,1994-07-22,1994-07-22,1,0,0.005373454675043465,-0.005376134637110952,B1,1994Q3
^DJI,1994-10-07,1994-10-07,10,0,0.0026570833622374668,0.0001764788363942671,B1,1994Q4
^DJI,1994-11-11,1994-12-23,4,6,0.00939106769706699,-0.0019303606628289227,B1,1994Q4
^DJI,1995-01-06,1995-01-06,1,0,0.01583229651375473,-0.012967309771515056,B1,1995Q1
^DJI,1995-02-03,1995-02-03,3,0,0.015519420591063371,-0.002054101276626419,B1,1995Q1
^DJI,1995-10-27,1995-10-27,37,0,0.06476297648547469,0.00022983998523762317,EVENT,1995Q4
^DJI,1996-05-10,1996-05-10,27,0,0.03243297961420044,-0.0003026240424537363,EVENT,1996Q2
^DJI,1996-07-05,1996-08-02,7,4,-0.01120105994588172,-0.01608496416699301,B1,1996Q3
^DJI,1996-08-30,1996-08-30,3,0,0.04570875425295684,-0.009748567161983468,B1,1996Q3
^DJI,1997-03-28,1997-03-28,29,0,-0.0002507112056101546,-0.05694012949766192,EVENT,1997Q1
^DJI,1997-05-02,1997-05-02,1,0,0.03674055287809863,-0.002100081633397144,B1,1997Q2
^DJI,1997-09-05,1997-09-05,17,0,0.02763860170939636,-0.0308792452064649,EVENT,1997Q3
^DJI,1997-09-19,1997-09-19,1,0,-0.008879265206791609,-0.020413478445083233,B1,1997Q3
^DJI,1997-10-17,1997-11-21,3,5,-0.015831609453303974,-0.0385911627762604,B1,1997Q4
^DJI,1997-12-12,1998-01-02,1,3,-0.007344632768361614,-0.0654852283427495,B1,1998Q1
^DJI,1998-06-12,1998-06-12,19,0,0.03065100515873853,-0.030001396046127615,EVENT,1998Q2
^DJI,1998-07-24,1998-10-30,4,14,0.08623974376897392,0.000419057750863594,B1,1998Q4
^DJI,1999-08-06,1999-08-06,39,0,0.03401333695859332,-0.01539571861407274,EVENT,1999Q3
^DJI,1999-09-03,1999-09-03,3,0,-0.07270423038533869,-0.09002345047522842,B1,1999Q3
^DJI,1999-09-17,1999-11-19,1,9,0.023040947079881136,-0.013108024745866254,B1,1999Q4
^DJI,2000-01-28,2000-02-04,9,1,-0.05441540524298227,-0.10286034536063327,B1,2000Q1
^DJI,2000-03-31,2000-03-31,1,0,-0.017213984992551,-0.06595815145967743,B1,2000Q1
^DJI,2000-04-14,2000-06-02,1,7,-0.03213319469063858,-0.04254840447214969,B1,2000Q2
^DJI,2000-06-16,2000-07-07,1,3,0.012389034714491709,-0.01612267616077645,B1,2000Q3
^DJI,2000-07-28,2000-08-04,2,1,0.04374454026491148,-0.0028575636739337495,B1,2000Q3
^DJI,2000-09-22,2000-09-22,6,0,-0.05722864313939857,-0.10995572713612267,B1,2000Q3
^DJI,2000-11-10,2000-12-29,1,7,-0.011865951196091018,-0.029657998233350802,B1,2000Q4
^DJI,2001-02-23,2001-03-09,4,2,-0.08018419295765511,-0.1444936560621375,B1,2001Q1
^DJI,2001-06-29,2001-07-13,10,2,-0.011652801608451169,-0.03242597269068925,B1,2001Q3
^DJI,2001-07-27,2001-11-16,1,16,-0.005659258033464232,-0.017796773055043236,B1,2001Q4
^DJI,2001-11-30,2001-11-30,1,0,0.02897314501580439,-0.014988406519153452,B1,2001Q4
^DJI,2002-02-01,2002-02-01,8,0,0.04659215533432426,-0.03299998797441195,B1,2002Q1
^DJI,2002-02-15,2002-02-15,1,0,0.07110851081181369,-0.017048308141646484,B1,2002Q1
^DJI,2002-04-19,2002-04-19,8,0,0.00935640967808049,-0.04381545157175171,B1,2002Q2
^DJI,2002-05-24,2002-11-01,1,23,0.04443134611616539,-0.0257066476130704,B1,2002Q4
^DJI,2002-11-15,2002-11-15,1,0,-0.016945839880487035,-0.020278343009688782,B1,2002Q4
^DJI,2002-12-20,2002-12-20,4,0,0.008861130718372356,-0.031535666194562606,B1,2002Q4
^DJI,2003-01-24,2003-03-21,3,8,-0.02162872456152798,-0.06954491590382716,B1,2003Q1
^DJI,2004-03-12,2004-04-02,47,3,-0.02340073815385435,-0.02401107864998353,EVENT,2004Q2
^DJI,2004-04-16,2004-04-16,1,0,-0.04201118266340531,-0.0573843316203575,B1,2004Q2
^DJI,2004-04-30,2004-06-11,1,6,-0.018912391831025,-0.023424330076092348,B1,2004Q2
^DJI,2004-06-25,2004-06-25,1,0,-0.039493486532607314,-0.042429339358260876,B1,2004Q2
^DJI,2004-09-03,2004-09-03,1,0,-0.00658367316442432,-0.02751216039297788,B1,2004Q3
^DJI,2004-09-24,2004-10-01,2,1,-0.01620585988257084,-0.047509723324308584,B1,2004Q4
^DJI,2005-01-28,2005-01-28,12,0,0.03974215573695328,0.00014956750453509748,B1,2005Q1
^DJI,2005-03-18,2005-05-27,6,10,-0.023211648554763764,-0.023211648554763764,B1,2005Q2
^DJI,2005-06-17,2005-06-17,1,0,0.001671810983318256,-0.042141293308417094,B1,2005Q2
^DJI,2005-08-26,2005-09-09,6,2,-0.036170608728335885,-0.04312095873329713,B1,2005Q3
^DJI,2005-09-23,2005-09-30,1,1,-0.015700195955610008,-0.039005764829798006,B1,2005Q3
^DJI,2006-01-27,2006-01-27,12,0,0.014177745637181216,-0.015543850321913855,B1,2006Q1
^DJI,2006-05-19,2006-05-19,15,0,-0.011621417205092022,-0.039950429027096,EVENT,2006Q2
^DJI,2006-06-02,2006-06-02,1,0,-0.008681678362891465,-0.04881106396966306,B1,2006Q2
^DJI,2006-08-04,2006-08-04,1,0,0.019910482238322924,-0.017589307077477412,B1,2006Q3
^DJI,2007-03-02,2007-03-23,28,3,0.03853620116937018,-0.019101832361883564,EVENT,2007Q1
^DJI,2007-04-13,2007-04-13,1,0,0.0566192903486622,-6.504155187281313e-05,B1,2007Q2
^DJI,2007-08-03,2007-08-24,15,3,0.03298636645952979,-0.026679415119588268,EVENT,2007Q3
^DJI,2007-09-21,2007-09-21,1,0,-0.02157502097778563,-0.02230432363202761,B1,2007Q3
^DJI,2007-10-19,2007-10-26,3,1,-0.05981301113356352,-0.07392569603427235,B1,2007Q4
^DJI,2007-11-09,2007-12-07,1,4,-0.06057726613416836,-0.06139482020332565,B1,2007Q4
^DJI,2008-05-23,2008-05-23,5,0,-0.05103832878907899,-0.05295027263569596,B1,2008Q2
^DJI,2008-06-06,2009-04-10,1,44,0.0607753829381541,-0.03605294959842975,B1,2009Q2
^DJI,2009-04-24,2009-04-24,1,0,0.024891413317894573,-0.01700162549012285,B1,2009Q2
^DJI,2009-07-17,2009-07-17,11,0,0.06604115908394159,0.0002241507651223884,B1,2009Q3
^DJI,2010-01-29,2010-02-19,27,3,0.03264943711071888,-0.02081448320626178,EVENT,2010Q1
^DJI,2010-05-07,2010-05-14,10,1,-0.03852012001054894,-0.08122385527819476,B1,2010Q2
^DJI,2010-08-13,2010-09-03,1,3,0.036538339309148515,-0.011057625800566018,B1,2010Q3
^DJI,2011-03-18,2011-03-18,27,0,0.040756398435855656,0.00013414999303318353,EVENT,2011Q1
^DJI,2011-06-03,2011-07-01,10,4,-0.03493104564805105,-0.03968278483504073,B1,2011Q3
^DJI,2011-07-22,2011-07-22,2,0,-0.1469510472751624,-0.16379336102984954,B1,2011Q3
^DJI,2011-11-04,2011-11-04,2,0,0.0030191907023791043,-0.06273850245598545,B1,2011Q4
^DJI,2011-11-25,2011-12-02,2,1,0.016484959317952796,-0.023647521597128907,B1,2011Q4
^DJI,2012-05-11,2012-06-29,22,7,0.015183924558950235,-0.030111579069318162,EVENT,2012Q2
^DJI,2012-08-03,2012-08-03,1,0,-0.00040699518689790715,-0.008953744974638522,B1,2012Q3
^DJI,2012-10-26,2013-01-04,11,10,0.04276673604622294,-0.01057520340494078,B1,2013Q1
^DJI,2013-06-28,2013-06-28,24,0,0.04354446033156867,-0.0033984763643913896,EVENT,2013Q2
^DJI,2013-08-16,2013-09-13,6,4,-0.009036724793800688,-0.04270469165457025,B1,2013Q3
^DJI,2013-09-27,2013-09-27,1,0,0.020450591566877563,-0.03531275812928436,B1,2013Q3
^DJI,2013-10-18,2013-10-18,1,0,0.0364975691285605,-0.002402017801489742,B1,2013Q4
^DJI,2014-01-31,2014-02-14,14,2,-0.005491988771676115,-0.009149203894669888,B1,2014Q1
^DJI,2014-03-14,2014-03-21,3,1,0.006487825951735138,-0.017631925557127115,B1,2014Q1
^DJI,2014-04-11,2014-04-18,2,1,0.005044415231589161,-0.005843232349010408,B1,2014Q2
^DJI,2014-08-01,2014-08-22,14,3,0.016382325487887206,-0.003738012838002791,B1,2014Q3
^DJI,2014-10-03,2014-10-03,5,0,0.02238900828698176,-0.067877155495357,B1,2014Q4
^DJI,2014-12-19,2014-12-19,7,0,-0.01646917998985964,-0.0315223970711902,B1,2014Q4
^DJI,2015-01-09,2015-01-09,2,0,0.0049003841091586064,-0.039442679996868346,B1,2015Q1
^DJI,2015-01-23,2015-01-23,1,0,0.026472610373734717,-0.035922267113052686,B1,2015Q1
^DJI,2015-03-13,2015-03-13,5,0,0.01737193357092326,-0.0095801476443792,B1,2015Q1
^DJI,2015-03-27,2015-04-10,1,2,0.007390717036159344,-0.017971953326136325,B1,2015Q2
^DJI,2015-05-01,2015-05-01,2,0,-0.000742388727567822,-0.016141834715509895,B1,2015Q2
^DJI,2015-06-05,2015-06-19,4,2,0.003913199307124415,-0.03054346593502333,B1,2015Q2
^DJI,2015-07-24,2015-10-23,1,13,0.01003651311384135,-0.024722443888342216,B1,2015Q4
^DJI,2015-12-25,2015-12-25,8,0,-0.08310426361769063,-0.11973507326540267,B1,2015Q4
^DJI,2016-01-08,2016-03-11,1,9,0.02112611572507883,-0.005400526368640746,B1,2016Q1
^DJI,2016-06-24,2016-07-01,14,1,0.026901842062911907,-0.01314363307293287,B1,2016Q3
^DJI,2016-09-16,2016-09-16,10,0,0.00080447133032302,-0.00904068437286687,B1,2016Q3
^DJI,2016-09-30,2016-09-30,1,0,-0.008027077250537196,-0.019018915862374697,B1,2016Q3
^DJI,2016-10-14,2016-11-11,1,4,0.04823885010593787,-0.002207149801626951,B1,2016Q4
^DJI,2018-02-09,2018-02-16,64,1,-0.010819896621235392,-0.0397163237010103,EVENT,2018Q1
^DJI,2018-03-02,2018-03-09,1,1,-0.05537554678771395,-0.07859335013323798,B1,2018Q1
^DJI,2018-03-23,2018-06-08,1,11,-0.033971829947131105,-0.052112923691236546,B1,2018Q2
^DJI,2018-06-22,2018-07-13,1,3,0.011740103660142553,-0.0015895471156847085,B1,2018Q3
^DJI,2018-10-12,2018-11-09,12,4,-0.06157732275947092,-0.06722305047103971,B1,2018Q4
^DJI,2019-05-17,2019-05-17,15,0,0.012638153043005751,-0.04205207605573669,EVENT,2019Q2
^DJI,2019-08-02,2019-08-02,8,0,-0.003085914238781129,-0.04324748853733229,B1,2019Q3
^DJI,2019-09-06,2019-09-06,1,0,-0.008349307230891445,-0.03933208457541015,B1,2019Q3
^DJI,2019-10-04,2019-10-04,3,0,0.029112922519127116,-0.016328911059262152,B1,2019Q4
^DJI,2020-02-28,2020-05-29,20,13,-0.014480440056410582,-0.021271219357853033,EVENT,2020Q2
^DJI,2020-09-25,2020-09-25,16,0,0.04274714965814863,0.006039933104617923,EVENT,2020Q3
^DJI,2020-10-30,2020-11-06,4,1,0.06690084343217473,0.02043294451825628,B1,2020Q4
^DJI,2021-06-25,2021-06-25,32,0,0.01822947833725075,-0.02009877864741294,EVENT,2021Q2
^DJI,2021-07-23,2021-07-23,3,0,0.0016692742461721366,-0.010589970294427542,B1,2021Q3
^DJI,2021-09-10,2021-09-24,6,2,0.025260633693028334,-0.02909537724869249,B1,2021Q3
^DJI,2021-11-26,2021-12-10,6,2,0.00724672541554483,-0.036292811057695884,B1,2021Q4
^DJI,2021-12-24,2021-12-24,1,0,-0.046875140913470226,-0.047871517990799695,B1,2021Q4
^DJI,2022-01-21,2022-07-29,3,27,-0.017102338591160504,-0.017260038916063536,B1,2022Q3
^DJI,2022-08-26,2022-09-09,3,2,-0.08879533286890107,-0.10686402769681536,B1,2022Q3
^DJI,2023-02-24,2023-04-07,17,6,0.005646952708010522,-0.01635909612360087,EVENT,2023Q2
^DJI,2023-04-28,2023-04-28,2,0,-0.029468461286343728,-0.04433082613397055,B1,2023Q2
^DJI,2023-05-12,2023-05-19,1,1,0.026101710404212053,-0.025131710461473666,B1,2023Q2
^DJI,2023-08-25,2023-08-25,12,0,-0.01115264001048133,-0.011635989694302351,B1,2023Q3
^DJI,2023-09-22,2023-11-10,3,7,0.05731014528157896,-0.0022545500619041148,B1,2023Q4
^DJI,2024-04-12,2024-05-03,21,3,0.00027512444735244834,-0.0174455563664746,EVENT,2024Q2
^DJI,2024-05-31,2024-06-21,3,3,0.029047090521671093,-0.006164439873388661,B1,2024Q2
^DJI,2024-08-09,2024-08-09,6,0,0.02146642838705337,-0.006223686800107209,B1,2024Q3
^DJI,2024-12-20,2024-12-20,18,0,0.01511583683828377,-0.02323447742417395,EVENT,2024Q4
^DJI,2025-01-03,2025-01-17,1,2,0.024334395292360922,0.0009386606381598384,B1,2025Q1
^DJI,2025-02-21,2025-02-28,4,1,-0.05148186273291222,-0.0725153883363614,B1,2025Q1
^DJI,2025-05-23,2025-05-30,1,1,0.03665002701194653,-0.009852106127839821,B1,2025Q2
^DJI,2025-11-21,2025-11-21,24,0,0.040857686468040555,-0.002971071875798481,EVENT,2025Q4
^DJI,2026-03-06,2026-04-17,14,6,0.0015924424787625568,-0.014942321161473426,B1,2026Q2
^FCHI,1990-12-14,1990-12-14,1,0,-0.08562691131498468,-0.09785932721712542,B1,1990Q4
^FCHI,1991-06-21,1991-06-21,19,0,-0.02385695570042201,-0.06061109347933291,EVENT,1991Q2
^FCHI,1991-08-23,1991-08-23,1,0,0.02836105808562861,0.0014180395887304353,B1,1991Q3
^FCHI,1991-11-22,1992-01-10,12,7,0.01317075805503598,-0.009088969750891907,B1,1992Q1
^FCHI,1992-06-12,1992-09-18,21,14,-0.11615065611900688,-0.16209042927659545,EVENT,1992Q3
^FCHI,1992-11-20,1992-12-04,2,2,0.04271207259460086,-0.04187011148362607,B1,1992Q4
^FCHI,1992-12-18,1992-12-18,1,0,0.038066019504201964,0.001761249718161828,B1,1992Q4
^FCHI,1993-01-15,1993-01-15,3,0,0.046467092960710055,-0.03896883154904618,B1,1993Q1
^FCHI,1993-01-29,1993-02-05,1,1,0.04554031371853595,-0.02394924658907438,B1,1993Q1
^FCHI,1993-04-23,1993-04-23,10,0,-0.041636193141146305,-0.04972343106113075,B1,1993Q2
^FCHI,1993-05-07,1993-06-25,1,7,0.017441835128632732,-0.026009791273965077,B1,1993Q2
^FCHI,1993-07-09,1993-07-09,1,0,0.08264093352039681,-0.02684188350125971,B1,1993Q3
^FCHI,1993-07-23,1993-07-23,1,0,0.06676689281798254,-0.008621529409461148,B1,1993Q3
^FCHI,1993-11-05,1993-11-19,14,2,0.023867216267605018,-0.041161686946659004,B1,1993Q4
^FCHI,1993-12-03,1993-12-03,1,0,0.036465021197752856,-0.023304698535847823,B1,1993Q4
^FCHI,1993-12-17,1993-12-17,1,0,0.0300037103507671,0.0020943807415676474,B1,1993Q4
^FCHI,1994-02-25,1994-03-18,9,3,-0.02777650466645676,-0.0738757007378733,B1,1994Q1
^FCHI,1994-08-12,1994-08-26,2,2,-0.06559360544947168,-0.08294952229418107,B1,1994Q3
^FCHI,1994-12-09,1994-12-23,1,2,-0.07005486121114612,-0.07164473639317315,B1,1994Q4
^FCHI,1995-04-21,1995-04-21,2,0,0.01923873424405831,-0.013378992170446802,B1,1995Q2
^FCHI,1995-06-30,1995-07-07,9,1,0.003229406705006266,-0.025220459304244436,B1,1995Q3
^FCHI,1995-07-28,1995-07-28,2,0,0.0025869204644481947,-0.00920946211633078,B1,1995Q3
^FCHI,1995-08-25,1995-08-25,3,0,-0.07591087519334516,-0.07745902253796633,B1,1995Q3
^FCHI,1995-11-24,1995-11-24,1,0,-0.009307231933335491,-0.06578531169437463,B1,1995Q4
^FCHI,1995-12-22,1995-12-22,1,0,0.048521417331833794,-0.008380523666907669,B1,1995Q4
^FCHI,1996-07-12,1996-09-13,28,9,0.03206123747523559,-0.008219503133200745,EVENT,1996Q3
^FCHI,1997-04-25,1997-04-25,31,0,0.08934268389117572,-0.00023660357398458398,EVENT,1997Q2
^FCHI,1997-05-30,1997-06-06,4,1,0.0791379940821959,-0.026587742260837488,B1,1997Q2
^FCHI,1997-08-29,1997-09-05,11,1,0.05795862540605223,-0.032997093520259924,B1,1997Q3
^FCHI,1997-10-24,1997-12-05,5,6,0.04419086945469575,-0.032438797057325774,B1,1997Q4
^FCHI,1998-01-16,1998-01-16,3,0,0.07109970987947101,-0.010685140883926691,B1,1998Q1
^FCHI,1998-08-07,1998-11-20,28,15,-0.02913983748825666,-0.05740132855594027,EVENT,1998Q4
^FCHI,1998-12-04,1998-12-04,1,0,0.05458470156429729,-0.0259081913621948,B1,1998Q4
^FCHI,1999-03-26,1999-03-26,15,0,0.03564882273927994,-0.006591786853299086,EVENT,1999Q1
^FCHI,1999-07-30,1999-08-13,17,2,0.07018055025626535,-0.007768952050921651,EVENT,1999Q3
^FCHI,1999-10-01,1999-10-01,6,0,0.07428746421373433,-0.02145657625509856,B1,1999Q4
^FCHI,1999-10-15,1999-10-22,1,1,0.12515075467629155,-0.005169029994778751,B1,1999Q4
^FCHI,2000-04-07,2000-04-07,23,0,0.03768519620839794,-0.08807808672990336,EVENT,2000Q2
^FCHI,2000-04-21,2000-04-21,1,0,-0.006168882940813636,-0.011615976972928821,B1,2000Q2
^FCHI,2000-05-12,2000-05-12,2,0,0.01547148512220331,-0.06905744616657727,B1,2000Q2
^FCHI,2000-05-26,2000-06-02,1,1,-0.03401203260115393,-0.042238561057362234,B1,2000Q2
^FCHI,2000-07-28,2000-07-28,7,0,0.027960952540052153,-0.009475169899375135,B1,2000Q3
^FCHI,2000-09-22,2001-04-27,7,31,0.0010706166518981153,-0.035439635426395055,B1,2001Q2
^FCHI,2001-05-18,2001-05-18,1,0,-0.06995097303950182,-0.07908321004136443,B1,2001Q2
^FCHI,2001-06-01,2001-11-16,1,24,-0.05390530283274031,-0.05390530283274031,B1,2001Q4
^FCHI,2001-11-30,2001-12-07,1,1,0.008582944892494115,-0.06766616106170098,B1,2001Q4
^FCHI,2002-02-01,2002-02-01,6,0,0.006926146853688753,-0.05504588664071519,B1,2002Q1
^FCHI,2002-04-05,2002-04-05,5,0,-0.03560472717041696,-0.036176084438040323,B1,2002Q2
^FCHI,2002-04-26,2002-11-22,1,30,-0.0674364082500799,-0.08739538310140527,B1,2002Q4
^FCHI,2002-12-06,2002-12-06,1,0,0.0006622773358764267,-0.06332848848570849,B1,2002Q4
^FCHI,2003-01-10,2003-01-10,1,0,-0.11501741516384711,-0.1350007401174237,B1,2003Q1
^FCHI,2003-05-23,2003-05-23,3,0,0.10111633606693382,-0.024282350871134506,B1,2003Q2
^FCHI,2003-10-03,2003-10-03,18,0,0.023310512579312048,-0.020331522451188522,EVENT,2003Q4
^FCHI,2003-11-21,2003-11-21,6,0,0.04037880917587855,0.0010278780367443119,B1,2003Q4
^FCHI,2004-03-19,2004-03-19,16,0,0.03827825617508651,-0.03424866021914197,EVENT,2004Q1
^FCHI,2004-04-02,2004-04-02,1,0,-0.017548519711664268,-0.020856117348561076,B1,2004Q2
^FCHI,2004-04-30,2004-04-30,3,0,-0.006055608125289713,-0.0418231383154557,B1,2004Q2
^FCHI,2004-06-18,2004-06-18,2,0,-0.034884654336310605,-0.035552942733558024,B1,2004Q2
^FCHI,2004-07-02,2004-09-03,1,9,0.017518009495401055,-0.00869350659210466,B1,2004Q3
^FCHI,2004-09-24,2004-09-24,2,0,0.003718490509910577,-0.010736309769512897,B1,2004Q3
^FCHI,2004-10-15,2004-10-15,2,0,0.044772771093456454,-0.01944825932182992,B1,2004Q4
^FCHI,2004-10-29,2004-10-29,1,0,0.020335457729908857,-0.0023956185596716306,B1,2004Q4
^FCHI,2005-04-22,2005-04-22,24,0,0.02914447239394269,-0.024561706114961557,EVENT,2005Q2
^FCHI,2005-05-13,2005-05-13,1,0,0.041367536075378686,-0.006826949561583029,B1,2005Q2
^FCHI,2005-07-08,2005-07-08,7,0,0.02822822891018384,-0.0015441065012231636,B1,2005Q3
^FCHI,2005-10-21,2005-11-04,14,2,0.03641047359816829,-0.005439396666007457,B1,2005Q4
^FCHI,2006-05-19,2006-07-28,27,10,0.01643033841801267,-0.01911095212182723,EVENT,2006Q3
^FCHI,2006-08-11,2006-08-18,1,1,0.0017894268367248944,-0.022881008582232187,B1,2006Q3
^FCHI,2007-03-02,2007-03-09,27,1,0.036754410529263426,-0.043746257107528,EVENT,2007Q1
^FCHI,2007-03-30,2007-03-30,1,0,0.05264491158495366,-0.004415985773168041,B1,2007Q1
^FCHI,2007-07-27,2007-10-05,16,10,-0.021019213240192403,-0.03635661399607382,EVENT,2007Q4
^FCHI,2007-10-19,2007-10-26,1,1,-0.04723146330764327,-0.07525800280993411,B1,2007Q4
^FCHI,2007-12-07,2007-12-07,1,0,-0.04755584016393444,-0.052672387295081946,B1,2007Q4
^FCHI,2008-05-09,2008-05-09,1,0,-0.03331080209153703,-0.03363326757045593,B1,2008Q2
^FCHI,2008-06-06,2009-04-17,3,45,0.02493243407565049,-0.06256224008398803,B1,2009Q2
^FCHI,2009-07-10,2009-07-17,11,1,0.08600699152805946,0.004809747723020008,B1,2009Q3
^FCHI,2009-11-27,2009-11-27,18,0,0.05139932870429753,-0.014021398198353796,EVENT,2009Q4
^FCHI,2010-01-22,2010-01-22,7,0,-0.013410871560644244,-0.07194083801733109,B1,2010Q1
^FCHI,2010-04-30,2010-08-06,8,14,-0.011800190277329148,-0.08105648658647324,B1,2010Q3
^FCHI,2010-11-26,2010-11-26,12,0,0.04899096745468179,-0.036707622499189685,B1,2010Q4
^FCHI,2010-12-10,2010-12-10,1,0,0.002133584004664346,-0.005521938193027154,B1,2010Q4
^FCHI,2011-01-14,2011-01-14,4,0,0.029631366217983235,-0.00827960380043169,B1,2011Q1
^FCHI,2011-03-11,2011-03-25,7,2,0.012461043873012834,-0.02768616892473097,B1,2011Q1
^FCHI,2011-04-15,2011-04-15,2,0,0.011163754102559764,-0.028199935255877495,B1,2011Q2
^FCHI,2011-05-06,2011-05-06,2,0,-0.041234515864258414,-0.05239516824153423,B1,2011Q2
^FCHI,2011-05-20,2011-07-01,1,6,-0.0834916016748034,-0.09397733875972292,B1,2011Q3
^FCHI,2011-12-09,2011-12-09,1,0,-0.011029674896294028,-0.07280097977935263,B1,2011Q4
^FCHI,2011-12-30,2011-12-30,1,0,0.050303641112723785,-0.014355327244594651,B1,2011Q4
^FCHI,2012-04-06,2012-04-06,13,0,-0.04754491525261695,-0.06971782935976634,B1,2012Q2
^FCHI,2012-11-09,2012-11-09,15,0,0.05317257582805546,-0.02396622449367436,EVENT,2012Q4
^FCHI,2013-03-01,2013-03-01,14,0,0.0085164262141888,-0.008308307760079958,B1,2013Q1
^FCHI,2013-03-29,2013-03-29,3,0,0.021072441215250315,-0.039405921108073505,B1,2013Q1
^FCHI,2013-04-19,2013-04-26,1,1,0.03851392720668034,0.0023595464939207833,B1,2013Q2
^FCHI,2013-06-14,2013-06-14,6,0,0.013121702355360698,-0.06044160969489476,B1,2013Q2
^FCHI,2013-12-06,2013-12-20,21,2,0.03188777158641076,-0.0013877308940751787,EVENT,2013Q4
^FCHI,2014-01-17,2014-01-17,3,0,0.002920886590121352,-0.057053703603408445,B1,2014Q1
^FCHI,2014-03-14,2014-03-21,4,1,0.02226621538199547,-0.015754416801737836,B1,2014Q1
^FCHI,2014-06-27,2014-06-27,13,0,-0.023989331520918533,-0.03592754273268184,B1,2014Q2
^FCHI,2014-07-11,2014-09-05,1,8,-0.0456370100688569,-0.054345445941657355,B1,2014Q3
^FCHI,2014-09-19,2014-09-19,1,0,-0.09594690748035994,-0.150656115379728,B1,2014Q3
^FCHI,2014-12-12,2014-12-26,3,2,0.08027278324682219,-0.051140095802396535,B1,2014Q4
^FCHI,2015-06-05,2015-06-26,20,3,-0.00035777778206724786,-0.09038439637184181,EVENT,2015Q2
^FCHI,2015-07-31,2015-07-31,2,0,-0.08017140631086872,-0.1676539517743224,B1,2015Q3
^FCHI,2015-08-14,2015-10-23,1,10,-0.0025732834900975554,-0.035057466989765085,B1,2015Q4
^FCHI,2015-11-13,2015-11-13,2,0,-0.0537422656687806,-0.058380477809682474,B1,2015Q4
^FCHI,2015-11-27,2015-11-27,1,0,-0.05414855430766208,-0.09279457007067593,B1,2015Q4
^FCHI,2016-05-06,2016-05-20,3,2,-0.036764700110028414,-0.05606010326365318,B1,2016Q2
^FCHI,2016-06-10,2016-07-15,2,5,0.029200661090576174,-0.018106288177422436,B1,2016Q3
^FCHI,2016-07-29,2016-07-29,1,0,0.0004639970103592628,-0.03299019843433182,B1,2016Q3
^FCHI,2016-09-16,2016-09-23,6,1,0.010555392203734248,-0.03253728963104641,B1,2016Q3
^FCHI,2016-10-14,2016-10-14,2,0,0.004104322595103405,-0.028191075050532755,B1,2016Q4
^FCHI,2016-11-04,2016-11-11,2,1,0.061212580996897525,-0.002133994632383507,B1,2016Q4
^FCHI,2017-06-30,2017-07-14,32,2,-0.03331037412626381,-0.03601698017564958,EVENT,2017Q3
^FCHI,2018-01-05,2018-01-05,15,0,-0.019333732949092908,-0.019333732949092908,EVENT,2018Q1
^FCHI,2018-02-02,2018-04-20,3,11,0.0372595637751596,-0.004463498004054989,B1,2018Q2
^FCHI,2018-06-22,2018-06-22,8,0,0.002030660848913124,-0.026866445144423046,B1,2018Q2
^FCHI,2018-07-13,2018-07-13,1,0,-0.0026744306728248013,-0.016006112778826687,B1,2018Q3
^FCHI,2018-07-27,2018-07-27,1,0,-0.014380119779406342,-0.040745533077181206,B1,2018Q3
^FCHI,2018-08-10,2018-09-21,1,6,-0.07453532953077036,-0.0794878448924019,B1,2018Q3
^FCHI,2018-10-05,2019-02-01,1,17,0.04899729985396095,-0.014567811255161267,B1,2019Q1
^FCHI,2019-05-31,2019-06-07,15,1,0.042816606578773175,-0.004082717935357749,EVENT,2019Q2
^FCHI,2019-08-02,2019-08-30,7,4,0.029212787607438173,-0.007170869125980972,B1,2019Q3
^FCHI,2019-10-04,2019-10-04,4,0,0.04984591300470398,-0.00752690439275383,B1,2019Q4
^FCHI,2020-01-31,2020-02-07,16,1,-0.14770763907603968,-0.15127993296260211,EVENT,2020Q1
^FCHI,2020-02-28,2020-06-05,2,14,-0.036679031071085055,-0.09734521338226487,B1,2020Q2
^FCHI,2020-09-25,2020-10-09,14,2,0.0028442216402280174,-0.08778186937269294,B1,2020Q4
^FCHI,2021-07-23,2021-07-23,37,0,0.008721511716804242,-0.007954244658585075,EVENT,2021Q3
^FCHI,2021-09-17,2021-09-24,7,1,0.014345191660281031,-0.03400785226595204,B1,2021Q3
^FCHI,2021-11-26,2021-11-26,6,0,0.05146350056476989,-0.012444136104940329,B1,2021Q4
^FCHI,2021-12-24,2021-12-24,3,0,-0.0025386341756770125,-0.010313838684419152,B1,2021Q4
^FCHI,2022-01-28,2022-01-28,4,0,-0.030642174516662624,-0.07651434636546639,B1,2022Q1
^FCHI,2022-02-11,2022-02-11,1,0,-0.10715815037817145,-0.1790205084946772,B1,2022Q1
^FCHI,2022-08-26,2022-10-28,4,9,0.07005048412861137,-0.012963363395900984,B1,2022Q4
^FCHI,2023-03-17,2023-03-17,19,0,0.08580153771862364,-0.018654509952923948,EVENT,2023Q1
^FCHI,2023-05-26,2023-05-26,9,0,-0.02128110664930094,-0.0321866756203818,B1,2023Q2
^FCHI,2023-06-23,2023-06-30,1,1,0.010325612987595267,-0.04693070546896294,B1,2023Q2
^FCHI,2023-07-21,2023-07-21,1,0,-0.036145361089342964,-0.04575007753420912,B1,2023Q3
^FCHI,2023-08-04,2023-09-15,1,6,-0.05086044218490382,-0.058381970196448196,B1,2023Q3
^FCHI,2024-05-31,2024-05-31,28,0,-0.06424103073307885,-0.06710979841775488,EVENT,2024Q2
^FCHI,2024-06-14,2024-09-27,1,15,-0.03776410792960794,-0.047606511410936414,B1,2024Q3
^FCHI,2024-10-18,2024-10-18,1,0,-0.045109375438940336,-0.05973950208594081,B1,2024Q4
^FCHI,2025-04-04,2025-05-02,11,4,-0.0023923674981115584,-0.020240678253026334,B1,2025Q2
^FCHI,2025-05-23,2025-07-11,1,7,-0.01102143855087434,-0.039043153881913484,B1,2025Q3
^FCHI,2025-08-01,2025-08-08,2,1,-0.008810566297785094,-0.01225237210222141,B1,2025Q3
^FCHI,2025-08-29,2025-09-12,2,2,0.011853919221229914,-0.0083282312369104,B1,2025Q3
^FCHI,2025-09-26,2025-09-26,1,0,0.04509771698302023,-0.0056805714295286025,B1,2025Q3
^FCHI,2025-11-21,2025-11-21,7,0,0.02113708887811927,-0.005002059214481713,B1,2025Q4
^FCHI,2026-01-23,2026-01-23,8,0,0.0457372162298586,-0.015018918908871082,B1,2026Q1
^FCHI,2026-02-06,2026-02-06,1,0,-0.033883857395036965,-0.04360971822427895,B1,2026Q1
^FCHI,2026-03-06,2026-04-10,3,5,-0.01780107900016903,-0.03675233481874196,B1,2026Q2
^FCHI,2026-04-24,2026-05-29,1,5,0.024626897731910624,-0.01004356937088735,B1,2026Q2
^FCHI,2026-06-12,2026-06-12,1,0,-0.0014250479839827968,-0.013833349841561926,B1,2026Q2
^FTSE,1984-05-25,1984-08-10,1,11,0.003285660141172375,-0.024276696879915183,B1,1984Q3
^FTSE,1985-06-14,1985-08-09,43,8,0.03568366679731283,-0.004120382979813764,EVENT,1985Q3
^FTSE,1985-09-20,1985-09-20,5,0,0.03272503395541859,-0.02248398573167465,B1,1985Q3
^FTSE,1986-01-17,1986-01-17,15,0,0.05866763926508778,-0.021418355597465966,EVENT,1986Q1
^FTSE,1986-05-16,1986-05-16,16,0,0.01118282300912643,-0.0010863781811391027,EVENT,1986Q2
^FTSE,1986-06-13,1986-06-20,3,1,-0.032250139465261674,-0.032250139465261674,B1,1986Q2
^FTSE,1986-07-11,1986-08-29,2,7,-0.05574282344555448,-0.06531423259641911,B1,1986Q3
^FTSE,1986-09-12,1986-09-12,1,0,-0.005719228715345359,-0.043143121638295034,B1,1986Q3
^FTSE,1986-10-24,1986-10-31,1,1,0.0028184398350266093,-0.02199621650087591,B1,1986Q4
^FTSE,1986-11-21,1986-11-21,2,0,0.00449253901663571,-0.010523709353813193,B1,1986Q4
^FTSE,1987-08-21,1987-08-28,38,1,0.041294460817311585,-0.00493392619306543,EVENT,1987Q3
^FTSE,1987-09-11,1987-09-11,1,0,0.04656821647884479,-0.0004864025912679759,B1,1987Q3
^FTSE,1987-10-16,1988-02-26,4,19,0.0007925414175276035,-0.004245683555052393,B1,1988Q1
^FTSE,1988-04-01,1988-04-01,4,0,0.034261091059899496,-0.009813472359218034,B1,1988Q2
^FTSE,1988-04-29,1988-04-29,3,0,-0.010265231661986451,-0.027854817740524673,B1,1988Q2
^FTSE,1988-05-13,1988-05-13,1,0,0.038163653685340915,-0.01599506073576784,B1,1988Q2
^FTSE,1988-06-03,1988-06-03,1,0,0.021437995298360324,-0.0032431302232333037,B1,1988Q2
^FTSE,1988-08-19,1988-08-19,10,0,-0.042075636068847566,-0.0686439810792675,B1,1988Q3
^FTSE,1988-10-07,1988-10-07,1,0,-0.005637720290035952,-0.017834825833247248,B1,1988Q4
^FTSE,1988-11-04,1988-11-04,3,0,-0.037780105208195636,-0.042468528779591064,B1,1988Q4
^FTSE,1989-06-09,1989-06-09,22,0,0.021941084850061188,-0.01428509232119013,EVENT,1989Q2
^FTSE,1989-10-06,1989-10-06,16,0,-0.045839693674533444,-0.10880353406284304,EVENT,1989Q4
^FTSE,1990-01-26,1990-01-26,8,0,-0.03923095650383457,-0.03923095650383457,B1,1990Q1
^FTSE,1990-02-16,1990-02-16,2,0,-0.026656349199518092,-0.05051808114424794,B1,1990Q1
^FTSE,1990-08-03,1990-11-23,11,16,-0.0028104573398985977,-0.01875141726416729,B1,1990Q4
^FTSE,1991-01-04,1991-01-04,5,0,0.018625582849687516,-0.034711464859758956,B1,1991Q1
^FTSE,1991-06-28,1991-07-05,21,1,0.04708818058487041,-0.008934660767150104,EVENT,1991Q3
^FTSE,1991-08-23,1991-08-23,6,0,-0.015298937058646711,-0.02885596719841621,B1,1991Q3
^FTSE,1991-10-11,1991-10-18,6,1,-0.02095267308209625,-0.03429325745398071,B1,1991Q4
^FTSE,1992-01-24,1992-01-31,1,1,-0.003539146580754049,-0.027457939816562194,B1,1992Q1
^FTSE,1992-02-14,1992-02-14,1,0,-0.015076138198030553,-0.015792176583825812,B1,1992Q1
^FTSE,1992-03-13,1992-04-10,3,4,0.05951171876853523,-0.0006608859705979908,B1,1992Q2
^FTSE,1992-06-19,1992-06-19,9,0,-0.0591535683983353,-0.05954044551885129,B1,1992Q2
^FTSE,1992-10-09,1992-10-09,3,0,0.06355265351139505,-0.004210590027337591,B1,1992Q4
^FTSE,1993-04-09,1993-04-23,25,2,-0.011111926687416673,-0.02517761320306433,EVENT,1993Q2
^FTSE,1993-05-21,1993-06-11,1,3,-0.006499439981443311,-0.011391465895599251,B1,1993Q2
^FTSE,1993-07-09,1993-07-30,3,3,0.05949089275798736,-0.002391935759439634,B1,1993Q3
^FTSE,1994-02-25,1994-07-22,29,21,0.02462514925170156,-0.01444761957987939,EVENT,1994Q3
^FTSE,1994-09-16,1994-10-14,7,4,-0.009914072588988465,-0.03898022191359196,B1,1994Q4
^FTSE,1994-11-04,1994-11-04,1,0,-0.02592331040048801,-0.028247674729286576,B1,1994Q4
^FTSE,1994-11-25,1995-02-03,1,10,-0.01130825050422779,-0.020100010125648216,B1,1995Q1
^FTSE,1995-02-17,1995-03-17,1,4,0.03868190143761874,-0.002848557501387128,B1,1995Q1
^FTSE,1995-10-13,1995-10-13,29,0,-0.012500027370025202,-0.02334642624106642,EVENT,1995Q4
^FTSE,1995-11-10,1995-11-10,3,0,0.03025489601260989,-0.00147583337571644,B1,1995Q4
^FTSE,1996-03-15,1996-03-22,17,1,0.040490989386633425,-0.01537631507957915,EVENT,1996Q1
^FTSE,1996-04-05,1996-04-05,1,0,-0.0010650761252499752,-0.007828348524839712,B1,1996Q2
^FTSE,1996-05-10,1996-05-10,4,0,-0.012678418589855078,-0.01587466840663898,B1,1996Q2
^FTSE,1996-05-24,1996-05-24,1,0,-0.007942231830845747,-0.015271460605200127,B1,1996Q2
^FTSE,1996-06-21,1996-08-02,1,6,0.02572534808459115,0.0008486583273215054,B1,1996Q3
^FTSE,1996-12-06,1996-12-06,17,0,0.03192026242745394,-0.00734294667076707,EVENT,1996Q4
^FTSE,1997-10-24,1997-10-24,45,0,0.0031386279751290935,-0.11818445284739021,EVENT,1997Q4
^FTSE,1997-11-28,1997-12-05,1,1,0.009838826074213491,-0.030566355561306935,B1,1997Q4
^FTSE,1997-12-19,1997-12-19,1,0,0.04838450517781201,-0.0063544060762330545,B1,1997Q4
^FTSE,1998-01-02,1998-01-02,1,0,0.05102532011167815,-0.03951096472754401,B1,1998Q1
^FTSE,1998-01-16,1998-01-16,1,0,0.0606486103453352,-0.01715724407539998,B1,1998Q1
^FTSE,1998-06-05,1998-06-05,19,0,0.0069107156198608966,-0.050644782829655344,EVENT,1998Q2
^FTSE,1998-07-17,1998-07-17,2,0,-0.11645610625202463,-0.13341434974287336,B1,1998Q3
^FTSE,1998-11-13,1998-11-13,1,0,0.014368867548978814,-0.015741689289326954,B1,1998Q4
^FTSE,1999-05-21,1999-05-21,26,0,0.027498340077421357,-0.038249043185963005,EVENT,1999Q2
^FTSE,1999-07-02,1999-07-02,5,0,-0.040049908949787216,-0.061584406830296534,B1,1999Q3
^FTSE,1999-07-23,1999-08-27,2,5,-0.0686409970275137,-0.07949558875678686,B1,1999Q3
^FTSE,1999-11-05,1999-11-05,1,0,0.06066137427748908,-0.0028474494821412177,B1,1999Q4
^FTSE,2000-01-21,2000-03-03,10,6,0.008123344171483637,-0.01647782695086708,B1,2000Q1
^FTSE,2000-03-17,2000-03-17,1,0,-0.057929231830398,-0.06224461654658431,B1,2000Q1
^FTSE,2000-03-31,2000-03-31,1,0,-0.0325372751007329,-0.09556282397103855,B1,2000Q1
^FTSE,2000-04-14,2000-06-02,1,7,-0.04734089575853928,-0.06117951049111303,B1,2000Q2
^FTSE,2000-06-23,2000-06-23,2,0,-0.0020496124002581384,-0.02667605413439722,B1,2000Q2
^FTSE,2000-07-21,2000-08-11,2,3,0.03386329318075032,-0.002975957396820439,B1,2000Q3
^FTSE,2000-09-15,2000-11-17,4,9,-0.04103978027685273,-0.05746806603067256,B1,2000Q4
^FTSE,2001-02-02,2001-06-08,1,18,-0.0792188845843328,-0.08515110862719089,B1,2001Q2
^FTSE,2001-11-16,2001-11-16,1,0,-0.04347004347004346,-0.04889438580844829,B1,2001Q4
^FTSE,2001-11-30,2001-11-30,1,0,0.007456338680786656,-0.03291957294064651,B1,2001Q4
^FTSE,2001-12-14,2001-12-21,1,1,-0.006280118894094855,-0.014982999310432454,B1,2001Q4
^FTSE,2002-01-18,2002-01-18,3,0,0.010864515376936001,-0.017262230508607646,B1,2002Q1
^FTSE,2002-02-01,2002-02-01,1,0,-0.00398870734983825,-0.03356652383693437,B1,2002Q1
^FTSE,2002-02-22,2002-03-08,1,2,-0.009856801508048796,-0.021794689644838883,B1,2002Q1
^FTSE,2002-03-29,2002-03-29,2,0,-0.021396830089640773,-0.029553437243380998,B1,2002Q1
^FTSE,2002-04-12,2002-04-19,1,1,-0.004882160572789007,-0.030685006359594036,B1,2002Q2
^FTSE,2002-05-24,2002-11-22,1,26,-0.06833212292168811,-0.08904969236832538,B1,2002Q4
^FTSE,2002-12-06,2003-03-21,1,15,0.0072776806622243395,-0.07257004175638593,B1,2003Q1
^FTSE,2003-10-03,2003-10-03,26,0,0.0031820537333293597,-0.014389330837622838,EVENT,2003Q4
^FTSE,2004-02-06,2004-02-06,17,0,0.03279803210254717,-0.007381833547195016,EVENT,2004Q1
^FTSE,2004-02-20,2004-02-20,1,0,-0.021550344338316707,-0.031118493909191636,B1,2004Q1
^FTSE,2004-03-12,2004-03-12,2,0,0.004991783466049338,-0.03941892409583969,B1,2004Q1
^FTSE,2004-05-07,2004-05-07,5,0,-0.009759003934016075,-0.030099569910003843,B1,2004Q2
^FTSE,2004-06-18,2004-06-18,1,0,-0.036974481023697936,-0.04032573902689218,B1,2004Q2
^FTSE,2004-07-02,2004-08-27,1,8,0.019598672209097057,-0.006970956612991408,B1,2004Q3
^FTSE,2005-04-08,2005-04-08,31,0,-0.013002446059997563,-0.042137366167715906,EVENT,2005Q2
^FTSE,2005-04-22,2005-05-06,1,2,0.01636544788432137,-0.013153287994419616,B1,2005Q2
^FTSE,2005-10-14,2005-10-14,21,0,0.03603793320497628,-0.027317554058056914,EVENT,2005Q4
^FTSE,2006-05-19,2006-07-07,28,7,8.490550158635202e-05,-0.03978668487712789,EVENT,2006Q3
^FTSE,2006-08-04,2006-08-04,1,0,0.010153885618287228,-0.023228139870933084,B1,2006Q3
^FTSE,2006-08-25,2006-08-25,1,0,-0.009577159873691121,-0.00996837626012581,B1,2006Q3
^FTSE,2006-09-15,2006-09-15,2,0,0.04769436867236676,-0.01744087119278548,B1,2006Q3
^FTSE,2006-09-29,2006-09-29,1,0,0.03356933703743814,-0.010652932841338614,B1,2006Q3
^FTSE,2006-12-01,2006-12-01,8,0,0.03309803283027479,-0.0003487665293115949,B1,2006Q4
^FTSE,2007-03-02,2007-03-09,12,1,0.02435464110328489,-0.03915006602726934,B1,2007Q1
^FTSE,2007-07-27,2007-09-21,18,8,0.01102725926208259,-0.013892575557034714,EVENT,2007Q3
^FTSE,2007-10-05,2007-10-05,1,0,-0.00988503425845555,-0.027653947624990405,B1,2007Q4
^FTSE,2007-10-26,2007-10-26,2,0,-0.05992820001140564,-0.09523665364788536,B1,2007Q4
^FTSE,2007-11-09,2007-11-30,1,3,0.006902433321997581,-0.028091752089001165,B1,2007Q4
^FTSE,2007-12-14,2007-12-14,1,0,-0.030483038924495887,-0.0390808191339691,B1,2007Q4
^FTSE,2008-01-04,2008-04-18,2,15,0.04089748423824502,-0.017286958627665716,B1,2008Q2
^FTSE,2008-06-06,2009-02-06,6,35,-0.1773573402203984,-0.1863509920748011,B1,2009Q1
^FTSE,2009-04-24,2009-04-24,1,0,0.05036087697004321,-0.023411946301281295,B1,2009Q2
^FTSE,2009-07-10,2009-07-17,10,1,0.07409775104464011,0.0,B1,2009Q3
^FTSE,2010-01-29,2010-02-19,27,3,0.05447722961137447,-0.0183830384102055,EVENT,2010Q1
^FTSE,2010-05-07,2010-08-06,10,13,0.017965699257972645,-0.049039832868698174,B1,2010Q3
^FTSE,2010-12-03,2010-12-03,13,0,0.026908969577203568,-0.0029240953925142588,B1,2010Q4
^FTSE,2011-02-25,2011-02-25,11,0,-0.01673005188252541,-0.06825303011490702,B1,2011Q1
^FTSE,2011-03-11,2011-03-25,1,2,0.0199125548890271,-0.007202413470499103,B1,2011Q1
^FTSE,2011-04-22,2011-04-22,3,0,-0.011597927479972792,-0.026186732879649788,B1,2011Q2
^FTSE,2011-05-06,2011-05-06,1,0,-0.020378766006513116,-0.029129235554862798,B1,2011Q2
^FTSE,2011-07-15,2011-07-22,2,1,-0.1506655762952822,-0.19275484414490307,B1,2011Q3
^FTSE,2011-11-04,2011-11-04,1,0,0.00454110733971369,-0.08177738891805142,B1,2011Q4
^FTSE,2011-11-18,2011-12-02,1,2,0.0036021109636614757,-0.04027153022000496,B1,2011Q4
^FTSE,2011-12-23,2011-12-23,2,0,0.03916409285731359,-0.003936400410628482,B1,2011Q4
^FTSE,2012-04-06,2012-04-06,14,0,-0.011985270946306859,-0.025735151727440897,B1,2012Q2
^FTSE,2012-04-27,2012-04-27,1,0,-0.07367019619911286,-0.09056450233998203,B1,2012Q2
^FTSE,2012-07-13,2012-07-13,1,0,0.03194437035711206,-0.03319745405381325,B1,2012Q3
^FTSE,2012-07-27,2012-07-27,1,0,0.026549597874303776,-0.00026656240189382174,B1,2012Q3
^FTSE,2012-11-09,2012-11-23,14,2,0.02077639159230893,-0.01098106258207976,B1,2012Q4
^FTSE,2013-04-19,2013-04-19,20,0,0.0694333969426073,-0.004390305924905191,EVENT,2013Q2
^FTSE,2013-06-07,2013-07-12,6,5,0.005882442905843943,-0.00576016556307446,B1,2013Q3
^FTSE,2013-08-16,2013-08-16,4,0,0.012892277644230843,-0.017430739182692334,B1,2013Q3
^FTSE,2013-08-30,2013-09-06,1,1,-0.014265407897906424,-0.024605503670331652,B1,2013Q3
^FTSE,2013-09-27,2013-09-27,2,0,0.0320296655947927,-0.030064379918743556,B1,2013Q3
^FTSE,2013-10-18,2013-10-18,1,0,0.010690635648158198,-0.001298598364605108,B1,2013Q4
^FTSE,2013-12-06,2013-12-20,6,2,0.033708670683768815,-6.05307325762805e-05,B1,2013Q4
^FTSE,2014-01-31,2014-02-14,5,2,-0.02036439662101408,-0.024491294933785324,B1,2014Q1
^FTSE,2014-03-07,2014-03-07,2,0,-0.0025474246068952766,-0.032788608347196324,B1,2014Q1
^FTSE,2014-04-11,2014-04-25,1,2,0.01945938429399141,-0.00041884812165426943,B1,2014Q2
^FTSE,2014-06-27,2014-06-27,8,0,0.005001671245914219,-0.016898947931549557,B1,2014Q2
^FTSE,2014-07-11,2014-07-18,1,1,-0.008948796554374416,-0.032713505398548004,B1,2014Q3
^FTSE,2014-08-01,2014-08-22,1,3,0.009239457951800256,-0.004014539255138505,B1,2014Q3
^FTSE,2014-09-12,2014-09-12,2,0,-0.06860584692228588,-0.07030998937215371,B1,2014Q3
^FTSE,2014-09-26,2014-11-21,1,8,-0.0304408375222901,-0.08978189650271473,B1,2014Q4
^FTSE,2014-12-05,2014-12-05,1,0,-0.028919737445628813,-0.08870196753568294,B1,2014Q4
^FTSE,2015-05-08,2015-05-08,15,0,-0.034370169969940134,-0.03712317883658123,EVENT,2015Q2
^FTSE,2015-06-05,2015-11-27,3,25,-0.018917068321230746,-0.07894658638936736,B1,2015Q4
^FTSE,2016-01-08,2016-03-04,2,8,-0.008597574850325307,-0.026244428427619204,B1,2016Q1
^FTSE,2016-04-01,2016-04-01,3,0,0.015587088261714399,-0.013699776114061146,B1,2016Q2
^FTSE,2016-05-06,2016-05-06,4,0,0.013696377502763202,-0.012325121633894875,B1,2016Q2
^FTSE,2016-05-20,2016-05-20,1,0,-0.021961196062658783,-0.04163211877568884,B1,2016Q2
^FTSE,2016-06-10,2016-07-01,2,3,0.022287102376052692,-0.022089423363714333,B1,2016Q3
^FTSE,2016-11-04,2016-12-09,17,5,0.03679789122496646,-0.011331323625377587,EVENT,2016Q4
^FTSE,2017-04-21,2017-05-05,18,2,0.03428621134387089,-0.0015896206609870012,EVENT,2017Q2
^FTSE,2017-06-30,2017-07-14,7,2,-0.00927028939188057,-0.01109995438411171,B1,2017Q3
^FTSE,2017-07-28,2017-08-04,1,1,-0.009744823862669394,-0.029620457980850445,B1,2017Q3
^FTSE,2017-09-01,2017-09-01,1,0,-0.008832452149290848,-0.032519984182799,B1,2017Q3
^FTSE,2017-11-17,2017-12-15,6,4,0.03844818789486748,0.0,B1,2017Q4
^FTSE,2018-02-02,2018-04-27,6,12,0.03040436184541173,-0.0013063225072124096,B1,2018Q2
^FTSE,2018-08-17,2019-02-01,15,24,0.012321585936788226,-0.0025355819597047136,EVENT,2019Q1
^FTSE,2019-05-17,2019-05-17,14,0,-0.00038106481935828995,-0.03659199014374348,B1,2019Q2
^FTSE,2019-05-31,2019-06-07,1,1,0.03016956017659078,-0.00211404959239081,B1,2019Q2
^FTSE,2019-08-09,2019-09-13,8,5,-0.01634202950033936,-0.04928403090006783,B1,2019Q3
^FTSE,2019-09-27,2019-09-27,1,0,-0.013694782343289691,-0.05679893914454326,B1,2019Q3
^FTSE,2019-11-15,2019-11-22,1,1,0.034899301486156276,-0.02669645883457339,B1,2019Q4
^FTSE,2019-12-06,2019-12-13,1,1,0.03189001048688489,-2.715846192269389e-05,B1,2019Q4
^FTSE,2020-01-31,2020-02-07,6,1,-0.13447708778860723,-0.13865566661143014,B1,2020Q1
^FTSE,2020-02-21,2020-06-05,1,15,-0.050429500462580656,-0.0820288879855986,B1,2020Q2
^FTSE,2020-06-26,2020-06-26,1,0,-0.005763642155068194,-0.025343726450237303,B1,2020Q2
^FTSE,2020-07-31,2020-08-07,4,1,-0.03864263288830949,-0.04207424898894652,B1,2020Q3
^FTSE,2020-08-21,2020-11-13,1,12,0.036476459044060494,-0.008359161152527439,B1,2020Q4
^FTSE,2021-07-23,2021-07-23,35,0,0.008580426297678745,-0.01394501659715719,EVENT,2021Q3
^FTSE,2021-08-20,2021-08-20,3,0,-0.017536901818604678,-0.020626660794533236,B1,2021Q3
^FTSE,2021-09-10,2021-10-08,2,4,0.029370299830254964,-0.004538051027302981,B1,2021Q4
^FTSE,2021-11-26,2021-12-10,6,2,0.026536658326193896,-0.026166352587579933,B1,2021Q4
^FTSE,2021-12-24,2021-12-24,1,0,0.01654888001843413,-0.0020346983629222493,B1,2021Q4
^FTSE,2022-02-25,2022-02-25,8,0,-0.0008144866354563574,-0.09366446358234859,B1,2022Q1
^FTSE,2022-04-29,2022-04-29,6,0,0.00542108286911791,-0.051175687598895125,B1,2022Q2
^FTSE,2022-06-10,2022-07-29,2,7,0.000525352587096739,-0.006829715184176299,B1,2022Q3
^FTSE,2022-09-02,2022-11-04,4,9,0.03018492617665003,-0.01227027354481891,B1,2022Q4
^FTSE,2023-03-17,2023-04-07,18,3,0.004753514031116346,-0.006497402647287154,EVENT,2023Q2
^FTSE,2023-05-05,2023-05-05,3,0,-0.02199682451460161,-0.042823730052228615,B1,2023Q2
^FTSE,2023-08-04,2023-09-15,2,6,-0.014497990780314773,-0.042430649580474156,B1,2023Q3
^FTSE,2023-09-29,2023-09-29,1,0,-0.04163986920549889,-0.043138259368275866,B1,2023Q3
^FTSE,2023-10-20,2023-11-17,1,4,0.009607838110520683,-0.015617673877853622,B1,2023Q4
^FTSE,2023-12-08,2023-12-08,1,0,0.017883393693328475,-0.008061407418591515,B1,2023Q4
^FTSE,2024-01-19,2024-01-26,5,1,0.009325314157060838,-0.01861142563145579,B1,2024Q1
^FTSE,2024-02-16,2024-02-16,2,0,0.0020358295361109224,-0.014679019210485866,B1,2024Q1
^FTSE,2024-07-26,2024-07-26,22,0,0.005080995978929748,-0.044631145739253086,EVENT,2024Q3
^FTSE,2024-08-09,2024-08-16,1,1,-0.004608222375281357,-0.017205342248046485,B1,2024Q3
^FTSE,2024-09-06,2024-09-13,2,1,-0.002344878579790932,-0.010769797727810837,B1,2024Q3
^FTSE,2024-10-04,2024-10-04,1,0,-0.012486947677730398,-0.02522757093894401,B1,2024Q4
^FTSE,2024-10-18,2024-10-18,1,0,-0.035258331708319046,-0.0433580884644158,B1,2024Q4
^FTSE,2024-11-01,2024-11-22,1,3,-0.021483584090095098,-0.03144476791259032,B1,2024Q4
^FTSE,2024-12-13,2024-12-13,2,0,-0.006240714902640776,-0.035902317628540126,B1,2024Q4
^FTSE,2025-01-17,2025-01-17,1,0,0.026724803586960055,-0.00505573049576169,B1,2025Q1
^FTSE,2025-04-04,2025-05-02,10,4,0.020473685729196722,-0.009585452850109588,B1,2025Q2
^FTSE,2026-03-20,2026-04-03,45,2,-0.006937268516374107,-0.02372484635443206,EVENT,2026Q2
^FTSE,2026-05-01,2026-05-01,3,0,0.004380533616819449,-0.020494252416506598,B1,2026Q2
^FTSE,2026-06-05,2026-06-05,2,0,0.02998624650016657,-0.023196150602424415,B1,2026Q2
^FTSE,2026-06-19,2026-06-26,1,1,0.02171680579677382,-0.010515797487628431,B1,2026Q2
^FTSE,2026-07-10,2026-07-10,1,0,,,B1,2026Q3
^GDAXI,1989-02-24,1989-03-03,39,1,-0.0037814533359241675,-0.019420465234299078,EVENT,1989Q1
^GDAXI,1989-03-17,1989-03-17,1,0,0.03986387536194891,-0.019879122293913642,B1,1989Q1
^GDAXI,1989-05-19,1989-05-19,7,0,0.05622268060493907,-0.004054406248188536,B1,1989Q2
^GDAXI,1989-10-20,1989-12-01,21,6,0.10868490042784473,0.010786767837696054,EVENT,1989Q4
^GDAXI,1990-04-27,1990-05-04,20,1,-0.028668916739631456,-0.05333752100591793,EVENT,1990Q2
^GDAXI,1990-05-18,1990-06-22,1,5,0.04060701002455658,0.004172729818984866,B1,1990Q2
^GDAXI,1990-08-03,1991-02-08,5,27,0.10737928700731647,0.014450691997434761,B1,1991Q1
^GDAXI,1991-07-05,1991-07-05,20,0,0.0009331646646373315,-0.008163644342204512,EVENT,1991Q3
^GDAXI,1991-07-19,1991-07-19,1,0,0.0177628331456281,-0.0121804345196459,B1,1991Q3
^GDAXI,1991-08-16,1991-08-16,1,0,-0.012064557006785104,-0.09178763397301892,B1,1991Q3
^GDAXI,1991-09-13,1991-11-15,2,9,-0.04298785021583662,-0.05100277323058933,B1,1991Q4
^GDAXI,1992-01-10,1992-01-10,1,0,0.045091783441258526,0.004108268024607176,B1,1992Q1
^GDAXI,1992-07-10,1992-12-25,25,24,0.04341015706561868,-0.011053923378990804,EVENT,1992Q4
^GDAXI,1993-01-15,1993-01-15,2,0,0.060507093406326096,0.004024383927576425,B1,1993Q1
^GDAXI,1993-04-30,1993-04-30,14,0,0.00023358611107338056,-0.012410603413778865,B1,1993Q2
^GDAXI,1994-01-28,1994-01-28,33,0,-0.03768879178352802,-0.04774168716162097,EVENT,1994Q1
^GDAXI,1994-02-11,1994-02-11,1,0,-0.0032626255539494053,-0.05200189359865015,B1,1994Q1
^GDAXI,1994-02-25,1994-03-18,1,3,0.03341915860512512,-0.014375780551627693,B1,1994Q1
^GDAXI,1994-04-01,1994-04-01,1,0,0.051160183000662274,-0.005739847943019849,B1,1994Q2
^GDAXI,1994-05-27,1994-07-22,7,8,-0.0020434928373763706,-0.013341174999857985,B1,1994Q3
^GDAXI,1994-08-05,1994-08-05,1,0,0.00391528912483885,-0.04326092208617027,B1,1994Q3
^GDAXI,1994-09-16,1994-10-14,3,4,-0.02117048564222379,-0.06753775126310035,B1,1994Q4
^GDAXI,1994-12-30,1994-12-30,1,0,-0.03191877552915989,-0.04310350547017894,B1,1994Q4
^GDAXI,1995-03-10,1995-05-12,5,9,0.0022640838977963096,-0.023549282755593426,B1,1995Q2
^GDAXI,1995-09-29,1995-09-29,19,0,-0.040549323333187726,-0.048571924809918676,EVENT,1995Q3
^GDAXI,1995-10-20,1995-11-24,1,5,0.03161133789932968,0.004640606683268711,B1,1995Q4
^GDAXI,1996-07-19,1996-08-09,33,3,0.0038611069451153224,-0.00931710484159809,EVENT,1996Q3
^GDAXI,1996-08-23,1996-08-23,1,0,0.030982108246992324,-0.020592324853036525,B1,1996Q3
^GDAXI,1996-09-06,1996-09-06,1,0,0.06351809873833703,-0.0006764241368487633,B1,1996Q3
^GDAXI,1997-09-12,1997-09-19,52,1,0.01659524399412704,0.0070749451994389645,EVENT,1997Q3
^GDAXI,1997-10-17,1997-10-17,3,0,-0.0919968630163508,-0.1687090403047652,B1,1997Q4
^GDAXI,1997-12-12,1997-12-12,1,0,0.04329000191914889,-0.008168554290608143,B1,1997Q4
^GDAXI,1998-08-07,1998-08-07,33,0,-0.1309945898772119,-0.1697723551438729,EVENT,1998Q3
^GDAXI,1998-12-04,1998-12-25,1,3,0.005943382514333351,-0.04535399119712469,B1,1998Q4
^GDAXI,1999-02-12,1999-02-12,6,0,0.02743045736341654,-0.06038106903867413,B1,1999Q1
^GDAXI,1999-03-05,1999-03-12,1,1,0.02044496827374398,-0.05943479426775722,B1,1999Q1
^GDAXI,1999-03-26,1999-04-09,1,2,0.027772166355280348,-0.01349651730391499,B1,1999Q2
^GDAXI,1999-05-28,1999-05-28,6,0,0.04540147690495666,-0.01999813776441406,B1,1999Q2
^GDAXI,1999-07-30,1999-08-27,8,4,-0.043139216587632534,-0.0474414815307268,B1,1999Q3
^GDAXI,1999-09-17,1999-09-17,2,0,-0.0225700068741278,-0.04413131121478919,B1,1999Q3
^GDAXI,1999-10-15,1999-10-22,1,1,0.11165511919065829,-0.010631321158601992,B1,1999Q4
^GDAXI,2000-04-14,2000-04-28,24,2,-0.06424418671653076,-0.08369883568051006,EVENT,2000Q2
^GDAXI,2000-05-12,2000-07-21,1,10,-0.019101435216837492,-0.05678081083221698,B1,2000Q3
^GDAXI,2000-08-25,2000-08-25,2,0,-0.07758406167315868,-0.11477904166792519,B1,2000Q3
^GDAXI,2000-09-15,2000-11-03,2,7,-0.08632667696301932,-0.10757727213599955,B1,2000Q4
^GDAXI,2001-02-02,2001-05-25,1,16,-0.04527944775213866,-0.06601832075658065,B1,2001Q2
^GDAXI,2001-06-15,2001-06-29,1,2,-0.05009920562959913,-0.08372531203148537,B1,2001Q2
^GDAXI,2001-11-30,2001-11-30,2,0,0.034106814767613125,-0.02357961417454124,B1,2001Q4
^GDAXI,2002-02-08,2002-03-01,9,3,0.05882985155605214,0.002052014771594335,B1,2002Q1
^GDAXI,2002-04-12,2002-04-12,5,0,-0.06126611871981147,-0.08019031645676211,B1,2002Q2
^GDAXI,2002-04-26,2003-04-18,1,51,0.030795456181473835,-0.027046855571193906,B1,2003Q2
^GDAXI,2003-09-26,2003-09-26,22,0,0.03843475379896266,-0.036687362403115875,EVENT,2003Q3
^GDAXI,2003-10-10,2003-10-10,1,0,0.08968240794922577,-0.013801919224882941,B1,2003Q4
^GDAXI,2004-03-12,2004-04-02,21,3,-0.005586918897383053,-0.00966663072421603,EVENT,2004Q2
^GDAXI,2004-04-16,2004-04-16,1,0,-0.057233770105540205,-0.06554070517410027,B1,2004Q2
^GDAXI,2004-04-30,2004-06-11,1,6,-0.022435850266224522,-0.032833002040059456,B1,2004Q2
^GDAXI,2004-06-25,2004-06-25,1,0,-0.05382536142496097,-0.05682535862668314,B1,2004Q2
^GDAXI,2004-07-09,2004-09-10,1,9,0.03332707384895284,-0.009714284170580734,B1,2004Q3
^GDAXI,2004-10-01,2004-10-01,2,0,-0.00868843775078898,-0.03904419117936442,B1,2004Q4
^GDAXI,2004-10-15,2004-10-15,1,0,0.0564084087837613,-0.021195255787392675,B1,2004Q4
^GDAXI,2004-10-29,2004-10-29,1,0,0.048991861506533674,-0.0002525093112808463,B1,2004Q4
^GDAXI,2005-04-22,2005-05-06,24,2,0.046236905869045275,-0.01824612860430863,EVENT,2005Q2
^GDAXI,2005-10-28,2005-11-04,23,1,0.06260960140571314,-0.002300236592412408,EVENT,2005Q4
^GDAXI,2006-05-19,2006-08-18,27,13,0.0207752590244632,-0.01372177230794236,EVENT,2006Q3
^GDAXI,2007-03-02,2007-03-02,27,0,0.04750791560737633,-0.025149444315821556,EVENT,2007Q1
^GDAXI,2007-03-16,2007-03-23,1,1,0.0642812175430092,-0.016050009643099217,B1,2007Q1
^GDAXI,2007-07-27,2007-09-21,17,8,0.011506927303670533,-0.009877596262806154,EVENT,2007Q3
^GDAXI,2007-11-09,2007-11-09,6,0,0.023254047942489198,-0.04707641566657572,B1,2007Q4
^GDAXI,2008-01-04,2008-05-02,5,17,0.007604473905051368,-0.019503852290559065,B1,2008Q2
^GDAXI,2008-06-06,2008-06-06,4,0,-0.07813270698008346,-0.0886635568607691,B1,2008Q2
^GDAXI,2009-04-10,2009-04-10,1,0,0.094136824249762,-0.022359660675895343,B1,2009Q2
^GDAXI,2009-07-10,2009-07-10,12,0,0.1928737107063454,-0.011428485460799664,B1,2009Q3
^GDAXI,2009-11-06,2009-11-06,16,0,0.06001911398783766,0.004753763722498139,EVENT,2009Q4
^GDAXI,2010-01-22,2010-02-19,10,4,0.04550473693543289,-0.03561307435480787,B1,2010Q1
^GDAXI,2010-05-07,2010-05-14,9,1,-0.0014661231707924216,-0.0741375743683037,B1,2010Q2
^GDAXI,2010-06-04,2010-06-04,1,0,-0.01763463524019826,-0.02359369442595005,B1,2010Q2
^GDAXI,2010-07-02,2010-07-09,3,1,0.03204978548677895,-0.02624796201974433,B1,2010Q3
^GDAXI,2010-07-23,2010-07-23,1,0,-0.026138631924960576,-0.027035480554395974,B1,2010Q3
^GDAXI,2010-08-13,2010-08-13,2,0,0.0170790275305015,-0.045316170853404,B1,2010Q3
^GDAXI,2011-03-11,2011-04-01,27,3,0.046609854524382044,-0.02580151821401855,EVENT,2011Q2
^GDAXI,2011-04-22,2011-04-22,2,0,-0.003929881232814236,-0.00923314943869169,B1,2011Q2
^GDAXI,2011-05-27,2011-07-01,4,5,-0.03513336908629172,-0.05703667380870292,B1,2011Q3
^GDAXI,2011-07-15,2011-07-15,1,0,-0.16930187628078708,-0.23992679690259,B1,2011Q3
^GDAXI,2011-07-29,2011-10-28,1,13,-0.13446175297262897,-0.15437450666488572,B1,2011Q4
^GDAXI,2011-12-09,2011-12-09,1,0,0.011894673602385275,-0.058325888185598584,B1,2011Q4
^GDAXI,2012-04-27,2012-04-27,18,0,-0.06783681619699411,-0.08410426715919894,EVENT,2012Q2
^GDAXI,2012-07-27,2012-07-27,1,0,0.04210690435420261,-0.013930986750186558,B1,2012Q3
^GDAXI,2012-11-16,2012-11-23,15,1,0.044752262293960454,-0.005977447672531722,EVENT,2012Q4
^GDAXI,2013-04-05,2013-04-12,18,1,0.06892649140936791,-0.04214588108192219,EVENT,2013Q2
^GDAXI,2013-06-21,2013-06-28,8,1,0.03589421245983937,-0.028752828980589062,B1,2013Q2
^GDAXI,2013-08-30,2013-09-06,7,1,0.041966367432017204,-0.003492211615232277,B1,2013Q3
^GDAXI,2014-02-07,2014-02-07,21,0,0.005249462319081966,-0.0023371771158633425,EVENT,2014Q1
^GDAXI,2014-03-07,2014-03-28,3,3,-0.01936340227739186,-0.04387731310180221,B1,2014Q1
^GDAXI,2014-04-11,2014-05-02,1,3,0.04052419511425431,-0.015584908236423334,B1,2014Q2
^GDAXI,2014-07-11,2014-07-11,9,0,-0.06796983572585769,-0.07891814499655092,B1,2014Q3
^GDAXI,2014-07-25,2014-09-05,1,6,-0.0565649675762262,-0.0565649675762262,B1,2014Q3
^GDAXI,2014-09-19,2014-09-19,1,0,-0.09684305315631903,-0.14738766739595488,B1,2014Q3
^GDAXI,2014-12-19,2014-12-19,4,0,0.03890989355554919,-0.04129368568488423,B1,2014Q4
^GDAXI,2015-01-09,2015-01-09,2,0,0.12415294070969574,-0.0027133427475773964,B1,2015Q1
^GDAXI,2015-05-08,2015-05-08,16,0,-0.043773857945999084,-0.047372627799196154,EVENT,2015Q2
^GDAXI,2015-05-29,2015-07-17,2,7,-0.05896132222123884,-0.0668647272424282,B1,2015Q3
^GDAXI,2015-11-13,2015-11-13,3,0,-0.03439737093086048,-0.03867528066914461,B1,2015Q4
^GDAXI,2015-12-11,2015-12-18,3,1,-0.10019813515629095,-0.10832201717662326,B1,2015Q4
^GDAXI,2016-01-08,2016-04-15,2,14,-0.009816368866493952,-0.031295638663424,B1,2016Q2
^GDAXI,2016-05-06,2016-05-06,2,0,0.02363837361847132,-0.010335388082651886,B1,2016Q2
^GDAXI,2016-05-27,2016-05-27,2,0,-0.07088542388097197,-0.10306506647896774,B1,2016Q2
^GDAXI,2016-06-17,2016-07-15,2,4,0.06422327347920254,-0.014230869148254888,B1,2016Q3
^GDAXI,2016-09-30,2016-09-30,10,0,0.01761683515923207,-0.015408587193276646,B1,2016Q3
^GDAXI,2016-11-04,2016-11-11,4,1,0.0502139284204175,-0.024874539785449956,B1,2016Q4
^GDAXI,2016-12-02,2016-12-09,2,1,0.03529033776981971,-0.0055133498603663345,B1,2016Q4
^GDAXI,2017-06-30,2017-07-07,28,1,-0.007342183608902042,-0.02394283528750729,EVENT,2017Q3
^GDAXI,2017-07-21,2017-09-15,1,8,0.037787981694108685,-4.711660055911615e-05,B1,2017Q3
^GDAXI,2018-01-05,2018-01-05,15,0,-0.040127173579369235,-0.04035915010662927,EVENT,2018Q1
^GDAXI,2018-02-02,2018-05-04,3,13,-0.0074362757831597515,-0.0212166733829654,B1,2018Q2
^GDAXI,2018-06-01,2018-06-01,3,0,-0.03287179120363304,-0.048714731598357375,B1,2018Q2
^GDAXI,2018-06-22,2018-06-22,2,0,-0.0014547068682984055,-0.0377837965108927,B1,2018Q2
^GDAXI,2018-07-20,2018-07-27,1,1,-0.03622599959754125,-0.05752153724072728,B1,2018Q3
^GDAXI,2018-08-10,2019-02-15,1,27,0.03415021785075534,-0.004892146267455821,B1,2019Q1
^GDAXI,2019-05-31,2019-05-31,14,0,0.05730102652468916,-0.00905616489416805,B1,2019Q2
^GDAXI,2019-08-02,2019-09-06,8,5,-0.014675594977768935,-0.02565263403760809,B1,2019Q3
^GDAXI,2019-10-04,2019-10-11,3,1,0.057299329609200145,-0.009886800817675456,B1,2019Q4
^GDAXI,2020-01-31,2020-02-07,15,1,-0.14592032267918065,-0.15292574342175003,EVENT,2020Q1
^GDAXI,2020-02-28,2020-05-29,2,13,0.04337158554779985,0.0009468236401484198,B1,2020Q2
^GDAXI,2020-09-25,2020-09-25,16,0,0.014158871613423107,-0.009924453698844315,EVENT,2020Q3
^GDAXI,2020-10-16,2020-10-16,2,0,0.012993231007399686,-0.11301504840906207,B1,2020Q4
^GDAXI,2021-07-23,2021-07-23,36,0,0.008854900231861418,-0.01568229754745809,EVENT,2021Q3
^GDAXI,2021-09-10,2021-10-29,6,7,-0.02751837811930058,-0.02832023055903099,B1,2021Q4
^GDAXI,2021-11-26,2021-12-24,3,4,-0.009674199838469955,-0.019004415455837087,B1,2021Q4
^GDAXI,2022-01-21,2022-06-03,3,19,-0.11390382688558465,-0.12734430948545605,B1,2022Q2
^GDAXI,2022-08-19,2022-10-28,1,10,0.09801536298121771,-0.016664270118286306,B1,2022Q4
^GDAXI,2023-03-17,2023-03-17,19,0,0.07037416820889097,-0.02097821960548285,EVENT,2023Q1
^GDAXI,2023-06-30,2023-06-30,14,0,0.019931359594084208,-0.04283778185655662,B1,2023Q2
^GDAXI,2023-08-04,2023-08-04,3,0,-0.006991065954359166,-0.030291762232620645,B1,2023Q3
^GDAXI,2024-06-14,2024-06-14,30,0,0.04144869162899911,-0.0018042680541267009,EVENT,2024Q2
^GDAXI,2024-06-28,2024-06-28,1,0,0.009986129780272135,-0.011239590641082597,B1,2024Q2
^GDAXI,2024-07-12,2024-07-12,1,0,-0.054687913451597625,-0.09192142403825043,B1,2024Q3
^GDAXI,2024-08-02,2024-08-16,1,2,0.020575906647739117,-0.006197907722456764,B1,2024Q3
^GDAXI,2024-09-06,2024-09-13,2,1,0.036066915163661006,-0.005340871453828555,B1,2024Q3
^GDAXI,2024-11-22,2024-11-22,9,0,0.02909341660697895,-0.00919028347447115,B1,2024Q4
^GDAXI,2025-04-04,2025-04-25,18,3,0.06236412392056501,-0.00030162974900016515,EVENT,2025Q2
^GDAXI,2025-09-05,2025-10-03,18,4,-0.017248592487100978,-0.028485061544089363,EVENT,2025Q4
^GDAXI,2025-10-17,2025-10-24,1,1,-0.0473608359928398,-0.053499832082059995,B1,2025Q4
^GDAXI,2025-12-19,2025-12-19,2,0,0.041531366929349334,-0.0035008995500922513,B1,2025Q4
^GDAXI,2026-03-06,2026-04-17,10,6,-0.030429220780915034,-0.03993683518234803,B1,2026Q2
^GDAXI,2026-05-08,2026-05-08,1,0,0.0172737704230006,-0.022240395705804272,B1,2026Q2
^GDAXI,2026-06-12,2026-06-12,3,0,0.01752724946750539,-0.0035559363889184903,B1,2026Q2
^GSPC,1928-06-15,1928-06-29,5,2,0.014629085453207402,-0.022988434730408347,B1,1928Q2
^GSPC,1928-07-13,1928-07-27,1,2,0.047373845143131144,-0.014933105787231615,B1,1928Q3
^GSPC,1929-03-29,1929-03-29,32,0,0.0019584502826393013,-0.03525270276822545,EVENT,1929Q1
^GSPC,1929-04-12,1929-04-12,1,0,0.047316125332297565,-0.005964199634411083,B1,1929Q2
^GSPC,1929-05-24,1929-06-07,5,2,0.10928315445123093,-0.010184105831921864,B1,1929Q2
^GSPC,1929-10-04,1929-10-11,16,1,-0.31144342823219484,-0.33582574274517696,EVENT,1929Q4
^GSPC,1930-02-21,1930-02-21,1,0,0.05977316032605007,-0.010471194167507636,B1,1930Q1
^GSPC,1930-05-09,1930-05-09,10,0,-0.007176026697405358,-0.007176026697405358,B1,1930Q2
^GSPC,1930-06-06,1931-02-13,3,36,0.00814897480567911,-0.007567000337949326,B1,1931Q1
^GSPC,1931-04-03,1932-07-29,6,69,0.39137645960204903,-0.026534049532703552,B1,1932Q3
^GSPC,1932-10-14,1932-10-14,10,0,0.07713880856519895,-0.09116410728394497,B1,1932Q4
^GSPC,1932-11-04,1932-11-04,2,0,-0.05959306939380549,-0.05959306939380549,B1,1932Q4
^GSPC,1932-11-25,1933-04-14,2,19,0.35382303293593576,-0.02098948499013864,B1,1933Q2
^GSPC,1933-09-22,1934-01-12,22,16,0.11022846514306028,0.05561076828081002,EVENT,1934Q1
^GSPC,1934-03-23,1934-03-23,9,0,0.05982907221434042,-0.0104463114403337,B1,1934Q1
^GSPC,1934-05-04,1934-11-09,5,27,0.017204284315123886,-0.03225808436366906,B1,1934Q4
^GSPC,1934-12-21,1934-12-28,5,1,-0.019128619351177156,-0.04782144703104252,B1,1934Q4
^GSPC,1935-01-18,1935-01-18,2,0,-0.013071882523949752,-0.040304997087033945,B1,1935Q1
^GSPC,1935-02-01,1935-04-19,1,11,0.09518597952730512,0.001094012563667146,B1,1935Q2
^GSPC,1936-05-01,1936-06-12,53,6,0.05209048806946259,0.01028098813992595,EVENT,1936Q2
^GSPC,1936-09-18,1936-09-18,13,0,0.06300687371294122,-0.009357490067330665,B1,1936Q3
^GSPC,1936-12-25,1936-12-25,13,0,0.04747956615755222,-0.007620115172109143,B1,1936Q4
^GSPC,1937-03-26,1937-03-26,12,0,-0.04694569623186451,-0.04694569623186451,B1,1937Q1
^GSPC,1937-08-27,1938-02-25,5,26,-0.1918754859040832,-0.1918754859040832,B1,1938Q1
^GSPC,1938-09-30,1938-09-30,14,0,0.07352945988841086,0.01960782480441492,B1,1938Q3
^GSPC,1938-12-02,1938-12-16,8,2,-0.04418602416122841,-0.04418602416122841,B1,1938Q4
^GSPC,1939-01-13,1939-01-20,3,1,-0.02745101031135122,-0.09568629545323992,B1,1939Q1
^GSPC,1939-03-17,1939-06-09,2,12,-0.05677966656475286,-0.0855932383522221,B1,1939Q2
^GSPC,1939-08-18,1939-09-08,5,3,0.008668291094477754,-0.01733643188566969,B1,1939Q3
^GSPC,1939-12-01,1939-12-22,11,3,-0.023311894825971846,-0.029742757077141357,B1,1939Q4
^GSPC,1940-01-12,1940-04-05,1,12,-0.02884612739438741,-0.03605767834703777,B1,1940Q2
^GSPC,1940-04-19,1940-08-30,1,19,0.0076190403529576844,-0.01904760088239399,B1,1940Q3
^GSPC,1940-12-06,1940-12-13,13,1,0.01590272057689357,-0.02899901572599195,B1,1940Q4
^GSPC,1941-01-17,1941-06-13,2,21,0.04365475480695391,-0.009137070974860495,B1,1941Q2
^GSPC,1941-10-10,1942-06-05,16,34,0.008363165565269615,-0.019115872114665144,EVENT,1942Q2
^GSPC,1943-08-06,1943-09-17,60,6,-0.022314086715001902,-0.035537214183422594,EVENT,1943Q3
^GSPC,1943-10-01,1943-10-01,1,0,-0.014888362523076681,-0.0347394599663462,B1,1943Q4
^GSPC,1944-02-04,1944-02-11,4,1,0.03066444781687383,0.0,B1,1944Q1
^GSPC,1944-04-21,1944-04-28,9,1,0.029486131831857332,0.006739673502725196,B1,1944Q2
^GSPC,1944-09-08,1944-09-29,18,3,0.0007849473360672654,-0.0007849473360671544,EVENT,1944Q3
^GSPC,1944-10-27,1944-11-03,3,1,-0.006982168362354768,-0.017067514442912657,B1,1944Q4
^GSPC,1944-11-17,1944-12-01,1,2,0.03749996367842012,0.008593723049853397,B1,1944Q4
^GSPC,1945-03-30,1945-03-30,16,0,0.08008818369463522,0.0044085540874543305,EVENT,1945Q1
^GSPC,1945-07-20,1945-07-20,15,0,-0.002728510386723393,-0.01909957270706375,EVENT,1945Q3
^GSPC,1945-08-10,1945-08-10,1,0,0.06427603697081796,-0.025710427693257376,B1,1945Q3
^GSPC,1946-02-22,1946-02-22,26,0,-0.001128586410269583,-0.05135439518478413,EVENT,1946Q1
^GSPC,1946-06-21,1946-06-28,13,1,-0.04503526369844724,-0.056429782870664136,B1,1946Q2
^GSPC,1946-07-12,1946-12-20,1,23,-0.027741955172630894,-0.04709674466040825,B1,1946Q4
^GSPC,1947-01-17,1947-01-17,2,0,0.05242202905447635,-0.006635662230952577,B1,1947Q1
^GSPC,1947-03-07,1947-03-21,6,2,-0.0760655637647285,-0.0760655637647285,B1,1947Q1
^GSPC,1947-04-04,1947-06-13,1,10,0.059412574801046114,-0.00267022450436305,B1,1947Q2
^GSPC,1947-09-05,1947-09-19,11,2,0.02500000784271661,-0.023026278433376457,B1,1947Q3
^GSPC,1947-10-10,1947-10-17,1,1,-0.025032114584887966,-0.026957643026357614,B1,1947Q4
^GSPC,1947-10-31,1947-10-31,1,0,-0.02916401516780953,-0.02916401516780953,B1,1947Q4
^GSPC,1948-01-09,1948-01-09,1,0,-0.06828627663243625,-0.08076162699974176,B1,1948Q1
^GSPC,1948-07-23,1948-07-23,17,0,-0.007375589173762909,-0.03687771140678864,EVENT,1948Q3
^GSPC,1948-11-05,1949-07-15,2,36,0.03794034263269164,0.0027100244737636725,B1,1949Q3
^GSPC,1950-06-30,1950-08-04,49,5,0.02260197691329968,0.007717822585868284,EVENT,1950Q3
^GSPC,1950-12-08,1950-12-08,17,0,0.07577326028908904,-0.0036082317629204663,EVENT,1950Q4
^GSPC,1951-05-18,1951-06-15,21,4,-0.002722385244945391,-0.049001895925231964,EVENT,1951Q2
^GSPC,1951-07-20,1951-07-20,1,0,0.04844613409271625,0.010054900783433851,B1,1951Q3
^GSPC,1951-11-02,1951-11-02,14,0,-0.002180599378269199,-0.023113854321487826,B1,1951Q4
^GSPC,1952-02-22,1952-03-07,11,2,0.012647603418785902,-0.005058977038722046,B1,1952Q1
^GSPC,1952-04-11,1952-04-11,4,0,-0.011198691452863119,-0.03898799295981881,B1,1952Q2
^GSPC,1952-05-30,1952-05-30,1,0,0.04065378409645404,-0.003352888585901548,B1,1952Q2
^GSPC,1952-09-19,1952-11-21,15,9,0.03482386801842119,0.0035615413912759575,EVENT,1952Q4
^GSPC,1953-02-20,1953-02-20,12,0,0.0214592728216354,0.004682046163196674,B1,1953Q1
^GSPC,1953-04-03,1953-07-31,5,17,-0.04080809005583175,-0.04080809005583175,B1,1953Q3
^GSPC,1953-08-21,1953-10-16,2,8,0.016570071913523998,0.0008285193980677175,B1,1953Q4
^GSPC,1955-03-18,1955-03-18,73,0,0.04919841802882008,-0.006357090666011533,EVENT,1955Q1
^GSPC,1955-10-14,1955-10-21,29,1,0.06926510336629343,-0.007278736139477826,EVENT,1955Q4
^GSPC,1956-01-13,1956-01-13,10,0,-0.023057954365731992,-0.03492271373492606,B1,1956Q1
^GSPC,1956-02-10,1956-02-17,1,1,0.08131174516314466,-0.0015723201730563074,B1,1956Q1
^GSPC,1956-05-18,1956-05-18,12,0,-0.0004311372715416484,-0.0493641074726624,B1,1956Q2
^GSPC,1956-07-06,1956-07-06,1,0,0.03330554628703064,0.0043713380614192054,B1,1956Q3
^GSPC,1956-08-24,1956-08-24,6,0,-0.02857140584122031,-0.03879041878533518,B1,1956Q3
^GSPC,1956-09-14,1957-01-04,1,16,-0.043720551268722097,-0.048435454970507275,B1,1957Q1
^GSPC,1957-08-09,1958-01-24,17,24,-0.01989925760191169,-0.01989925760191169,EVENT,1958Q1
^GSPC,1958-02-28,1958-02-28,4,0,0.03330070042287647,0.007100903879623699,B1,1958Q1
^GSPC,1959-06-12,1959-06-12,66,0,0.04573222010849487,-0.012742180669759406,EVENT,1959Q2
^GSPC,1959-08-21,1959-08-21,9,0,-0.04891677580867326,-0.04891677580867326,B1,1959Q3
^GSPC,1959-09-04,1959-12-04,1,13,0.017672063593760168,0.00016995983839951379,B1,1959Q4
^GSPC,1960-01-22,1960-05-27,6,18,0.03480442354307356,0.0016146420860740918,B1,1960Q2
^GSPC,1960-07-22,1960-08-12,7,3,-0.009707010916726433,-0.016237172104181186,B1,1960Q3
^GSPC,1960-09-09,1960-11-11,3,9,0.013961027544408866,-0.010202249968165322,B1,1960Q4
^GSPC,1960-12-02,1960-12-02,2,0,0.04910635946335562,-0.0014442682296250675,B1,1960Q4
^GSPC,1961-06-23,1961-06-23,28,0,-0.00460409814145335,-0.011510128266553843,EVENT,1961Q2
^GSPC,1961-07-14,1961-07-28,1,2,0.014390632553555216,0.0007495585735879384,B1,1961Q3
^GSPC,1961-09-22,1961-09-22,7,0,0.01918463363126688,-0.014238677461863358,B1,1961Q3
^GSPC,1962-01-05,1962-01-05,14,0,0.0021532283749499115,-0.03028998707186792,B1,1962Q1
^GSPC,1962-01-19,1962-02-02,1,2,0.0050136959712947515,-0.005729750902063069,B1,1962Q1
^GSPC,1962-02-16,1962-02-16,1,0,0.004958296099637938,-0.01728281136988441,B1,1962Q1
^GSPC,1962-03-23,1962-09-14,1,25,-0.032942751686460214,-0.06164036518487903,B1,1962Q3
^GSPC,1963-07-05,1963-07-05,35,0,-0.013101654129195173,-0.03816576842191266,EVENT,1963Q3
^GSPC,1963-07-19,1963-08-09,1,3,0.03348457531997062,-0.004114655245668564,B1,1963Q3
^GSPC,1963-11-22,1963-11-29,14,1,0.016523269548069708,-0.0028677687319442757,B1,1963Q4
^GSPC,1964-06-05,1964-06-12,26,1,0.04723620864707545,-0.0026381795037462297,EVENT,1964Q2
^GSPC,1964-08-07,1964-08-07,7,0,0.010994399208019257,-0.01062793476783841,B1,1964Q3
^GSPC,1964-08-28,1964-08-28,2,0,0.027076488334488946,-0.00646418823156325,B1,1964Q3
^GSPC,1964-12-04,1964-12-04,13,0,0.004742163996619642,-0.020154083924064925,B1,1964Q4
^GSPC,1964-12-25,1965-01-01,1,1,0.033156313375737545,-0.011563461438744427,B1,1965Q1
^GSPC,1965-02-19,1965-02-19,6,0,0.0073077051398720005,-0.002435901713290667,B1,1965Q1
^GSPC,1965-04-02,1965-04-02,5,0,0.02981627028142264,-0.00520047329932305,B1,1965Q2
^GSPC,1965-05-28,1965-05-28,7,0,-0.060619777441186296,-0.06582221008084466,B1,1965Q2
^GSPC,1965-09-03,1965-09-03,1,0,0.020894890055622062,-0.0034067162239433957,B1,1965Q3
^GSPC,1965-12-10,1965-12-10,13,0,0.014596909513555634,-0.012745160778264708,B1,1965Q4
^GSPC,1965-12-31,1965-12-31,2,0,0.009520688634777619,-0.00865523151700165,B1,1965Q4
^GSPC,1966-02-04,1966-02-04,4,0,-0.043105341844070444,-0.053613552278244825,B1,1966Q1
^GSPC,1966-02-18,1966-04-08,1,7,-0.0427202016900573,-0.060156976285437924,B1,1966Q2
^GSPC,1966-04-22,1966-04-22,1,0,-0.07413023286811415,-0.09851519094613181,B1,1966Q2
^GSPC,1966-11-11,1966-11-11,1,0,0.0024407730325026744,-0.03722239395756444,B1,1966Q4
^GSPC,1966-11-25,1966-11-25,1,0,0.0076685560702947075,-0.016821281830782908,B1,1966Q4
^GSPC,1967-06-02,1967-06-09,26,1,0.0014198873556028335,-0.015727335631373296,EVENT,1967Q2
^GSPC,1967-06-30,1967-07-07,2,1,0.04515213523190886,-0.006325682360247664,B1,1967Q3
^GSPC,1967-08-25,1967-09-01,6,1,0.03234413716296136,-0.0034158805911803647,B1,1967Q3
^GSPC,1967-10-20,1967-10-20,6,0,-0.02683998356376549,-0.052317026708560754,B1,1967Q4
^GSPC,1967-11-03,1967-12-08,1,5,0.005449636160548055,-0.014881557285624347,B1,1967Q4
^GSPC,1967-12-22,1967-12-22,1,0,0.0004201776975798488,-0.009348733384228036,B1,1967Q4
^GSPC,1968-01-05,1968-01-05,1,0,-0.03825313430215127,-0.048676315191798714,B1,1968Q1
^GSPC,1968-01-19,1968-01-19,1,0,-0.05543887964854144,-0.08935315726286075,B1,1968Q1
^GSPC,1968-07-26,1968-07-26,16,0,0.003559142938271087,-0.02593039981007972,EVENT,1968Q3
^GSPC,1968-08-23,1968-09-06,1,2,0.024802393398432265,-0.014822134834323819,B1,1968Q3
^GSPC,1969-01-03,1969-01-03,16,0,-0.009423942183582557,-0.07077604348057986,EVENT,1969Q1
^GSPC,1969-06-06,1969-06-06,5,0,-0.02457894701059915,-0.06766552561947192,B1,1969Q2
^GSPC,1969-10-24,1969-10-24,1,0,-0.03872811807366361,-0.04331430779691903,B1,1969Q4
^GSPC,1969-11-21,1970-08-21,3,39,0.042655287404518294,0.0021454543528902636,B1,1970Q3
^GSPC,1971-05-28,1971-05-28,39,0,-0.01646089967740283,-0.027200633937382368,EVENT,1971Q2
^GSPC,1971-06-11,1971-06-11,1,0,-0.0037597432924246776,-0.0410606662551658,B1,1971Q2
^GSPC,1971-09-03,1971-09-03,1,0,-0.01747941298595801,-0.03694509018279013,B1,1971Q3
^GSPC,1971-09-17,1971-09-17,1,0,-0.02170866535434368,-0.029911943689022946,B1,1971Q3
^GSPC,1971-10-15,1971-12-03,1,7,0.0518236029859811,-0.017102782551717488,B1,1971Q4
^GSPC,1972-05-05,1972-05-05,21,0,0.02907255165868694,-0.026258984286652298,EVENT,1972Q2
^GSPC,1972-05-19,1972-05-19,1,0,-0.005689142296604555,-0.02468344979395809,B1,1972Q2
^GSPC,1972-06-09,1972-06-16,2,1,-0.014396433645320061,-0.025286063568993433,B1,1972Q2
^GSPC,1972-06-30,1972-07-07,1,1,0.016008812445354126,-0.03919405686394184,B1,1972Q3
^GSPC,1972-09-15,1972-09-29,6,2,0.0006331948701210344,-0.038715570244602926,B1,1972Q3
^GSPC,1972-10-13,1972-10-20,1,1,0.05721347603644422,0.0012815762759628146,B1,1972Q4
^GSPC,1973-02-02,1973-07-27,14,25,-0.07272555760231336,-0.08988045262590705,B1,1973Q3
^GSPC,1973-11-09,1974-03-15,7,18,-0.07211921958854739,-0.07836421106926184,B1,1974Q1
^GSPC,1974-03-29,1974-11-08,1,32,-0.13215860421705572,-0.1403017170261679,B1,1974Q4
^GSPC,1975-01-10,1975-01-10,1,0,0.08290864333374182,-0.0386998696456855,B1,1975Q1
^GSPC,1975-07-25,1975-07-25,27,0,-0.056109330102596555,-0.07929221366850148,EVENT,1975Q3
^GSPC,1975-10-31,1975-10-31,1,0,0.02470796187804769,-0.01583562048081122,B1,1975Q4
^GSPC,1975-12-05,1975-12-12,4,1,0.08106563780885678,-0.005806696181237525,B1,1975Q4
^GSPC,1975-12-26,1975-12-26,1,0,0.09927976824900453,-0.011966779291464724,B1,1975Q4
^GSPC,1976-05-28,1976-06-11,21,2,0.0402299371943271,-0.0007927252527371031,EVENT,1976Q2
^GSPC,1976-08-20,1976-09-03,9,2,-0.00124645138071533,-0.009779522939752483,B1,1976Q3
^GSPC,1976-10-08,1976-11-26,4,7,0.01638385639371731,-0.016383930357793064,B1,1976Q4
^GSPC,1976-12-24,1976-12-24,2,0,-0.014498251584896926,-0.023750457370720235,B1,1976Q4
^GSPC,1977-01-14,1977-01-14,2,0,-0.036438812015052946,-0.04105378506644186,B1,1977Q1
^GSPC,1977-07-01,1977-07-01,2,0,-0.012487512677866408,-0.023876118142662328,B1,1977Q3
^GSPC,1977-07-15,1977-07-15,1,0,-0.02295870477891182,-0.02864846015012179,B1,1977Q3
^GSPC,1977-07-29,1977-11-25,1,17,-0.020684661800603354,-0.05098769449471585,B1,1977Q4
^GSPC,1978-01-06,1978-04-14,1,14,0.055424038176531853,-0.0018295111095055772,B1,1978Q2
^GSPC,1978-07-07,1978-07-07,11,0,0.09516280785519715,-0.00642850262699135,B1,1978Q3
^GSPC,1978-10-20,1979-01-12,14,12,-0.020614405606952046,-0.034223938341849114,B1,1979Q1
^GSPC,1979-02-09,1979-02-16,3,1,0.020472325022264704,-0.03334347802352389,B1,1979Q1
^GSPC,1979-03-02,1979-03-09,1,1,0.03656820731534305,-0.009845321960216147,B1,1979Q1
^GSPC,1979-05-11,1979-05-25,8,2,0.024146858306417496,-0.019257636017440904,B1,1979Q2
^GSPC,1979-07-20,1979-07-20,6,0,0.06364175384360138,-0.009624861126211637,B1,1979Q3
^GSPC,1979-10-12,1979-11-30,11,7,0.015825100017219373,-0.010267557740054944,B1,1979Q4
^GSPC,1980-01-04,1980-01-04,4,0,0.08073607186013221,-0.006759234078097198,B1,1980Q1
^GSPC,1980-03-07,1980-05-23,8,11,0.031097403060930562,-0.015819923671571923,B1,1980Q2
^GSPC,1980-12-12,1980-12-12,28,0,0.03288710160573283,-0.006964280168993198,EVENT,1980Q4
^GSPC,1981-01-16,1981-01-16,4,0,-0.057802186455218174,-0.06640947016327703,B1,1981Q1
^GSPC,1981-03-20,1981-03-20,1,0,0.004624068531627223,-0.018645584470904808,B1,1981Q1
^GSPC,1981-04-10,1981-04-10,2,0,-0.021187948562303438,-0.041483919849324646,B1,1981Q2
^GSPC,1981-05-01,1981-05-01,2,0,-0.0009795425076609687,-0.029686576289690736,B1,1981Q2
^GSPC,1981-06-05,1981-06-05,1,0,-0.027076098910927326,-0.033126643793485844,B1,1981Q2
^GSPC,1981-06-19,1981-06-26,1,1,-0.030929321969203394,-0.04978876430051071,B1,1981Q2
^GSPC,1981-08-21,1981-11-27,1,14,-0.02038528656980121,-0.02813971337530674,B1,1981Q4
^GSPC,1981-12-18,1981-12-18,2,0,-0.061854823943107484,-0.08008064762238531,B1,1981Q4
^GSPC,1982-01-01,1982-01-01,1,0,-0.017543871663314947,-0.07278666320858895,B1,1982Q1
^GSPC,1982-04-30,1982-04-30,1,0,-0.03916184380263066,-0.04105117381547807,B1,1982Q2
^GSPC,1982-05-21,1982-08-20,2,13,0.08432141826006712,-0.003273713751346108,B1,1982Q3
^GSPC,1983-07-29,1983-07-29,48,0,-0.002583650192255482,-0.024975379057386782,EVENT,1983Q3
^GSPC,1983-09-09,1983-09-09,1,0,0.02324469761187875,-0.016474958244467652,B1,1983Q3
^GSPC,1983-10-07,1983-10-07,3,0,-0.0489461385303267,-0.05023420186037508,B1,1983Q4
^GSPC,1983-10-21,1983-11-11,1,3,-0.007276393673286807,-0.010764287440031328,B1,1983Q4
^GSPC,1983-12-02,1984-01-06,1,5,-0.049444678506289974,-0.04997632039274802,B1,1984Q1
^GSPC,1984-01-20,1984-01-20,1,0,-0.0629926045230681,-0.07267914892663818,B1,1984Q1
^GSPC,1984-11-23,1984-11-23,16,0,-0.008447182348290339,-0.03223103847249753,EVENT,1984Q4
^GSPC,1985-01-04,1985-01-11,2,1,0.08504555099666944,-0.001965349436348962,B1,1985Q1
^GSPC,1985-08-16,1985-08-30,30,2,-0.038912216543914746,-0.048666742813654906,EVENT,1985Q3
^GSPC,1986-07-11,1986-07-11,36,0,-0.02204605858714781,-0.04252333828688559,EVENT,1986Q3
^GSPC,1986-09-12,1986-10-31,4,7,0.02147719315076868,-0.0347159659358377,B1,1986Q4
^GSPC,1986-11-21,1986-11-21,2,0,0.015740645520133878,-0.003823324001759998,B1,1986Q4
^GSPC,1987-01-02,1987-01-02,5,0,0.11211194954823278,0.0,B1,1987Q1
^GSPC,1987-05-01,1987-05-01,16,0,0.007186776839189113,-0.03825986550142624,EVENT,1987Q2
^GSPC,1987-05-22,1987-05-29,2,1,0.05880729817188035,-0.010927312516509358,B1,1987Q2
^GSPC,1987-09-25,1987-09-25,16,0,-0.22470015498041518,-0.3239005364882652,EVENT,1987Q3
^GSPC,1987-10-09,1988-02-12,1,18,0.028374014750024212,-0.0041144181132003466,B1,1988Q1
^GSPC,1988-04-22,1988-04-22,9,0,-0.027369916103060166,-0.043399738253184994,B1,1988Q2
^GSPC,1988-05-06,1988-06-03,1,4,0.020003701737961288,-0.0073184917158723994,B1,1988Q2
^GSPC,1988-07-22,1988-07-29,6,1,-0.04536429981721091,-0.0569443087272401,B1,1988Q3
^GSPC,1988-08-12,1988-09-09,1,4,0.04208518640551895,-0.0060710355996863585,B1,1988Q3
^GSPC,1988-11-11,1988-12-02,8,3,0.021743143060201087,0.0,B1,1988Q4
^GSPC,1989-10-13,1989-10-20,44,1,-0.015986917421364932,-0.046808387569370224,EVENT,1989Q4
^GSPC,1989-12-01,1989-12-01,1,0,0.007900034153088598,-0.03137210120872691,B1,1989Q4
^GSPC,1989-12-22,1989-12-22,2,0,-0.0238040965160754,-0.04044101596774985,B1,1989Q4
^GSPC,1990-01-12,1990-03-16,2,9,0.007107111958568613,-0.024246171378812353,B1,1990Q1
^GSPC,1990-04-20,1990-05-04,1,2,0.07319952699965482,-0.00082753416103587,B1,1990Q2
^GSPC,1990-07-27,1990-07-27,11,0,-0.11863397574170298,-0.13371437709137024,B1,1990Q3
^GSPC,1991-01-11,1991-01-18,6,1,0.1108568923768336,-0.01324391014827242,B1,1991Q1
^GSPC,1991-06-21,1991-06-21,21,0,0.01712773321165617,-0.025863637362466885,EVENT,1991Q2
^GSPC,1991-08-23,1991-08-23,6,0,-0.01585610215665445,-0.02892159227163671,B1,1991Q3
^GSPC,1991-09-20,1991-09-20,3,0,0.011806523029827654,-0.03044449285257611,B1,1991Q3
^GSPC,1991-10-04,1991-10-18,1,2,-0.025171986962579607,-0.025171986962579607,B1,1991Q4
^GSPC,1991-11-15,1991-12-20,2,5,0.08221366293957022,-0.00020674113289886886,B1,1991Q4
^GSPC,1992-04-03,1992-04-17,14,2,-0.014301538517512036,-0.023339154343873236,B1,1992Q2
^GSPC,1992-05-01,1992-05-01,1,0,0.006835884257055946,-0.006496479489277229,B1,1992Q2
^GSPC,1992-05-15,1992-05-22,1,1,-0.02499873402391617,-0.03263122459432932,B1,1992Q2
^GSPC,1992-06-12,1992-07-03,2,3,0.03021104687887588,-0.011098372704594683,B1,1992Q3
^GSPC,1992-07-24,1992-07-24,2,0,0.007896015431988701,-0.0008017907797619461,B1,1992Q3
^GSPC,1992-08-28,1992-08-28,4,0,-0.0011811547553286506,-0.005134521506160672,B1,1992Q3
^GSPC,1992-09-25,1992-10-23,3,4,0.030306659280346704,-0.0009418368574957148,B1,1992Q4
^GSPC,1993-02-19,1993-02-19,16,0,0.03675554191472208,-0.004168388267480561,EVENT,1993Q1
^GSPC,1993-04-09,1993-04-09,6,0,0.0010637362497705194,-0.021591545862738593,B1,1993Q2
^GSPC,1993-04-23,1993-05-07,1,2,0.0175216478098561,-0.012321702509808796,B1,1993Q2
^GSPC,1993-06-11,1993-06-11,3,0,0.0019004059548781704,-0.013102034032086651,B1,1993Q2
^GSPC,1993-07-09,1993-07-09,2,0,0.0012720254911784412,-0.009819004352318528,B1,1993Q3
^GSPC,1993-07-23,1993-07-23,1,0,0.020263917322551173,-0.001140706237223621,B1,1993Q3
^GSPC,1993-09-24,1993-09-24,8,0,0.012324332038288421,-0.002687784833171336,B1,1993Q3
^GSPC,1993-11-05,1993-11-05,5,0,0.011576054223367827,-0.005418153300410067,B1,1993Q4
^GSPC,1993-11-26,1993-11-26,2,0,0.009329260456518051,-0.005636387002382337,B1,1993Q4
^GSPC,1994-02-11,1994-02-11,10,0,-0.007954379796321853,-0.02698966914603884,B1,1994Q1
^GSPC,1994-02-25,1994-03-18,1,3,-0.05281706154579113,-0.07472511440042795,B1,1994Q1
^GSPC,1994-06-10,1994-06-17,1,1,-0.00935763645041543,-0.040615170986966986,B1,1994Q2
^GSPC,1994-07-22,1994-07-29,1,1,0.033910831615640236,-0.0047571752867424655,B1,1994Q3
^GSPC,1994-10-07,1994-10-14,9,1,-0.014389255834949766,-0.023108071193455926,B1,1994Q4
^GSPC,1994-10-28,1994-10-28,1,0,-0.045338415194825954,-0.06245645993637783,B1,1994Q4
^GSPC,1994-11-11,1994-11-11,1,0,-0.033286502531140516,-0.0421109569885979,B1,1994Q4
^GSPC,1995-01-27,1995-01-27,2,0,0.03767080539830037,-0.006165148756888339,B1,1995Q1
^GSPC,1996-04-12,1996-04-12,62,0,0.024155430811599432,-0.010428632217638678,EVENT,1996Q2
^GSPC,1996-05-10,1996-05-10,3,0,0.032541474074450516,0.0,B1,1996Q2
^GSPC,1996-07-12,1996-08-02,8,3,-0.01584929607205887,-0.018068153299780843,B1,1996Q3
^GSPC,1996-08-30,1996-09-13,3,2,0.029564751178187354,-0.0021747149565555235,B1,1996Q3
^GSPC,1997-03-28,1997-03-28,27,0,-0.010996549480450368,-0.05212697911942743,EVENT,1997Q1
^GSPC,1997-10-31,1997-11-21,26,3,-0.016935070558093734,-0.0396328929601103,EVENT,1997Q4
^GSPC,1997-12-19,1997-12-19,3,0,0.01555797546732074,-0.03585839493492926,B1,1997Q4
^GSPC,1998-01-09,1998-01-16,1,1,0.0609250205352756,-0.011076353138183781,B1,1998Q1
^GSPC,1998-06-12,1998-06-12,20,0,0.05959920668291763,-0.021995852559800633,EVENT,1998Q2
^GSPC,1998-07-31,1998-07-31,6,0,-0.08345902507360958,-0.08890222992596619,B1,1998Q3
^GSPC,1999-05-28,1999-05-28,30,0,0.010346965162457478,-0.018719655070530528,EVENT,1999Q2
^GSPC,1999-06-11,1999-06-18,1,1,0.05655183447729173,-0.025595004611135175,B1,1999Q2
^GSPC,1999-07-30,1999-08-27,5,4,-0.05259334788467718,-0.06262102730749075,B1,1999Q3
^GSPC,1999-09-10,1999-09-10,1,0,-0.011570967738148252,-0.07057989583302293,B1,1999Q3
^GSPC,2000-01-28,2000-02-04,13,1,-0.010671350298013249,-0.06971506642833714,B1,2000Q1
^GSPC,2000-03-10,2000-03-17,1,1,-0.07368530203290202,-0.08540287530034751,B1,2000Q1
^GSPC,2000-04-07,2000-04-07,2,0,-0.05521150924988438,-0.11669466417440943,B1,2000Q2
^GSPC,2000-04-28,2000-04-28,1,0,-0.051231406283263614,-0.06288777050382044,B1,2000Q2
^GSPC,2000-05-12,2000-06-02,1,3,-0.015339232112079326,-0.028857482502065435,B1,2000Q2
^GSPC,2000-07-07,2000-07-07,4,0,-0.010798546513955398,-0.04395835329800735,B1,2000Q3
^GSPC,2000-07-28,2000-08-04,2,1,0.03953706855197403,-0.006746730708109272,B1,2000Q3
^GSPC,2000-09-15,2000-09-15,5,0,-0.06251834206701645,-0.0946439831857585,B1,2000Q3
^GSPC,2001-05-11,2001-05-18,1,1,-0.06006376198348107,-0.06883334958468357,B1,2001Q2
^GSPC,2001-06-01,2001-06-01,1,0,-0.028786310293317574,-0.04572172942894004,B1,2001Q2
^GSPC,2001-06-15,2001-11-16,1,22,-0.013665356571486487,-0.02118297510211653,B1,2001Q4
^GSPC,2001-12-14,2001-12-14,3,0,0.020042926613794032,-0.00038281139864959624,B1,2001Q4
^GSPC,2002-02-01,2002-02-01,6,0,0.008536872698128306,-0.04263051853669653,B1,2002Q1
^GSPC,2002-03-29,2002-03-29,4,0,-0.0619406369691573,-0.061949254523072095,B1,2002Q1
^GSPC,2002-11-15,2002-11-15,2,0,-0.022366855609122216,-0.023465962014952435,B1,2002Q4
^GSPC,2002-12-13,2002-12-20,3,1,0.006720571878203296,-0.02937170366142794,B1,2002Q4
^GSPC,2003-01-24,2003-03-21,3,8,-0.0024670525365405593,-0.05817210130695594,B1,2003Q1
^GSPC,2003-04-11,2003-04-18,1,1,0.056760412870809906,-0.007699371909881014,B1,2003Q2
^GSPC,2003-10-03,2003-10-03,23,0,0.020255363252976943,-0.011195774661409974,EVENT,2003Q4
^GSPC,2004-03-19,2004-03-19,23,0,0.022373763628112053,-0.020382413199054317,EVENT,2004Q1
^GSPC,2004-04-16,2004-04-16,2,0,-0.03429375263926582,-0.051374516190635044,B1,2004Q2
^GSPC,2004-04-30,2004-06-11,1,6,-0.020818774555685593,-0.02441771513138291,B1,2004Q2
^GSPC,2004-06-25,2004-06-25,1,0,-0.04251483146210078,-0.0448418965548224,B1,2004Q2
^GSPC,2004-09-24,2004-09-24,3,0,-0.01294465891380725,-0.014286859465136525,B1,2004Q3
^GSPC,2004-10-15,2004-10-29,2,2,0.046407782258177654,-0.0023004562893863545,B1,2004Q4
^GSPC,2005-03-18,2005-05-20,19,9,0.023274528251340243,-0.0027916624155690517,EVENT,2005Q2
^GSPC,2005-07-08,2005-07-08,6,0,0.012014637639451431,0.0,B1,2005Q3
^GSPC,2005-09-02,2005-09-02,7,0,0.008858671359648573,-0.010402163956376165,B1,2005Q3
^GSPC,2005-09-23,2005-09-23,2,0,-0.029375763887382167,-0.038748024238684065,B1,2005Q3
^GSPC,2005-10-07,2005-11-04,1,4,0.036831790504959994,-0.004171624370322036,B1,2005Q4
^GSPC,2006-04-21,2006-04-21,23,0,-0.033745652348360244,-0.041943748681577686,EVENT,2006Q2
^GSPC,2006-05-19,2006-08-04,3,11,0.024738951332267334,-0.014116383762365903,B1,2006Q3
^GSPC,2007-03-02,2007-03-23,28,3,0.03359073519885447,-0.018946989586482776,EVENT,2007Q1
^GSPC,2007-04-06,2007-04-06,1,0,0.04284644603891241,-0.006822446611148725,B1,2007Q2
^GSPC,2007-07-27,2007-09-21,15,8,-0.01646403088132886,-0.016706531367769895,EVENT,2007Q3
^GSPC,2007-10-19,2007-10-26,3,1,-0.06160444760576711,-0.07792716140731015,B1,2007Q4
^GSPC,2007-11-09,2007-12-07,1,4,-0.06182793932424291,-0.06212040637099503,B1,2007Q4
^GSPC,2008-06-13,2009-04-03,8,42,0.041566788761127516,-0.03319877828264095,B1,2009Q2
^GSPC,2009-04-24,2009-04-24,2,0,0.023977488657239254,-0.02206109899500519,B1,2009Q2
^GSPC,2010-01-29,2010-02-19,39,3,0.045736882947454705,-0.020871483629072762,EVENT,2010Q1
^GSPC,2010-05-07,2010-08-06,10,13,-0.015272284029722027,-0.07305379837241766,B1,2010Q3
^GSPC,2010-09-10,2010-09-10,1,0,0.05011038091040643,0.0034518100907052762,B1,2010Q3
^GSPC,2011-03-18,2011-03-18,26,0,0.03163678677406323,0.0019074769201876673,EVENT,2011Q1
^GSPC,2011-04-22,2011-04-22,4,0,-0.003073161955881476,-0.014109673427367353,B1,2011Q2
^GSPC,2011-05-27,2011-05-27,4,0,-0.04706635531751446,-0.054864420882231535,B1,2011Q2
^GSPC,2011-07-15,2011-07-22,2,1,-0.16467412158784522,-0.1810233133582686,B1,2011Q3
^GSPC,2011-10-28,2011-10-28,1,0,-0.09837437474216237,-0.09838216389770105,B1,2011Q4
^GSPC,2011-11-11,2011-11-11,1,0,-0.006852106141531977,-0.08322976891104705,B1,2011Q4
^GSPC,2011-12-23,2011-12-23,3,0,0.03955493868506954,-0.01319018910947889,B1,2011Q4
^GSPC,2012-05-11,2012-06-29,19,7,0.01747954419891351,-0.026979208813839084,EVENT,2012Q2
^GSPC,2012-07-27,2012-07-27,1,0,0.0181533761275674,-0.022597853453616645,B1,2012Q3
^GSPC,2012-10-26,2012-10-26,12,0,-0.001975945938188284,-0.048578529304864726,B1,2012Q4
^GSPC,2012-11-09,2012-11-30,1,3,-0.00970921738656727,-0.012674993688232883,B1,2012Q4
^GSPC,2012-12-14,2012-12-21,1,1,0.03903783176702813,-0.02240327134604425,B1,2012Q4
^GSPC,2013-06-21,2013-06-21,24,0,0.06258354134747157,-0.020157932576972626,EVENT,2013Q2
^GSPC,2013-08-23,2013-08-23,8,0,0.027899028662270897,-0.02165917000112716,B1,2013Q3
^GSPC,2013-10-11,2013-10-11,5,0,0.039578461785010344,-0.006499498946935689,B1,2013Q4
^GSPC,2014-01-31,2014-01-31,15,0,0.0431170301781616,-0.02505899995596783,EVENT,2014Q1
^GSPC,2014-04-11,2014-04-18,9,1,0.006976437748853037,-0.007635997758962065,B1,2014Q2
^GSPC,2014-08-08,2014-08-08,15,0,0.03940794706130113,-0.0017083992028354977,EVENT,2014Q3
^GSPC,2014-10-03,2014-10-03,7,0,0.02548403058686599,-0.07482086915376474,B1,2014Q4
^GSPC,2014-10-31,2014-10-31,1,0,0.02453358864631494,-0.008443813904613018,B1,2014Q4
^GSPC,2014-12-19,2014-12-19,6,0,-0.024740956131913405,-0.03985700679441162,B1,2014Q4
^GSPC,2015-01-09,2015-01-09,2,0,0.005213155160585403,-0.03125475342371875,B1,2015Q1
^GSPC,2015-01-23,2015-01-23,1,0,0.028501515006386535,-0.03456445574295397,B1,2015Q1
^GSPC,2015-03-13,2015-03-20,5,1,-0.012769870864080102,-0.02969503095505177,B1,2015Q1
^GSPC,2015-04-10,2015-04-10,1,0,0.006679180742291679,-0.016236513706443523,B1,2015Q2
^GSPC,2015-05-08,2015-05-08,3,0,-0.010996653493387853,-0.014427497702348524,B1,2015Q2
^GSPC,2015-06-05,2015-06-05,3,0,-0.007669064486355515,-0.0174452814622843,B1,2015Q2
^GSPC,2015-06-19,2015-06-19,1,0,0.007890986412641965,-0.031265537281433775,B1,2015Q2
^GSPC,2015-07-03,2015-07-17,1,2,-0.016504841105502543,-0.035055208428881324,B1,2015Q3
^GSPC,2015-08-07,2015-10-23,1,11,0.006756147840411675,-0.026870293867607087,B1,2015Q4
^GSPC,2015-11-13,2015-11-20,2,1,-0.04002540538771848,-0.045908143279842606,B1,2015Q4
^GSPC,2015-12-11,2015-12-25,2,2,-0.07476502387223605,-0.12067014024827605,B1,2015Q4
^GSPC,2016-01-08,2016-03-04,1,8,0.03639520168496935,-0.015370072042596883,B1,2016Q1
^GSPC,2016-06-24,2016-07-01,15,1,0.0335957336716477,-0.013756833168808269,EVENT,2016Q3
^GSPC,2016-09-16,2016-09-16,10,0,-0.0028889526237106944,-0.011425018423307232,B1,2016Q3
^GSPC,2016-10-14,2016-11-11,3,4,0.04392805575084879,-0.003866974628978337,B1,2016Q4
^GSPC,2017-08-25,2017-08-25,40,0,0.024219692880783406,-0.006078507341007344,EVENT,2017Q3
^GSPC,2018-02-09,2018-02-16,23,1,0.007243208553741498,-0.03107359702150969,EVENT,2018Q1
^GSPC,2018-03-02,2018-03-02,1,0,-0.018719882141198352,-0.03914913420227595,B1,2018Q1
^GSPC,2018-03-23,2018-05-11,2,7,0.018810603414148863,-0.018663907093165455,B1,2018Q2
^GSPC,2018-05-25,2018-05-25,1,0,0.012328458409799348,-0.01635965437971576,B1,2018Q2
^GSPC,2018-06-29,2018-06-29,4,0,0.036952271707505036,-0.007144047785412555,B1,2018Q2
^GSPC,2018-10-12,2019-02-01,14,16,0.03589833146415011,-0.00912605842333547,B1,2019Q1
^GSPC,2019-05-31,2019-06-07,16,1,0.04074346253411765,0.0004663018330641755,EVENT,2019Q2
^GSPC,2019-08-09,2019-08-09,8,0,0.020578027719432956,-0.031911978378541206,B1,2019Q3
^GSPC,2019-09-06,2019-09-06,1,0,-0.008963595489999143,-0.04121583542581975,B1,2019Q3
^GSPC,2019-10-04,2019-10-04,3,0,0.03892259916587215,-0.020104978458715395,B1,2019Q4
^GSPC,2020-02-28,2020-05-29,20,13,-0.011582266289233534,-0.025835130118351257,EVENT,2020Q2
^GSPC,2020-09-25,2020-09-25,16,0,0.05060844564357825,0.007649018259290541,EVENT,2020Q3
^GSPC,2020-10-30,2020-11-06,4,1,0.05404856015437165,0.0007038076571657115,B1,2020Q4
^GSPC,2021-09-24,2021-09-24,45,0,0.020069649570188863,-0.03962312474444707,EVENT,2021Q3
^GSPC,2021-10-15,2021-10-15,1,0,0.04729646057610881,-0.0053450959588161595,B1,2021Q4
^GSPC,2021-12-03,2021-12-03,6,0,0.050182550172383156,-0.001615113120857492,B1,2021Q4
^GSPC,2021-12-24,2021-12-24,2,0,-0.06937466433047224,-0.06992485755419942,B1,2021Q4
^GSPC,2022-01-21,2022-03-25,3,9,-0.059713116256154386,-0.060628725540447514,B1,2022Q1
^GSPC,2022-04-08,2022-07-29,1,16,-0.01758475222471556,-0.01758475222471556,B1,2022Q3
^GSPC,2022-09-02,2022-09-09,4,1,-0.10515424846009047,-0.11880684568047106,B1,2022Q3
^GSPC,2022-11-04,2022-11-11,1,1,-0.014663430070276151,-0.02163571463990832,B1,2022Q4
^GSPC,2022-12-09,2022-12-09,3,0,-0.009988818024203261,-0.04318085635815083,B1,2022Q4
^GSPC,2023-03-03,2023-03-03,8,0,0.015737971669804285,-0.05852715304459777,B1,2023Q1
^GSPC,2023-09-22,2023-11-10,25,7,0.042835694723929896,-0.004851471045557276,EVENT,2023Q4
^GSPC,2024-04-19,2024-04-19,22,0,0.06765139532170172,0.0004368474750580109,EVENT,2024Q2
^GSPC,2024-08-02,2024-08-02,14,0,0.05645496177768372,-0.042513371303741554,B1,2024Q3
^GSPC,2024-08-16,2024-08-16,1,0,0.012921640101048792,-0.027299794357924068,B1,2024Q3
^GSPC,2024-09-06,2024-09-06,2,0,0.06335489982163955,-0.0002699422305569854,B1,2024Q3
^GSPC,2025-01-10,2025-01-17,17,1,0.01967257164632663,-0.01212841457973024,EVENT,2025Q1
^GSPC,2025-02-07,2025-02-07,2,0,-0.04244780179087526,-0.05969146668386649,B1,2025Q1
^GSPC,2025-02-28,2025-05-16,2,11,0.003120031350279495,-0.03205061280388821,B1,2025Q2
^GSPC,2025-11-21,2025-11-21,26,0,0.035061352115858924,0.004196577604074436,EVENT,2025Q4
^GSPC,2026-02-06,2026-02-06,10,0,-0.02773679595135714,-0.03200667730245432,B1,2026Q1
^GSPC,2026-02-20,2026-02-20,1,0,-0.05832972219843069,-0.06309995367005783,B1,2026Q1
^GSPC,2026-03-06,2026-04-10,1,5,0.085382047735723,-0.003941697262035304,B1,2026Q2
^HSI,1987-10-23,1988-03-04,23,19,0.028959755898863904,-0.0022649465041301164,EVENT,1988Q1
^HSI,1988-06-03,1988-06-03,12,0,0.045282890089571426,0.007281061720342041,B1,1988Q2
^HSI,1988-08-12,1988-10-14,9,9,-0.0035865980825781074,-0.011762437331276465,B1,1988Q4
^HSI,1988-11-04,1988-11-11,1,1,0.033943551042797226,-0.017687793488228798,B1,1988Q4
^HSI,1989-05-26,1989-09-15,27,16,0.06487293203933575,0.005932333018346281,EVENT,1989Q3
^HSI,1990-01-19,1990-01-19,17,0,0.05871123334410577,-0.02856321270519646,EVENT,1990Q1
^HSI,1990-05-18,1990-05-18,14,0,0.09435897435897433,0.0,B1,1990Q2
^HSI,1990-08-10,1990-12-07,11,17,-0.03699019917799562,-0.05469490989566872,B1,1990Q4
^HSI,1991-01-04,1991-01-04,3,0,0.05810899540380832,-0.024950755088640864,B1,1991Q1
^HSI,1991-01-18,1991-01-18,1,0,0.11067708333333326,-0.00813802083333337,B1,1991Q1
^HSI,1991-05-31,1991-05-31,18,0,-0.010520636633396308,-0.04262206636093879,EVENT,1991Q2
^HSI,1991-06-14,1991-07-05,1,3,0.04290853031860231,-0.01336073997944498,B1,1991Q3
^HSI,1991-08-23,1991-08-23,6,0,-0.027605073364834642,-0.04053717980601845,B1,1991Q3
^HSI,1991-09-20,1991-09-20,3,0,0.027084374000958977,-0.0033248081841432686,B1,1991Q3
^HSI,1992-08-21,1992-10-16,47,8,0.06370613092265276,0.004611314145806844,EVENT,1992Q4
^HSI,1992-11-20,1992-11-20,4,0,-0.11661732796148105,-0.158279806694392,B1,1992Q4
^HSI,1992-12-04,1993-01-15,1,6,-0.002316088733839927,-0.03584931486117027,B1,1993Q1
^HSI,1993-01-29,1993-02-12,1,2,0.05329276853342435,0.0028165647212266,B1,1993Q1
^HSI,1993-03-19,1993-03-19,4,0,0.10001156483066032,-0.011858763422862628,B1,1993Q1
^HSI,1993-07-23,1993-07-30,17,1,0.06209758191443693,0.0,EVENT,1993Q3
^HSI,1994-02-25,1994-07-22,29,21,0.02746644713481916,-0.003933136676499527,EVENT,1994Q3
^HSI,1994-08-26,1994-08-26,4,0,0.024832207373586934,0.005415453898821365,B1,1994Q3
^HSI,1994-10-07,1994-10-14,5,1,-0.01916049717989199,-0.03587102492177496,B1,1994Q4
^HSI,1994-11-11,1995-03-17,2,18,0.014915556700798582,-0.020211606272325988,B1,1995Q1
^HSI,1995-05-05,1995-05-05,6,0,0.14732003207154842,-0.0018723249048044899,B1,1995Q2
^HSI,1995-08-11,1995-09-01,13,3,0.04890989014163005,-0.0034252161148262683,B1,1995Q3
^HSI,1995-11-10,1995-12-01,9,3,0.021373754344607088,-0.021789327618878973,B1,1995Q4
^HSI,1996-03-15,1996-03-15,14,0,0.027676764238438345,-0.006923885360275328,B1,1996Q1
^HSI,1996-04-19,1996-04-19,4,0,-0.00014785870268518853,-0.025955521069233267,B1,1996Q2
^HSI,1996-05-31,1996-05-31,1,0,-0.021642813431373087,-0.04132378065363029,B1,1996Q2
^HSI,1996-06-14,1996-06-28,1,2,-0.02860934860805131,-0.04143042489758009,B1,1996Q2
^HSI,1996-07-12,1996-08-02,1,3,0.017971173143586983,0.006860079849708045,B1,1996Q3
^HSI,1996-09-06,1996-09-06,4,0,0.07980521892676262,0.0023491140203364402,B1,1996Q3
^HSI,1997-02-14,1997-02-14,22,0,-0.028734171436605838,-0.03684043044621843,EVENT,1997Q1
^HSI,1997-03-14,1997-05-02,3,7,0.1281255176582925,0.011993809040106385,B1,1997Q2
^HSI,1997-08-29,1997-10-03,16,5,-0.29773930429088447,-0.4198902438772475,EVENT,1997Q4
^HSI,1998-05-01,1998-05-01,10,0,-0.15421899994897015,-0.1635130802698811,B1,1998Q2
^HSI,1999-01-29,1999-03-05,16,5,0.081227477272374,-0.0004540900381780899,EVENT,1999Q1
^HSI,1999-07-30,1999-07-30,20,0,0.014883719552451602,-0.057942532017066894,EVENT,1999Q3
^HSI,1999-08-13,1999-08-20,1,1,-0.006036851093933593,-0.036264439789921665,B1,1999Q3
^HSI,1999-09-03,1999-09-03,1,0,-0.03377286999996809,-0.039871536658137585,B1,1999Q3
^HSI,1999-09-17,1999-09-17,1,0,-0.08793280301171547,-0.08905255004245216,B1,1999Q3
^HSI,2000-04-07,2000-04-07,22,0,-0.09875290230501232,-0.13678393477624295,EVENT,2000Q2
^HSI,2000-06-23,2000-07-07,1,2,0.03539748448985369,-0.005940623933786249,B1,2000Q3
^HSI,2000-09-15,2001-01-19,9,18,-0.01903155530889855,-0.02440948139413235,B1,2001Q1
^HSI,2001-02-23,2001-02-23,4,0,-0.17651180942288225,-0.18870970205517335,B1,2001Q1
^HSI,2002-01-25,2002-01-25,10,0,-0.010026912904315677,-0.035192731077365536,B1,2002Q1
^HSI,2002-02-22,2002-03-08,1,2,-0.035774246124518294,-0.04612926490772529,B1,2002Q1
^HSI,2002-03-22,2002-04-19,1,4,0.0642036195764848,-0.013326237485931536,B1,2002Q2
^HSI,2002-06-14,2002-11-15,7,22,-0.013908936328759003,-0.01722239786760127,B1,2002Q4
^HSI,2002-12-13,2003-01-10,3,4,-0.05868948255799,-0.06674176599547399,B1,2003Q1
^HSI,2003-01-24,2003-05-16,1,16,0.08384965294215196,-0.013143865551705547,B1,2003Q2
^HSI,2004-03-12,2004-03-12,42,0,-0.0017677036933219092,-0.0411283158508704,EVENT,2004Q1
^HSI,2004-07-30,2004-07-30,1,0,0.04742508683748148,-0.008683628446577663,B1,2004Q3
^HSI,2004-08-20,2004-08-20,2,0,0.06851709798984462,0.0007150101475894566,B1,2004Q3
^HSI,2005-01-07,2005-01-07,19,0,0.0007594605060754489,-0.018735373443140135,EVENT,2005Q1
^HSI,2005-02-04,2005-02-11,1,1,0.003271776370660673,-0.011067769084686208,B1,2005Q1
^HSI,2005-03-04,2005-03-11,2,1,-0.016140745506707077,-0.038425057043180666,B1,2005Q1
^HSI,2005-05-20,2005-06-03,3,2,0.027688298585740734,-0.005266184469600255,B1,2005Q2
^HSI,2005-06-17,2005-06-17,1,0,0.04257177090505704,-0.0015274549855295305,B1,2005Q2
^HSI,2005-10-14,2005-11-18,16,5,0.00984251193528829,-0.005130599218399423,EVENT,2005Q4
^HSI,2005-12-02,2005-12-02,1,0,-0.021311980214310244,-0.025574376257172293,B1,2005Q4
^HSI,2005-12-30,2006-01-06,2,1,0.005558367504720829,0.002086082302686698,B1,2006Q1
^HSI,2006-05-26,2006-06-30,19,5,0.04225688455720755,-0.01960092190901419,EVENT,2006Q2
^HSI,2006-07-14,2006-07-21,1,1,0.05263059245568624,-0.0066653340704132535,B1,2006Q3
^HSI,2007-03-02,2007-03-23,31,3,0.044379483452336554,-0.011854741896758725,EVENT,2007Q1
^HSI,2007-04-06,2007-04-06,1,0,0.031240879326654092,-0.00393877788485808,B1,2007Q2
^HSI,2007-06-01,2007-06-01,7,0,0.056781476411858156,-0.008219709993744218,B1,2007Q2
^HSI,2007-08-17,2007-08-24,10,1,0.1274715388742067,-0.0102544238211153,B1,2007Q3
^HSI,2007-12-21,2007-12-21,16,0,-0.08777854310606104,-0.13281649048288002,EVENT,2007Q4
^HSI,2008-01-04,2008-01-04,1,0,-0.12340652974244792,-0.21112369758555682,B1,2008Q1
^HSI,2008-05-30,2008-05-30,5,0,-0.1015268183785678,-0.11247853169149458,B1,2008Q2
^HSI,2008-06-13,2009-03-27,1,41,0.08069333966323167,-0.050122876938808014,B1,2009Q1
^HSI,2009-11-27,2009-11-27,34,0,0.018098369963803318,-0.009545078840284882,EVENT,2009Q4
^HSI,2009-12-18,2009-12-25,2,1,-0.036753279383743065,-0.058866971464423434,B1,2009Q4
^HSI,2010-01-15,2010-03-19,2,9,0.02313619439473724,-0.03329497909861756,B1,2010Q1
^HSI,2010-04-30,2010-06-25,4,8,0.006019152544100903,-0.044123932713114766,B1,2010Q2
^HSI,2010-08-27,2010-08-27,5,0,0.07389688998783694,-0.010926675088942628,B1,2010Q3
^HSI,2010-12-17,2010-12-17,15,0,0.06904649981603606,-0.014183659281945205,EVENT,2010Q4
^HSI,2010-12-31,2010-12-31,1,0,0.02524675368720941,0.0009581021099442921,B1,2010Q4
^HSI,2011-02-04,2011-02-04,4,0,-0.02091690909560251,-0.06116079320416934,B1,2011Q1
^HSI,2011-02-25,2011-04-01,1,5,-0.003406864259542064,-0.01401993817293834,B1,2011Q2
^HSI,2011-05-06,2012-01-13,4,36,0.08224353870360446,-0.011386437224584989,B1,2012Q1
^HSI,2012-04-13,2012-04-13,12,0,-0.03557348985727993,-0.03862747680615364,B1,2012Q2
^HSI,2012-05-11,2012-08-10,3,13,-0.016585071931821793,-0.05260845303541051,B1,2012Q3
^HSI,2012-08-31,2012-09-07,2,1,0.061115590096014305,-0.007244119713107344,B1,2012Q3
^HSI,2013-03-01,2013-03-01,24,0,-0.025375185461856242,-0.03952410792857808,EVENT,2013Q1
^HSI,2013-03-15,2013-05-10,1,8,-0.07486576109054377,-0.07782142487750687,B1,2013Q2
^HSI,2013-05-24,2013-07-26,1,9,-0.00479947639166145,-0.019607663586265534,B1,2013Q3
^HSI,2013-08-09,2013-08-16,1,1,0.017651305359932534,-0.046722563970412634,B1,2013Q3
^HSI,2013-12-20,2013-12-27,15,1,-0.03412517701929296,-0.03474212386514597,EVENT,2013Q4
^HSI,2014-04-25,2014-05-16,2,3,0.02669229796861461,-0.006909702545616514,B1,2014Q2
^HSI,2014-09-26,2014-10-31,18,5,-0.0004421744042304443,-0.03106208045620873,EVENT,2014Q4
^HSI,2014-11-21,2015-01-09,1,7,0.031749290071849456,-0.013791769977563484,B1,2015Q1
^HSI,2015-01-23,2015-01-23,1,0,-0.0007391874675303223,-0.025116654864293708,B1,2015Q1
^HSI,2015-03-13,2015-03-20,6,1,0.13447575797129563,-0.0032939579201263225,B1,2015Q1
^HSI,2015-07-03,2016-04-15,14,41,-0.07492711447729727,-0.08077609807483632,B1,2016Q2
^HSI,2016-05-06,2016-05-27,2,3,-0.015436760925596316,-0.04442244012656116,B1,2016Q2
^HSI,2016-06-17,2016-07-01,2,2,0.052754666062787337,-0.02356303825864814,B1,2016Q3
^HSI,2016-11-11,2017-01-13,18,9,0.027797402558034312,-0.01220851027921721,EVENT,2017Q1
^HSI,2017-12-08,2017-12-08,46,0,0.07593583923405456,0.00019415419252699628,EVENT,2017Q4
^HSI,2018-02-09,2018-02-16,8,1,0.012422808217888326,-0.040591107958646955,B1,2018Q1
^HSI,2018-03-09,2018-03-09,2,0,-0.03714232964462638,-0.04766780969952222,B1,2018Q1
^HSI,2018-03-23,2018-04-13,1,3,0.01018163495614366,-0.03299464919594031,B1,2018Q2
^HSI,2018-05-18,2018-05-18,1,0,-0.02378324074499283,-0.034899943572590963,B1,2018Q2
^HSI,2018-06-15,2019-01-11,1,30,0.047963319969865914,-0.017680484078899994,B1,2019Q1
^HSI,2019-05-10,2019-05-10,16,0,-0.05551480213436799,-0.06579068436308444,EVENT,2019Q2
^HSI,2019-07-12,2019-07-19,1,1,-0.10537589069985265,-0.13437917256958487,B1,2019Q3
^HSI,2019-11-15,2019-12-13,2,4,0.03432706225315463,-0.007744918871740225,B1,2019Q4
^HSI,2020-01-31,2020-02-07,6,1,-0.04589064517632613,-0.051629158492496496,B1,2020Q1
^HSI,2020-02-21,2020-06-26,1,18,0.0063274910607700185,-0.016349134558432454,B1,2020Q2
^HSI,2020-08-07,2020-08-07,5,0,0.006678323073004755,-0.010555732879497293,B1,2020Q3
^HSI,2020-09-04,2020-09-04,3,0,-0.05006584114134138,-0.06362302644638951,B1,2020Q3
^HSI,2020-10-30,2020-11-06,1,1,0.04367248077693042,0.007630739623218696,B1,2020Q4
^HSI,2021-03-26,2021-03-26,19,0,0.026196677587348116,-0.007201694594221264,EVENT,2021Q1
^HSI,2021-04-16,2021-04-16,2,0,-0.032521574931575925,-0.04328072450671139,B1,2021Q2
^HSI,2021-05-07,2021-05-28,2,3,0.0056245103676322294,-0.03118759513504099,B1,2021Q2
^HSI,2021-07-02,2022-01-21,1,29,-0.025548799196893346,-0.05991420052099916,B1,2022Q1
^HSI,2022-02-11,2022-02-11,1,0,-0.17476735405078803,-0.19382405089000254,B1,2022Q1
^HSI,2022-07-08,2022-07-08,2,0,-0.07013970927934388,-0.10173353066754742,B1,2022Q3
^HSI,2023-03-10,2023-03-31,14,3,-0.024781193728281137,-0.04309480188142378,B1,2023Q1
^HSI,2023-04-14,2023-06-16,1,9,-0.03126638233822765,-0.08785460285289393,B1,2023Q2
^HSI,2023-08-04,2024-02-23,1,29,-0.013535249029618224,-0.037676969139291194,B1,2024Q1
^HSI,2024-03-22,2024-03-29,1,1,0.06708798120060111,-0.030043958070690713,B1,2024Q1
^HSI,2024-04-19,2024-04-26,2,1,0.05426213256948431,0.0015885119031613382,B1,2024Q2
^HSI,2024-07-12,2024-07-12,10,0,-0.06576971199986847,-0.1012356010343991,B1,2024Q3
^HSI,2024-09-06,2024-09-20,1,2,0.13941612179554386,-0.0025188299843780237,B1,2024Q3
^HSI,2025-01-03,2025-01-03,14,0,0.023523962717961755,-0.05509941527635254,B1,2025Q1
^HSI,2025-02-07,2025-02-07,2,0,0.1465803578656999,0.00426196067935547,B1,2025Q1
^HSI,2025-04-11,2025-04-25,8,2,0.07372452037423738,-0.0074106068887188625,B1,2025Q2
^HSI,2025-11-21,2025-11-28,29,1,-0.001545346166604955,-0.02986793106094432,EVENT,2025Q4
^HSI,2025-12-12,2025-12-12,1,0,0.009816455736175511,-0.03427097929070699,B1,2025Q4
^HSI,2026-01-09,2026-01-09,1,0,0.012510018110778676,-0.0016784709868661318,B1,2026Q1
^HSI,2026-03-06,2026-04-17,7,6,-0.007553406581067179,-0.02105174902152729,B1,2026Q2
^HSI,2026-05-15,2026-07-31,1,11,,,B1,2026Q3
^N225,1966-06-03,1966-12-30,43,30,-0.015811556589439002,-0.02628601509313988,EVENT,1966Q4
^N225,1967-03-31,1967-03-31,10,0,-0.012599765299065036,-0.025804103970518244,B1,1967Q1
^N225,1967-04-28,1967-05-05,1,1,0.03730140634397583,0.002001756307971725,B1,1967Q2
^N225,1967-08-04,1968-02-09,12,27,-0.007003634415585602,-0.007003634415585602,B1,1968Q1
^N225,1968-11-08,1968-11-15,38,1,0.008791597527318729,-0.016811174467517676,EVENT,1968Q4
^N225,1968-11-29,1968-11-29,1,0,-0.010258104813695712,-0.01497647322173934,B1,1968Q4
^N225,1968-12-13,1969-01-10,1,4,0.05283714202405654,0.008007663518139196,B1,1969Q1
^N225,1969-06-27,1969-06-27,23,0,-0.033324447630466714,-0.03351897078815813,EVENT,1969Q2
^N225,1969-07-18,1969-07-18,2,0,-0.005199388341913691,-0.032513101103423425,B1,1969Q3
^N225,1970-05-01,1970-08-21,34,16,-0.012697054030331612,-0.015589475381028395,EVENT,1970Q3
^N225,1970-09-25,1970-11-06,4,6,-0.06875448281677843,-0.06875448281677843,B1,1970Q4
^N225,1971-08-20,1971-11-26,31,14,0.10148522462454679,0.011529809684101444,EVENT,1971Q4
^N225,1973-03-09,1973-03-09,66,0,0.007151964161465685,0.003232051043947637,EVENT,1973Q1
^N225,1973-04-06,1973-07-13,3,14,-0.0035238033528876,-0.0035238033528876,B1,1973Q3
^N225,1973-09-07,1974-01-25,7,20,-0.003021915297751754,-0.005384529417645334,B1,1974Q1
^N225,1974-03-29,1974-03-29,8,0,0.02469689739035741,-0.013992000354227874,B1,1974Q1
^N225,1974-07-05,1974-07-05,13,0,-0.049841158476159886,-0.049841158476159886,B1,1974Q3
^N225,1974-12-27,1975-01-17,1,3,0.07266463076422847,-0.021507481622686453,B1,1975Q1
^N225,1975-07-11,1975-07-11,23,0,-0.04122353316934946,-0.04775800028035271,EVENT,1975Q3
^N225,1975-12-19,1975-12-19,9,0,0.09698715919524914,0.003497367602630197,B1,1975Q4
^N225,1976-04-09,1976-04-23,15,2,0.0018345873363614373,-0.0015831496841974824,EVENT,1976Q2
^N225,1976-05-21,1976-05-28,3,1,0.02527690581653186,0.010959060845650015,B1,1976Q2
^N225,1976-07-30,1976-08-06,8,1,0.009955705730725128,-0.007539485322076822,B1,1976Q3
^N225,1976-09-10,1976-09-10,4,0,0.015098580388471783,-0.0010324258896816652,B1,1976Q3
^N225,1976-10-15,1976-12-10,4,8,0.04090412317069991,-0.007187375695923537,B1,1976Q4
^N225,1977-04-08,1977-04-15,16,1,0.00554862196611694,0.0,EVENT,1977Q2
^N225,1977-05-20,1977-07-15,4,8,0.02092166563533082,-0.035680561719889425,B1,1977Q3
^N225,1977-11-04,1978-01-13,13,10,0.02257215473617702,-0.004720750249892047,B1,1978Q1
^N225,1978-08-11,1978-09-01,29,3,0.030855846821661093,0.0019162116299875631,EVENT,1978Q3
^N225,1979-03-02,1979-03-09,25,1,0.0011666991625121081,-0.003046556217422225,EVENT,1979Q1
^N225,1979-04-06,1979-04-13,2,1,0.02590888608061448,-0.009326866850428717,B1,1979Q2
^N225,1979-06-08,1979-06-08,7,0,0.016764963621364926,-0.018031091113984266,B1,1979Q2
^N225,1979-07-13,1979-07-20,4,1,0.04412048100432697,8.25666943338188e-05,B1,1979Q3
^N225,1979-10-26,1979-11-02,13,1,0.003925267467269178,-0.01889037818527095,B1,1979Q4
^N225,1979-11-16,1979-11-16,1,0,0.019204328542265836,-0.013074734490647777,B1,1979Q4
^N225,1980-03-14,1980-03-14,15,0,0.0240482999578695,-0.017816259942119217,EVENT,1980Q1
^N225,1980-05-23,1980-05-23,7,0,-0.0038070844036965923,-0.008282282494514792,B1,1980Q2
^N225,1980-07-11,1980-07-11,6,0,-0.0024219266909140114,-0.007081630489186197,B1,1980Q3
^N225,1980-08-08,1980-08-15,3,1,0.02387370430116631,-0.00015212322238122855,B1,1980Q3
^N225,1980-12-19,1980-12-19,17,0,0.027665112142542636,-0.0052333532388954,EVENT,1980Q4
^N225,1981-01-02,1981-01-09,1,1,0.0022047039342718566,-0.004554245875653562,B1,1981Q1
^N225,1981-02-20,1981-03-20,5,4,0.030170568520034413,0.010058231116980565,B1,1981Q1
^N225,1981-05-22,1981-05-22,8,0,0.023014102102633993,-0.02732386390088226,B1,1981Q2
^N225,1981-06-12,1981-06-12,2,0,0.0364276649693438,0.004453257899796892,B1,1981Q2
^N225,1981-09-04,1981-11-20,11,11,0.0029421648165230962,-0.0164369196479337,B1,1981Q4
^N225,1982-02-26,1982-05-07,12,10,-0.029025952658515708,-0.029025952658515708,B1,1982Q2
^N225,1982-05-28,1982-10-08,2,19,0.02273837519927535,-0.022000736908678098,B1,1982Q4
^N225,1984-05-18,1984-07-06,83,7,-0.021822000120227836,-0.07250688789578563,EVENT,1984Q3
^N225,1985-08-02,1985-08-23,50,3,-0.0019272847253662961,-0.01871821522985062,EVENT,1985Q3
^N225,1985-09-06,1985-09-20,1,2,0.024178632309088677,-0.0022065449758256195,B1,1985Q3
^N225,1985-11-15,1985-11-22,6,1,0.019731425089207777,-0.0014216771826131014,B1,1985Q4
^N225,1986-09-19,1986-09-19,41,0,-0.04691481481398918,-0.04691481481398918,EVENT,1986Q3
^N225,1986-10-03,1986-11-28,1,8,0.04079135445826787,0.005969753651398957,B1,1986Q4
^N225,1987-07-10,1987-07-10,30,0,0.028957360791674436,-0.058094451617169196,EVENT,1987Q3
^N225,1987-07-24,1987-07-24,1,0,0.0675038350048558,0.006767799582095613,B1,1987Q3
^N225,1987-08-07,1987-08-07,1,0,0.0380259670630676,0.012852330658337019,B1,1987Q3
^N225,1987-09-11,1987-09-25,4,2,-0.07549606664446018,-0.12694441936698975,B1,1987Q3
^N225,1987-10-23,1988-01-29,3,14,0.06531362518962958,-0.0011409197537948224,B1,1988Q1
^N225,1988-07-22,1988-07-22,24,0,0.03387978102960476,-0.0038607222300763855,EVENT,1988Q3
^N225,1988-08-12,1988-08-12,2,0,-0.006697328429640659,-0.04067292705924319,B1,1988Q3
^N225,1988-08-26,1988-09-16,1,3,-0.020089101261481668,-0.03243407592327985,B1,1988Q3
^N225,1988-10-07,1988-10-28,1,3,0.060029924879428265,0.0009404680486575501,B1,1988Q4
^N225,1989-06-16,1989-06-16,32,0,0.01571910314715308,-0.01249343545426651,EVENT,1989Q2
^N225,1989-06-30,1989-07-07,1,1,0.03079813949952115,-0.011729423556387508,B1,1989Q3
^N225,1989-09-15,1989-09-15,9,0,0.020758768058748656,-0.0009801426861564266,B1,1989Q3
^N225,1990-02-23,1990-06-08,22,15,-0.01661458852546005,-0.05779809388320212,EVENT,1990Q2
^N225,1990-07-27,1990-12-14,3,20,-0.04552374663750791,-0.06928313787244089,B1,1990Q4
^N225,1990-12-28,1991-01-04,1,1,-0.03791074231017044,-0.08183328978481619,B1,1991Q1
^N225,1991-01-25,1991-01-25,1,0,0.09882220512127082,-0.030271583654141843,B1,1991Q1
^N225,1991-05-17,1991-05-17,14,0,-0.02365770214477214,-0.053209597129594055,B1,1991Q2
^N225,1991-06-07,1991-09-27,1,16,0.03908968186989825,-0.0045391399166697655,B1,1991Q3
^N225,1991-11-22,1992-08-28,7,40,0.023592214100921494,-0.031960720979054114,B1,1992Q3
^N225,1992-10-09,1992-10-09,5,0,-0.011135475242332049,-0.025969227922904792,B1,1992Q4
^N225,1992-10-23,1992-10-23,1,0,-0.004910182141354635,-0.0686847012466687,B1,1992Q4
^N225,1993-01-01,1993-02-05,6,5,-0.02972388695856476,-0.03527510734474104,B1,1993Q1
^N225,1993-06-25,1993-06-25,15,0,0.003814935871325309,-0.01147431375860597,EVENT,1993Q2
^N225,1993-07-09,1993-07-09,1,0,0.024175649469835747,-0.008523247596790684,B1,1993Q3
^N225,1993-07-23,1993-07-30,1,1,0.0201931414543417,-0.0073022220620717615,B1,1993Q3
^N225,1993-08-27,1993-08-27,3,0,-0.02328577574788593,-0.03268472402008771,B1,1993Q3
^N225,1993-09-17,1993-10-08,2,3,-0.08774774139283392,-0.09364172275966032,B1,1993Q4
^N225,1994-01-28,1994-02-04,1,1,-0.01652246628258558,-0.07548479305837064,B1,1994Q1
^N225,1994-07-01,1994-07-01,20,0,-0.004576627275359901,-0.026758504713627618,EVENT,1994Q3
^N225,1994-07-15,1994-07-15,1,0,-0.005118899502431606,-0.03738303080489325,B1,1994Q3
^N225,1994-07-29,1994-07-29,1,0,0.0010806976980517469,-0.008706421569713685,B1,1994Q3
^N225,1994-08-19,1994-08-19,2,0,-0.03492662986400763,-0.034975380152272306,B1,1994Q3
^N225,1994-09-09,1994-12-30,1,16,-0.08207199555327005,-0.10263673541253415,B1,1994Q4
^N225,1995-07-14,1995-07-14,1,0,0.01662705085997951,-0.02235776443403159,B1,1995Q3
^N225,1996-03-15,1996-03-15,34,0,0.07278649101856649,0.0016289866764560568,EVENT,1996Q1
^N225,1996-07-12,1996-07-12,16,0,-0.05104245974649224,-0.05557136830090492,EVENT,1996Q3
^N225,1996-10-04,1996-10-18,1,2,-0.03158249181374395,-0.056643722677461095,B1,1996Q4
^N225,1996-11-15,1996-11-22,1,1,-0.07190990631381966,-0.07825228250054683,B1,1996Q4
^N225,1996-12-06,1997-04-25,1,20,0.07500946506237716,-0.00364310460761752,B1,1997Q2
^N225,1997-08-08,1998-01-23,14,24,-0.0019577655902309754,-0.017124777687917092,B1,1998Q1
^N225,1998-02-27,1998-02-27,4,0,-0.005490254780359027,-0.02148572462973508,B1,1998Q1
^N225,1998-04-03,1998-04-10,4,1,-0.08082698324420234,-0.08865109968995066,B1,1998Q2
^N225,1998-07-17,1998-07-17,2,0,-0.08731331118795682,-0.09180793940387577,B1,1998Q3
^N225,1998-08-07,1998-08-07,2,0,-0.11284607938641755,-0.13673677761895042,B1,1998Q3
^N225,1998-12-18,1999-01-22,4,5,-0.003981825439940856,-0.027210646865698407,B1,1999Q1
^N225,1999-02-05,1999-02-19,1,2,0.1617771142694715,-0.012553551292209919,B1,1999Q1
^N225,1999-03-05,1999-03-05,1,0,0.09374180406119903,-0.0077178860824829165,B1,1999Q1
^N225,1999-08-13,1999-08-13,22,0,0.01582144657098561,-0.0005551817127893433,EVENT,1999Q3
^N225,1999-09-17,1999-09-17,4,0,0.014951951979684797,-0.03980046945448723,B1,1999Q3
^N225,1999-10-15,1999-10-15,2,0,0.03732510549262957,-0.024037605842163412,B1,1999Q4
^N225,2000-03-17,2000-03-17,20,0,0.04438031071408188,-0.005683794179171864,EVENT,2000Q1
^N225,2000-04-21,2001-04-20,4,52,0.008143418374202183,-0.026326389684029117,B1,2001Q2
^N225,2001-06-01,2001-06-08,5,1,-0.08370225292845801,-0.08492857140260224,B1,2001Q2
^N225,2001-12-14,2001-12-28,1,2,-0.03779710018199012,-0.05025508902063547,B1,2001Q4
^N225,2002-01-11,2002-03-01,1,7,0.019694823315528964,0.01196451642272467,B1,2002Q1
^N225,2002-06-14,2003-02-14,14,35,-0.08035352965165954,-0.09647178480503249,B1,2003Q1
^N225,2003-11-14,2003-12-05,24,3,0.02922647685937574,-0.04959386384820108,EVENT,2003Q4
^N225,2004-02-06,2004-02-13,5,1,0.0573098419907363,-0.0026928866925814976,B1,2004Q1
^N225,2004-05-14,2004-05-28,12,2,0.0416311199378292,-0.030594508246265417,B1,2004Q2
^N225,2004-06-18,2004-06-18,1,0,0.004737264322944634,-0.012194590420625873,B1,2004Q2
^N225,2004-07-09,2004-10-08,2,13,-0.025338903815902203,-0.06820823811661836,B1,2004Q4
^N225,2004-11-26,2004-12-03,1,1,0.03737013463117367,-0.031107286533875733,B1,2004Q4
^N225,2005-04-15,2005-06-17,17,9,0.02124793910147149,-0.011728303283519481,EVENT,2005Q2
^N225,2005-07-01,2005-07-01,1,0,0.02316996708357788,-0.0056998537187848974,B1,2005Q3
^N225,2006-05-12,2006-05-12,44,0,-0.11149042641913731,-0.13326702439532845,EVENT,2006Q2
^N225,2006-09-01,2006-09-01,2,0,-0.0004134014208903025,-0.038451113799060965,B1,2006Q3
^N225,2006-09-22,2006-09-22,2,0,0.06504524512392384,-0.007726405820597804,B1,2006Q3
^N225,2006-11-24,2006-12-01,8,1,0.0553891664721633,-0.008323868431411419,B1,2006Q4
^N225,2007-03-09,2007-03-09,13,0,0.018686757423883593,-0.03118085732479381,B1,2007Q1
^N225,2007-03-30,2007-03-30,1,0,0.0065225616597468505,-0.016693975343896716,B1,2007Q1
^N225,2007-04-20,2007-04-20,2,0,-0.0030390316818716956,-0.014300996414287281,B1,2007Q2
^N225,2007-05-04,2007-05-04,1,0,0.032421013723138215,-0.004260403343783303,B1,2007Q2
^N225,2007-05-18,2007-05-18,1,0,0.032869193031216604,-0.0016897184008459742,B1,2007Q2
^N225,2007-07-27,2007-10-12,9,11,-0.10084431737029076,-0.10184250761165836,B1,2007Q4
^N225,2008-06-27,2009-03-27,9,39,0.009391537281397522,-0.06286675699175137,B1,2009Q1
^N225,2009-07-17,2009-07-17,15,0,0.12793707139774546,0.012091084241573125,EVENT,2009Q3
^N225,2009-10-02,2009-10-16,10,2,-0.04750155206606865,-0.05516605940683417,B1,2009Q4
^N225,2009-10-30,2009-12-11,1,6,0.06830817841025216,-0.009722177538213472,B1,2009Q4
^N225,2010-02-05,2010-03-05,7,4,0.08844955388655773,0.014014936218044838,B1,2010Q1
^N225,2010-05-07,2010-09-17,8,19,-0.013072789241802552,-0.030531546955519295,B1,2010Q3
^N225,2010-10-15,2010-10-15,1,0,0.0236372274742771,-0.039644207553748534,B1,2010Q4
^N225,2011-03-18,2011-07-01,19,15,-0.003550850161466168,-0.0044315116699772394,EVENT,2011Q3
^N225,2011-08-05,2012-01-20,4,24,0.07047503702062419,-0.002489096001638935,B1,2012Q1
^N225,2012-05-11,2012-08-17,15,14,-0.0003394653819918103,-0.05636777370395629,EVENT,2012Q3
^N225,2012-08-31,2012-09-07,1,1,-0.0009412663450223402,-0.01601627815075457,B1,2012Q3
^N225,2012-10-05,2012-10-05,3,0,0.021202027012063418,-0.04232736842000884,B1,2012Q4
^N225,2012-11-02,2012-11-02,2,0,0.0436173301487659,-0.04770291124221537,B1,2012Q4
^N225,2013-06-07,2013-06-07,29,0,0.11123557256003469,-0.03585164657036832,EVENT,2013Q2
^N225,2013-06-28,2013-06-28,1,0,0.03309567560805782,-0.008380305101339691,B1,2013Q2
^N225,2013-08-02,2013-08-02,4,0,-0.07447033580794837,-0.08834552459038969,B1,2013Q3
^N225,2013-10-04,2013-10-04,3,0,0.012639534324223378,-0.01963512993237959,B1,2013Q4
^N225,2013-11-08,2013-11-15,4,1,0.015639699464941925,-0.00959980301227914,B1,2013Q4
^N225,2014-01-31,2014-03-07,10,5,-0.013768483249543162,-0.07010969110742726,B1,2014Q1
^N225,2014-08-08,2014-08-15,9,1,0.04112392085161409,-0.0009759670737817805,B1,2014Q3
^N225,2014-10-10,2014-10-31,7,3,0.06373249387631486,0.018253549416963333,B1,2014Q4
^N225,2015-01-16,2015-01-16,10,0,0.06221473284343526,0.0028118756840331827,B1,2015Q1
^N225,2015-07-10,2015-07-17,24,1,-0.006366336396749883,-0.028100480920237425,EVENT,2015Q3
^N225,2015-08-21,2015-11-13,4,12,-0.018698339920854123,-0.02940056119338008,B1,2015Q4
^N225,2015-12-11,2015-12-11,3,0,-0.07969221225337464,-0.08948501554843658,B1,2015Q4
^N225,2016-01-08,2016-04-22,1,15,-0.04758236390220638,-0.09088185490571143,B1,2016Q2
^N225,2016-05-27,2016-05-27,1,0,-0.11184070237525923,-0.11706853741508438,B1,2016Q2
^N225,2016-06-10,2016-06-10,1,0,-0.09001545430673508,-0.10465104514219936,B1,2016Q2
^N225,2016-07-29,2016-07-29,2,0,-0.012587131250363925,-0.039122394078080824,B1,2016Q3
^N225,2016-08-26,2016-09-02,2,1,-0.028113485102841618,-0.03782829068441218,B1,2016Q3
^N225,2016-09-30,2016-09-30,3,0,0.06058237174136627,0.006382447207526454,B1,2016Q3
^N225,2016-11-11,2016-11-11,5,0,0.09332948286692333,0.004661365043550525,B1,2016Q4
^N225,2017-03-24,2017-03-24,18,0,-0.033317498807340806,-0.05387919693097487,EVENT,2017Q1
^N225,2017-05-05,2017-05-05,1,0,0.037621690528854446,0.0002073080507238867,B1,2017Q2
^N225,2017-08-18,2017-09-15,14,4,0.06256710050478409,0.010673296667420118,B1,2017Q3
^N225,2018-02-09,2018-04-27,20,11,-0.0007602001782233136,-0.00666368266002082,EVENT,2018Q2
^N225,2018-06-01,2018-06-01,4,0,0.00600595627221967,-0.005996442304702199,B1,2018Q2
^N225,2018-06-29,2018-06-29,3,0,0.018303035514556143,-0.03773051081230161,B1,2018Q2
^N225,2018-08-10,2018-08-24,4,2,0.056108888045097505,-0.01897502494360148,B1,2018Q3
^N225,2018-09-07,2018-09-14,1,1,-0.017320436575978704,-0.03339472860984649,B1,2018Q3
^N225,2018-10-12,2019-02-22,3,19,0.009420082898042192,-0.02275370672426935,B1,2019Q1
^N225,2019-03-08,2019-03-15,1,1,0.019566168480178447,-0.02514023018646827,B1,2019Q1
^N225,2019-03-29,2019-03-29,1,0,0.04965242519485602,0.012511127229187569,B1,2019Q1
^N225,2019-05-17,2019-05-17,5,0,-0.006268172027949159,-0.045197419202087974,B1,2019Q2
^N225,2019-07-19,2019-07-19,2,0,-0.04882751033358901,-0.06317748570911785,B1,2019Q3
^N225,2019-08-02,2019-09-13,1,6,-0.008614582123083303,-0.03239357527320119,B1,2019Q3
^N225,2020-01-31,2020-01-31,19,0,-0.08886889814134302,-0.09863225916358254,EVENT,2020Q1
^N225,2020-02-21,2020-02-21,2,0,-0.2922130270299568,-0.3005356768087152,B1,2020Q1
^N225,2021-04-23,2021-04-23,47,0,-0.024217281307755023,-0.05635995890046708,EVENT,2021Q2
^N225,2021-05-14,2021-05-28,2,2,-0.002855305417977849,-0.04643492866560739,B1,2021Q2
^N225,2021-10-08,2021-10-15,5,1,0.018622818748115,-0.020505956438356177,B1,2021Q4
^N225,2021-10-29,2021-10-29,1,0,-0.004882560785103407,-0.009936080148950976,B1,2021Q4
^N225,2021-11-26,2021-11-26,3,0,0.0010771811832064326,-0.0404502355132309,B1,2021Q4
^N225,2022-04-01,2022-06-03,1,9,-0.06577261845497417,-0.08073534092344947,B1,2022Q2
^N225,2022-06-17,2022-07-22,1,5,0.036384821315748495,-0.01395576053297487,B1,2022Q3
^N225,2022-09-09,2022-09-09,6,0,-0.03893852063193892,-0.091894809009472,B1,2022Q3
^N225,2022-09-23,2022-11-11,1,7,-0.012827839613548497,-0.030000107802197862,B1,2022Q4
^N225,2022-12-02,2022-12-02,2,0,-0.0606021465608374,-0.06566300703438299,B1,2022Q4
^N225,2022-12-16,2023-01-27,1,6,0.0025899667693090045,-0.0122881301832235,B1,2023Q1
^N225,2023-02-24,2023-02-24,3,0,-0.0024853121566013048,-0.02988912636447083,B1,2023Q1
^N225,2023-03-17,2023-03-24,2,1,0.043056723624031124,-0.0009322280013875917,B1,2023Q1
^N225,2023-09-22,2023-09-22,25,0,-0.035276720951867846,-0.059092525066555046,EVENT,2023Q3
^N225,2023-12-08,2023-12-15,4,1,0.07905717472066986,-0.013021326678720468,B1,2023Q4
^N225,2024-04-19,2024-04-19,17,0,0.046374528979298946,-0.00042415310061716394,EVENT,2024Q2
^N225,2024-05-17,2024-05-17,3,0,0.0007007353491375046,-0.03017422004922876,B1,2024Q2
^N225,2024-05-31,2024-05-31,1,0,0.028455169857570795,-0.013970604802524211,B1,2024Q2
^N225,2024-06-14,2024-06-14,1,0,0.06121726434195773,-0.022268947691683416,B1,2024Q2
^N225,2024-07-26,2024-08-30,4,5,0.030578975328447333,-0.0879709402552542,B1,2024Q3
^N225,2024-10-04,2024-10-04,1,0,-0.015062504556038858,-0.023900992435433643,B1,2024Q4
^N225,2024-10-25,2024-11-08,2,2,-0.010359376568356948,-0.04300592508278456,B1,2024Q4
^N225,2024-11-22,2024-11-22,1,0,0.010919666071673051,-0.012596184789890774,B1,2024Q4
^N225,2024-12-06,2024-12-06,1,0,0.02055111548123678,-0.0188188869369883,B1,2024Q4
^N225,2025-01-17,2025-01-24,5,1,-0.028925163464003756,-0.0383191651976158,B1,2025Q1
^N225,2025-02-07,2025-02-14,1,1,-0.05354683686923123,-0.08077514299677502,B1,2025Q1
^N225,2025-05-23,2025-05-30,1,1,0.05757096412350737,-0.016973030124499577,B1,2025Q2
^N225,2026-03-13,2026-03-13,40,0,0.05768343613140536,-0.060585709495406426,EVENT,2026Q1
^N225,2026-03-27,2026-03-27,1,0,0.11884475331587652,-0.052726218292728055,B1,2026Q1
^N225,2026-04-10,2026-04-10,1,0,0.10170627395081655,-0.01214473327014609,B1,2026Q2
^N225,2026-07-31,2026-07-31,15,0,,,EVENT,2026Q3
^RUT,1988-05-27,1988-05-27,15,0,0.06524376920963859,-7.13434727475093e-05,EVENT,1988Q2
^RUT,1988-08-19,1988-09-09,11,3,0.009305239528172526,-0.003599801634700084,B1,1988Q3
^RUT,1988-09-30,1988-09-30,2,0,-0.012878115340441254,-0.01730499627357618,B1,1988Q3
^RUT,1988-10-14,1988-10-14,1,0,-0.030566794012006238,-0.031039075164981833,B1,1988Q4
^RUT,1988-10-28,1988-12-30,1,9,0.03766033273831959,-0.007057021921632156,B1,1988Q4
^RUT,1989-10-13,1990-03-16,40,22,-0.009926343195714948,-0.016807804961814887,EVENT,1990Q1
^RUT,1990-04-06,1990-05-11,1,5,0.03561793607472685,6.136443063153862e-05,B1,1990Q2
^RUT,1990-07-27,1990-12-21,10,21,-0.007718836213320257,-0.04837607310038283,B1,1990Q4
^RUT,1991-01-11,1991-01-18,2,1,0.20787127429460406,-0.0063154042556792245,B1,1991Q1
^RUT,1991-06-28,1991-07-19,22,3,0.0070573335753036925,-0.017527615346103587,EVENT,1991Q3
^RUT,1991-08-09,1991-08-09,1,0,0.023828695185188487,-0.03940688635143108,B1,1991Q3
^RUT,1991-08-23,1991-08-23,1,0,0.01776283698295278,-0.00522111907769407,B1,1991Q3
^RUT,1991-11-22,1991-12-27,12,5,0.11501928531087047,0.0,B1,1991Q4
^RUT,1992-04-10,1992-09-18,14,23,-0.010177202800863205,-0.052539200511059314,B1,1992Q3
^RUT,1993-04-09,1993-04-16,25,1,0.013589997555112587,-0.026868061204314952,EVENT,1993Q2
^RUT,1993-06-18,1993-06-18,6,0,0.031176313232245567,-0.007422919031211395,B1,1993Q2
^RUT,1993-11-26,1993-11-26,22,0,0.00467724747664211,-0.003317955596709332,EVENT,1993Q4
^RUT,1993-12-17,1993-12-17,2,0,0.035758132858956904,-0.010545108670403702,B1,1993Q4
^RUT,1993-12-31,1993-12-31,1,0,0.02490429843616737,-0.009899832146827103,B1,1993Q4
^RUT,1994-04-01,1994-08-19,12,20,0.040450182245024946,-0.0016820784366162744,B1,1994Q3
^RUT,1994-10-07,1994-10-07,6,0,0.00813686423159421,-0.0032707403065670437,B1,1994Q4
^RUT,1994-11-11,1994-12-30,4,7,-0.007549126797574912,-0.014978431022758754,B1,1994Q4
^RUT,1995-10-13,1995-10-13,36,0,0.00744860444746176,-0.034528395480808216,EVENT,1995Q4
^RUT,1995-10-27,1995-11-03,1,1,0.022953140768586566,-0.008388680185082875,B1,1995Q4
^RUT,1995-11-17,1995-11-17,1,0,0.021656191315004847,-0.011815417262901473,B1,1995Q4
^RUT,1995-12-22,1995-12-22,3,0,-0.022509682156357735,-0.04117698905604117,B1,1995Q4
^RUT,1996-01-12,1996-01-26,2,2,0.04671938978179857,-0.00019278182108606323,B1,1996Q1
^RUT,1996-06-28,1996-06-28,21,0,-0.09243812752493552,-0.1257031783502951,EVENT,1996Q2
^RUT,1997-03-21,1997-05-09,27,7,0.07116374374726164,0.0,EVENT,1997Q2
^RUT,1997-10-31,1997-10-31,24,0,-0.00770898828095723,-0.03330568911994758,EVENT,1997Q4
^RUT,1997-11-14,1997-11-21,1,1,-0.03452474298383301,-0.051419367302299346,B1,1997Q4
^RUT,1997-12-12,1998-01-02,1,3,-0.014821775367772294,-0.07252818761781321,B1,1998Q1
^RUT,1998-05-29,1998-11-06,16,23,-0.004871133521567872,-0.03669564891246835,EVENT,1998Q4
^RUT,1999-02-19,1999-04-09,13,7,0.07453309291823129,-0.013502145238592944,B1,1999Q2
^RUT,1999-08-06,1999-11-05,16,13,0.0501118481197107,-0.0024185875440465576,EVENT,1999Q4
^RUT,2000-04-07,2000-04-07,21,0,-0.05552581800981704,-0.1867990101106657,EVENT,2000Q2
^RUT,2000-07-28,2000-08-11,3,2,0.04983640766825115,-0.0012345902733806868,B1,2000Q3
^RUT,2000-09-22,2000-09-22,5,0,-0.0604641198765179,-0.12179561610837775,B1,2000Q3
^RUT,2000-10-06,2001-01-26,1,16,-0.04257235257190828,-0.06739790215208041,B1,2001Q1
^RUT,2001-02-23,2001-04-27,3,9,0.0509328963247937,-0.007231853195801552,B1,2001Q2
^RUT,2001-07-13,2001-07-13,10,0,-0.03095515213856581,-0.04322306825704769,B1,2001Q3
^RUT,2001-07-27,2001-07-27,1,0,-0.008659640259921386,-0.03197874157920988,B1,2001Q3
^RUT,2001-08-10,2001-11-23,1,15,0.05584393097177265,-0.0102962372550236,B1,2001Q4
^RUT,2002-02-08,2002-02-08,10,0,0.0710994744060609,-0.02061419280854493,B1,2002Q1
^RUT,2002-02-22,2002-02-22,1,0,0.08024599896032725,-0.0010966300935194573,B1,2002Q1
^RUT,2002-05-17,2002-05-17,11,0,-0.09798796494274187,-0.12237198585400477,B1,2002Q2
^RUT,2002-05-31,2002-11-15,1,24,0.005337887352088622,-0.017516608443243764,B1,2002Q4
^RUT,2002-12-20,2002-12-20,4,0,0.0031534357043669914,-0.01863624732237601,B1,2002Q4
^RUT,2003-01-03,2003-01-03,1,0,-0.04647583778106068,-0.060772210215143785,B1,2003Q1
^RUT,2003-01-24,2003-04-18,2,12,0.08076619559150244,-0.0021110178077261565,B1,2003Q2
^RUT,2004-03-19,2004-03-19,47,0,0.022129174578473076,-0.02559832077924462,EVENT,2004Q1
^RUT,2004-04-16,2004-04-16,3,0,-0.06789856468981681,-0.08546888898793403,B1,2004Q2
^RUT,2004-04-30,2004-06-25,1,8,-0.08247410367792629,-0.08278036992268156,B1,2004Q2
^RUT,2004-07-09,2004-09-10,1,9,0.0100718561527533,-0.02026633738174577,B1,2004Q3
^RUT,2004-10-01,2004-10-01,2,0,-0.0021196369543997617,-0.03794679092577968,B1,2004Q4
^RUT,2005-01-28,2005-01-28,16,0,0.04001636100632133,0.0,EVENT,2005Q1
^RUT,2005-02-25,2005-02-25,3,0,-0.03491601766614083,-0.039951109073829594,B1,2005Q1
^RUT,2005-03-11,2005-05-27,1,11,0.021899737714065726,-0.001977681455662239,B1,2005Q2
^RUT,2005-09-23,2005-09-23,16,0,-0.034677998263720866,-0.0620938132649822,EVENT,2005Q3
^RUT,2005-10-07,2005-11-04,1,4,0.04924339902476915,-0.012519737709065337,B1,2005Q4
^RUT,2005-11-18,2005-11-18,1,0,0.016170385626856465,-0.004700802240710011,B1,2005Q4
^RUT,2006-01-06,2006-01-06,6,0,0.03550230277046307,-0.0011581485889542442,B1,2006Q1
^RUT,2006-05-19,2006-09-01,18,15,0.005585161747478695,-0.029269908515781373,EVENT,2006Q3
^RUT,2007-03-02,2007-03-23,24,3,0.023903318492058956,-0.02234688470462065,EVENT,2007Q1
^RUT,2007-06-29,2007-06-29,13,0,-0.06701450677598575,-0.06790210450123468,B1,2007Q2
^RUT,2007-07-27,2007-10-05,3,10,-0.05574753256525511,-0.0677374066589349,B1,2007Q4
^RUT,2007-10-19,2007-10-26,1,1,-0.0807898612938035,-0.10389708339952863,B1,2007Q4
^RUT,2008-04-25,2008-04-25,1,0,0.003075262769586473,-0.01141462594702658,B1,2008Q2
^RUT,2008-06-27,2008-07-25,8,4,0.0383759153361285,-0.022763807942646874,B1,2008Q3
^RUT,2008-08-08,2008-08-08,1,0,-0.021040463657732378,-0.04265287735923162,B1,2008Q3
^RUT,2008-08-29,2008-08-29,2,0,-0.046937149388311394,-0.09018255908236139,B1,2008Q3
^RUT,2008-09-26,2009-04-03,1,27,0.06763423974145599,-0.05358122066029236,B1,2009Q2
^RUT,2009-10-30,2009-11-06,29,1,0.03866632788043156,-0.021314716356623298,EVENT,2009Q4
^RUT,2009-11-27,2009-12-04,2,1,0.03749238946382838,-0.016722169283030497,B1,2009Q4
^RUT,2010-01-29,2010-02-12,7,2,0.10785639787824075,0.0014082499803118598,B1,2010Q1
^RUT,2010-05-07,2010-05-14,11,1,-0.06481452164998791,-0.12491715161992334,B1,2010Q2
^RUT,2010-06-25,2010-09-17,1,12,0.07939329870639455,-0.005603009333757902,B1,2010Q3
^RUT,2011-03-18,2011-03-18,25,0,0.050738691625135335,0.005750896583018861,EVENT,2011Q1
^RUT,2011-05-20,2011-05-20,8,0,-0.057064624632610084,-0.06807710251080756,B1,2011Q2
^RUT,2011-06-03,2011-07-01,1,4,-0.05119988316683277,-0.06769915314118102,B1,2011Q3
^RUT,2011-07-15,2011-07-15,1,0,-0.1584015355778433,-0.22796163883343457,B1,2011Q3
^RUT,2011-07-29,2011-10-28,1,13,-0.12462552806237681,-0.12462552806237681,B1,2011Q4
^RUT,2011-11-11,2011-11-11,1,0,0.001020640511756321,-0.10539326380540881,B1,2011Q4
^RUT,2012-04-13,2012-04-13,19,0,-0.007823758480778098,-0.01884985262234873,EVENT,2012Q2
^RUT,2012-04-27,2012-04-27,1,0,-0.07154711819290915,-0.09662368294576507,B1,2012Q2
^RUT,2012-07-06,2012-07-06,1,0,-0.023118707833875818,-0.052147119572310774,B1,2012Q3
^RUT,2012-07-20,2012-07-27,1,1,0.016570354825887312,-0.03869345200121699,B1,2012Q3
^RUT,2012-10-26,2012-11-30,11,5,0.012385624984730503,-0.007105272948389696,B1,2012Q4
^RUT,2013-04-19,2013-04-19,19,0,0.09181373073630139,-0.013786320098458926,EVENT,2013Q2
^RUT,2013-06-28,2013-06-28,9,0,0.07266647984218833,0.0039080159190441055,B1,2013Q2
^RUT,2014-01-31,2014-01-31,30,0,0.046114551666749604,-0.04258633451095295,EVENT,2014Q1
^RUT,2014-03-28,2014-06-06,6,10,0.03685178201018302,-0.009337377165964722,B1,2014Q2
^RUT,2014-07-11,2014-07-11,4,0,-0.024639484108170517,-0.04536480018673672,B1,2014Q3
^RUT,2014-09-19,2014-10-31,4,6,-0.00023862540118502196,-0.018346694206021308,B1,2014Q4
^RUT,2014-12-19,2014-12-19,6,0,-0.016145972402203723,-0.03734231376305153,B1,2014Q4
^RUT,2015-01-09,2015-01-09,2,0,0.01668233109316075,-0.02899602196664275,B1,2015Q1
^RUT,2015-02-06,2015-02-06,3,0,0.010004528548895664,-0.012600950590210047,B1,2015Q1
^RUT,2015-05-01,2015-05-01,11,0,0.014998692433918714,-0.013826107328562487,B1,2015Q2
^RUT,2015-05-15,2015-05-15,1,0,0.01693803544067496,-0.00822378782933575,B1,2015Q2
^RUT,2015-07-03,2015-07-10,6,1,-0.03603775851290314,-0.04122137389694858,B1,2015Q3
^RUT,2015-07-24,2015-11-06,1,15,-0.013627818783861212,-0.04916856864711394,B1,2015Q4
^RUT,2015-12-04,2015-12-04,1,0,-0.040147041393841953,-0.0630725140346301,B1,2015Q4
^RUT,2016-03-25,2016-04-01,1,1,0.011783266446665941,-0.026053963314906503,B1,2016Q2
^RUT,2016-07-01,2016-07-01,12,0,0.054608885784054095,-0.021663820958901514,B1,2016Q3
^RUT,2016-10-21,2016-10-21,15,0,0.0800755611341184,-0.05091537704154103,EVENT,2016Q4
^RUT,2017-03-17,2017-03-17,18,0,-0.03325861550483833,-0.04058869414453403,EVENT,2017Q1
^RUT,2017-04-07,2017-04-21,1,2,-0.009073464327840064,-0.02090079815239765,B1,2017Q2
^RUT,2017-05-19,2017-05-26,3,1,0.023541526285158598,-0.019815672272506912,B1,2017Q2
^RUT,2017-08-11,2017-09-01,10,3,0.05467719462019094,-0.013929230356050315,B1,2017Q3
^RUT,2018-02-09,2018-02-16,21,1,0.02753393065049381,-0.03210135548616888,EVENT,2018Q1
^RUT,2018-03-02,2018-03-09,1,1,-0.052493810843983746,-0.07152784927220146,B1,2018Q1
^RUT,2018-03-23,2018-04-13,1,3,0.03696654357562945,-0.014068995160232856,B1,2018Q2
^RUT,2018-04-27,2018-04-27,1,0,0.04542362612460327,-0.018332666861091473,B1,2018Q2
^RUT,2018-10-05,2019-02-08,22,18,0.010282855093134646,-0.00047794442084980737,EVENT,2019Q1
^RUT,2019-05-17,2019-06-21,13,5,-0.0011163829193413521,-0.019843446437606493,B1,2019Q2
^RUT,2019-07-19,2019-07-26,3,1,-0.07566957110371442,-0.07770251726295685,B1,2019Q3
^RUT,2019-09-27,2019-10-18,2,3,0.03970743446913061,0.004070388464519015,B1,2019Q4
^RUT,2020-02-28,2020-05-29,18,13,-0.010946607943834508,-0.03618265047141955,EVENT,2020Q2
^RUT,2020-06-12,2020-06-12,1,0,0.025221952211824883,-0.031765303541778867,B1,2020Q2
^RUT,2020-09-25,2020-09-25,14,0,0.11227123145338824,0.0017085920312771563,B1,2020Q3
^RUT,2021-05-14,2021-05-14,32,0,0.049976931731533725,-0.029438600434324336,EVENT,2021Q2
^RUT,2021-06-18,2021-06-25,3,1,-0.05343985830137776,-0.09738255804249074,B1,2021Q2
^RUT,2021-07-09,2021-07-09,1,0,-0.014140346594024078,-0.07584646124588812,B1,2021Q3
^RUT,2021-09-10,2021-10-15,2,5,0.06449810573202752,-0.005808449088167356,B1,2021Q4
^RUT,2021-11-26,2022-07-29,5,35,0.007744400278584251,-0.01344662234770655,B1,2022Q3
^RUT,2022-09-02,2022-09-09,4,1,-0.09597150782852015,-0.12329182763283941,B1,2022Q3
^RUT,2022-11-04,2022-11-11,1,1,-0.04572057559789322,-0.04572057559789322,B1,2022Q4
^RUT,2022-12-02,2022-12-02,2,0,-0.06951985809496819,-0.09024531887196974,B1,2022Q4
^RUT,2023-03-10,2023-06-02,8,12,0.0315798948116901,-0.018373384830734918,B1,2023Q2
^RUT,2023-08-18,2023-08-18,10,0,-0.006663375867535737,-0.014773473515511615,B1,2023Q3
^RUT,2023-09-08,2023-12-01,2,12,0.08827789070753989,-0.007441043488039867,B1,2023Q4
^RUT,2024-04-12,2024-05-03,18,3,0.016903067516447212,0.0002014197363038317,EVENT,2024Q2
^RUT,2024-06-07,2024-06-28,4,3,0.10371693617212041,-0.013981551715216423,B1,2024Q2
^RUT,2024-08-09,2024-08-09,4,0,0.005041035036525088,-0.010956598784904847,B1,2024Q3
^RUT,2024-09-06,2024-09-13,3,1,0.023789305842096597,-0.00544327023979807,B1,2024Q3
^RUT,2024-12-20,2025-01-03,13,2,0.008472658201936767,-0.048420340277451124,B1,2025Q1
^RUT,2025-01-31,2025-01-31,2,0,-0.054474109795784154,-0.07064325473316013,B1,2025Q1
^RUT,2025-05-23,2025-06-06,1,2,0.05477314529839372,-0.020719864762867912,B1,2025Q2
^RUT,2025-11-14,2025-11-14,22,0,0.06834768083629528,-0.035494914737906336,EVENT,2025Q4
^RUT,2025-11-28,2025-11-28,1,0,0.013565733471031072,-0.014177542319138259,B1,2025Q4
^RUT,2026-03-06,2026-04-10,13,5,0.08766849465011117,-0.0032122812867724226,B1,2026Q2
