{
  "test0": {
    "total": 99,
    "gap_down_3": 14,
    "gap_down_5": 9,
    "gap_down_10": 3
  },
  "test1": {
    "curve_a": {
      "10:00": 0.18956350909054048,
      "10:30": 0.450144287224053,
      "12:00": 0.4506768550777288,
      "13:00": 0.43247488817898644,
      "13:30": 0.41154189385957796,
      "16:00": 0.6143258082712276
    },
    "curve_b": {
      "10:00": 0.1870099096435734,
      "10:30": 0.21229783424085066,
      "12:00": 0.23723553368676473,
      "13:00": 0.31223138969345954,
      "13:30": 0.3047165099619745,
      "16:00": 0.44512304074772724
    },
    "separations": {
      "10:00": 0.002553599446967092,
      "10:30": 0.2378464529832023,
      "12:00": 0.21344132139096408,
      "13:00": 0.1202434984855269,
      "13:30": 0.10682538389760343,
      "16:00": 0.16920276752350039
    },
    "n_a": 4,
    "n_b": 10,
    "best_sep_time": "10:30"
  },
  "test2": {
    "correlations": {
      "10:00": {
        "rho": -0.2352,
        "p": 0.4183,
        "n": 14
      },
      "10:30": {
        "rho": 0.156,
        "p": 0.5942,
        "n": 14
      },
      "12:00": {
        "rho": 0.0242,
        "p": 0.9346,
        "n": 14
      },
      "13:00": {
        "rho": -0.2396,
        "p": 0.4094,
        "n": 14
      },
      "13:30": {
        "rho": -0.4022,
        "p": 0.154,
        "n": 14
      },
      "16:00": {
        "rho": -0.0286,
        "p": 0.9228,
        "n": 14
      }
    },
    "best_time": "13:30",
    "best_rho": -0.4022
  },
  "test3": {
    "EARLY_HOLD": {
      "n": 4,
      "drift_1d": -1.877,
      "drift_5d": -6.147,
      "median_5d": -1.583,
      "wr_5d": 50.0
    },
    "LATE_REVERSAL": {
      "n": 2,
      "drift_1d": -2.348,
      "drift_5d": -3.258,
      "median_5d": -3.258,
      "wr_5d": 0.0
    },
    "MIXED": {
      "n": 8,
      "drift_1d": -1.179,
      "drift_5d": -2.125,
      "median_5d": -3.324,
      "wr_5d": 25.0
    }
  },
  "test4": {
    "10:00": {
      "n": 4,
      "mean_intraday": 2.122,
      "mean_5d": -0.099,
      "wr": 25.0,
      "pf": 0.96
    },
    "10:30": {
      "n": 4,
      "mean_intraday": 0.975,
      "mean_5d": -0.672,
      "wr": 25.0,
      "pf": 0.7
    },
    "12:00": {
      "n": 4,
      "mean_intraday": 1.836,
      "mean_5d": -0.98,
      "wr": 25.0,
      "pf": 0.56
    },
    "13:30": {
      "n": 4,
      "mean_intraday": 1.618,
      "mean_5d": -1.03,
      "wr": 25.0,
      "pf": 0.54
    }
  },
  "test5": {
    "Rec < 0.20|-3% to -5%": {
      "drift_5d": -15.391,
      "n": 2
    },
    "Rec < 0.20|-5% to -10%": {
      "drift_5d": 3.474,
      "n": 4
    },
    "Rec 0.20-0.40|-3% to -5%": {
      "drift_5d": -17.192,
      "n": 1
    },
    "Rec 0.20-0.40|-5% to -10%": {
      "drift_5d": -4.061,
      "n": 1
    },
    "Rec 0.20-0.40|< -10%": {
      "drift_5d": -3.306,
      "n": 3
    },
    "Rec > 0.40|-3% to -5%": {
      "drift_5d": -0.084,
      "n": 2
    },
    "Rec > 0.40|-5% to -10%": {
      "drift_5d": 0.126,
      "n": 1
    }
  },
  "test6": {
    "12:00": {
      "n": 0
    },
    "10:30": {
      "n": 1,
      "mean_return": -5.012,
      "wr": 0.0,
      "pf": 0.0,
      "max_loss": -5.012,
      "avg_hold": 1.0,
      "exits": {
        "stop": 1
      }
    }
  },
  "meta": {
    "date_run": "2026-04-05 11:51",
    "n_tickers_m5": 22,
    "n_events": 99,
    "gap_threshold": -3.0,
    "gap_threshold_strict": -5.0,
    "m5_range": "2025-02-03 to 2026-03-18"
  }
}