Price,Adj Close,Close,High,Low,Open,Volume
Ticker,QQQ,QQQ,QQQ,QQQ,QQQ,QQQ
Date,,,,,,
1999-03-10,43.02705764770508,51.0625,51.15625,50.28125,51.125,5232000
1999-03-11,43.23770523071289,51.3125,51.734375,50.3125,51.4375,9688600
1999-03-12,42.18440246582031,50.0625,51.15625,49.65625,51.125,8743600
1999-03-15,43.39570617675781,51.5,51.5625,49.90625,50.4375,6369000
1999-03-16,43.764366149902344,51.9375,52.15625,51.15625,51.71875,4905800
1999-03-17,43.448368072509766,51.5625,52.0,51.40625,51.9375,3965000
1999-03-18,44.29100799560547,52.5625,52.59375,51.484375,51.5,4848400
1999-03-19,43.158729553222656,51.21875,53.25,51.1875,53.25,7160400
1999-03-22,42.6320686340332,50.59375,51.5625,50.5,51.4375,5024800
1999-03-23,41.13111877441406,48.8125,50.5,48.71875,50.3125,10962400
1999-03-24,42.526737213134766,50.46875,50.5,48.5,49.25,8447000
1999-03-25,44.08034896850586,52.3125,52.3125,50.9140625,51.25,8133800
1999-03-26,43.606361389160156,51.75,52.46875,51.53125,51.875,8256200
1999-03-29,45.18632125854492,53.625,53.65625,52.0625,52.375,5113800
1999-03-30,44.870323181152344,53.25,54.0,53.03125,53.5625,4940600
1999-03-31,44.212005615234375,52.46875,54.1875,52.3125,54.125,8256600
1999-04-01,45.133670806884766,53.5625,54.0625,52.6875,54.0,8715800
1999-04-05,46.766239166259766,55.5,55.578125,54.09375,54.4296875,5697200
1999-04-06,46.85840606689453,55.609375,56.21875,54.96875,55.4375,7522400
1999-04-07,46.37126922607422,55.03125,56.25,53.84375,56.125,11923600
1999-04-08,46.73991394042969,55.46875,55.734375,53.8125,54.9375,7952400
1999-04-09,47.02956008911133,55.8125,55.9375,55.21875,55.375,4946800
1999-04-12,46.71358871459961,55.4375,55.8125,54.4375,54.5,10934000
1999-04-13,46.081600189208984,54.6875,55.90625,54.25,55.78125,9962200
1999-04-14,44.50165939331055,52.8125,55.4375,52.5078125,55.375,21253800
1999-04-15,45.1073112487793,53.53125,53.6171875,51.125,53.0,17650600
1999-04-16,43.790679931640625,51.96875,53.40625,51.6875,53.40625,17274000
1999-04-19,41.73676681518555,49.53125,52.75,49.0078125,52.3125,19460600
1999-04-20,42.68472671508789,50.65625,51.0625,48.84375,49.3125,17413600
1999-04-21,44.79132080078125,53.15625,53.1875,50.4375,51.125,10940400
1999-04-22,46.002620697021484,54.59375,54.75,53.3046875,53.65625,13630600
1999-04-23,46.60826110839844,55.3125,55.71875,53.75,54.3125,7064400
1999-04-26,47.681312561035156,56.5859375,57.0,55.5078125,55.6875,5421000
1999-04-27,46.950584411621094,55.71875,57.28125,55.0078125,57.0,16482800
1999-04-28,45.34429931640625,53.8125,55.4375,53.5703125,55.25,7676800
1999-04-29,44.975650787353516,53.375,53.875,52.25,53.5625,19148200
1999-04-30,45.26529312133789,53.71875,54.40625,51.8125,54.125,15295200
1999-05-03,45.028297424316406,53.4375,53.78125,52.5390625,53.5625,11109800
1999-05-04,44.317352294921875,52.59375,54.375,52.28125,53.53125,15428400
1999-05-05,45.66029739379883,54.1875,54.1875,51.03125,52.625,12642600
1999-05-06,44.001346588134766,52.21875,54.15625,51.71875,53.6875,15173400
1999-05-07,44.63333511352539,52.96875,53.125,51.5625,52.6875,16430400
1999-05-10,45.08097457885742,53.5,53.859375,52.6875,53.3125,10604200
1999-05-11,45.79195022583008,54.34375,54.625,53.625,53.9375,8800800
1999-05-12,46.73991394042969,55.46875,55.65625,53.0,54.59375,12507400
1999-05-13,45.87095642089844,54.4375,56.0,54.1875,55.90625,9864000
1999-05-14,45.00196838378906,53.40625,54.0,53.0,53.375,12205400
1999-05-17,45.811702728271484,54.3671875,54.53125,52.4140625,52.9375,9906800
1999-05-18,45.607635498046875,54.125,54.625,53.5,54.3125,9267800
1999-05-19,46.2396125793457,54.875,54.90625,53.5,54.34375,7985600
1999-05-20,44.96908187866211,53.3671875,54.9921875,53.28125,54.9921875,5997200
1999-05-21,44.5543212890625,52.875,53.6875,52.59375,53.53125,10958600
1999-05-24,43.42205047607422,51.53125,53.0625,51.1875,52.96875,9569800
1999-05-25,42.000099182128906,49.84375,52.21875,49.625,51.46875,17771200
1999-05-26,43.17188262939453,51.234375,51.4375,48.9375,50.5,26772000
1999-05-27,43.13238525390625,51.1875,51.9296875,50.375,51.03125,23334800
1999-05-28,43.84334945678711,52.03125,52.3125,50.84375,51.5,12969800
1999-06-01,42.86905288696289,50.875,52.1875,50.59375,51.9375,6960200
1999-06-02,43.59318923950195,51.734375,52.0,49.5703125,50.84375,11996600
1999-06-03,42.97439956665039,51.0,52.125,50.6875,52.125,11147800
1999-06-04,44.29100799560547,52.5625,52.7421875,51.375,51.375,12987200
1999-06-07,45.2126350402832,53.65625,53.9921875,52.8125,52.9296875,11491800
1999-06-08,44.08034896850586,52.3125,54.03125,52.0390625,53.78125,8134800
1999-06-09,44.81766128540039,53.1875,53.3359375,52.46875,52.5,8384400
1999-06-10,44.304176330566406,52.578125,52.9375,51.9453125,52.625,9392400
1999-06-11,43.63270568847656,51.78125,52.9921875,51.3125,52.9375,16567600
1999-06-14,42.809818267822266,50.8046875,51.96875,50.6875,51.96875,14136800
1999-06-15,43.448368072509766,51.5625,51.8671875,50.78125,50.9296875,9147800
1999-06-16,45.68004608154297,54.2109375,54.2109375,52.78125,52.84375,15060200
1999-06-17,46.186946868896484,54.8125,55.0625,53.5,53.5,16278200
1999-06-18,46.397586822509766,55.0625,55.21875,54.21875,54.3125,5392800
1999-06-21,47.78663635253906,56.7109375,56.7421875,55.34375,55.4375,10565200
1999-06-22,46.34492874145508,55.0,57.09375,55.0,56.375,10862800
1999-06-23,47.075645446777344,55.8671875,56.0,54.65625,55.0078125,9607000
1999-06-24,46.14085388183594,54.7578125,55.875,54.5,55.84375,14988800
1999-06-25,46.081600189208984,54.6875,55.5625,54.1875,55.125,8635600
1999-06-28,47.174400329589844,55.984375,56.0625,54.703125,55.15625,7666200
1999-06-29,47.819541931152344,56.75,56.96875,55.65625,55.9375,9000400
1999-06-30,48.556846618652344,57.625,59.9375,56.1328125,56.8046875,19467600
1999-07-01,48.88599395751953,58.015625,58.34375,56.8125,57.8125,6822600
1999-07-02,49.50482177734375,58.75,58.8125,58.0,58.0,3302000
1999-07-06,49.188812255859375,58.375,59.65625,58.0625,59.0625,8794800
1999-07-07,49.267818450927734,58.46875,58.71875,57.9375,58.34375,10520000
1999-07-08,49.926124572753906,59.25,59.4921875,58.1875,58.46875,11225000
1999-07-09,50.42643356323242,59.84375,59.90625,59.03125,59.46875,4206800
1999-07-12,50.163116455078125,59.53125,60.375,59.1875,60.0625,7816200
1999-07-13,49.926124572753906,59.25,59.46875,58.78125,59.25,6230000
1999-07-14,50.77535629272461,60.2578125,60.375,59.0,59.84375,6909400
1999-07-15,51.24274826049805,60.8125,60.8125,60.1328125,60.46875,6539800
1999-07-16,51.71674346923828,61.375,61.71875,60.8203125,60.84375,4913800
1999-07-19,51.19007873535156,60.75,61.625,60.5078125,61.625,6833000
1999-07-20,49.21515655517578,58.40625,60.09375,58.25,60.0078125,14837400
1999-07-21,49.4521484375,58.6875,59.1953125,58.0625,58.53125,10980400
1999-07-22,48.194786071777344,57.1953125,58.6875,57.03125,58.6875,15148400
1999-07-23,48.2672004699707,57.28125,57.8671875,56.6875,57.625,12115000
1999-07-26,47.082244873046875,55.875,57.125,55.78125,56.5,10720000
1999-07-27,48.03020095825195,57.0,57.875,56.515625,57.0,13732800
1999-07-28,48.97157669067383,58.1171875,58.4375,56.9453125,57.6875,10161800
1999-07-29,47.924861907958984,56.875,57.5,56.3125,57.03125,13033800
1999-07-30,47.6878776550293,56.59375,57.75,56.5078125,57.125,10947400
1999-08-02,47.55621337890625,56.4375,57.8125,56.21875,56.6875,9642400
1999-08-03,47.24680709838867,56.0703125,57.21875,55.25,57.2109375,13005000
1999-08-04,46.391014099121094,55.0546875,56.4921875,55.0078125,56.0703125,13227600
1999-08-05,47.128318786621094,55.9296875,55.9296875,53.75,55.0625,18695200
1999-08-06,46.621429443359375,55.328125,56.5625,54.9375,55.53125,12392200
1999-08-09,46.0223503112793,54.6171875,55.6875,54.5078125,55.53125,7983400
1999-08-10,45.607635498046875,54.125,54.8671875,52.9375,54.46875,16767200
1999-08-11,47.10857009887695,55.90625,56.0,54.265625,55.09375,13101400
1999-08-12,46.55559158325195,55.25,56.5,55.125,56.125,12715000
1999-08-13,48.583187103271484,57.65625,57.71875,56.3125,56.40625,14342600
1999-08-16,48.97157669067383,58.1171875,58.3125,57.25,57.625,11470600
1999-08-17,49.21515655517578,58.40625,58.6875,57.34375,58.625,11408400
1999-08-18,48.66217803955078,57.75,58.84375,57.53125,58.125,7035200
1999-08-19,48.08285903930664,57.0625,57.625,56.6953125,57.21875,10157800
1999-08-20,48.84650802612305,57.96875,57.96875,56.8125,57.125,6920800
1999-08-23,50.40011978149414,59.8125,59.8125,58.3671875,58.5,9652000
1999-08-24,50.7424430847168,60.21875,60.875,59.2578125,59.375,13891400
1999-08-25,51.82207107543945,61.5,61.75,59.9375,60.59375,11352000
1999-08-26,50.959659576416016,60.4765625,61.71875,60.3828125,61.5,9753000
1999-08-27,50.4527702331543,59.875,60.9375,59.71875,60.9296875,9635400
1999-08-30,49.741798400878906,59.03125,60.3125,58.875,60.125,10141600
1999-08-31,50.2947883605957,59.6875,60.0625,58.125,59.4375,14590400
1999-09-01,50.6568603515625,60.1171875,60.625,59.6875,60.0625,10752000
1999-09-02,50.47911071777344,59.90625,60.21875,58.875,59.0,14583200
1999-09-03,52.79636001586914,62.65625,62.6796875,61.40625,61.625,14195400
1999-09-07,52.55937576293945,62.375,63.15625,62.28125,62.53125,9009000
1999-09-08,51.84839630126953,61.53125,62.625,61.03125,62.0,14303400
1999-09-09,52.58567428588867,62.40625,62.5625,61.25,61.5625,12677600
1999-09-10,53.19132995605469,63.125,63.7421875,62.53125,63.25,10251000
1999-09-13,52.55277633666992,62.3671875,63.1875,62.03125,63.0625,7240800
1999-09-14,52.84245300292969,62.7109375,63.1484375,62.0,62.125,10022600
1999-09-15,51.82207107543945,61.5,63.4921875,61.4375,63.4921875,16096000
1999-09-16,51.79573440551758,61.46875,62.03125,60.1953125,61.46875,15371000
1999-09-17,53.34934616088867,63.3125,63.4375,61.9375,62.03125,14506400
1999-09-20,53.474430084228516,63.4609375,63.75,63.03125,63.5,6187200
1999-09-21,52.19072341918945,61.9375,63.03125,61.7578125,62.90625,12265800
1999-09-22,52.74369812011719,62.59375,62.921875,61.28125,62.03125,12441800
1999-09-23,50.5580940246582,60.0,63.375,59.6328125,63.25,19766000
1999-09-24,50.62393569946289,60.078125,60.3125,58.625,59.625,23570800
1999-09-27,50.97941970825195,60.5,61.375,60.3125,60.9375,12608800
1999-09-28,51.21638870239258,60.78125,61.0,58.90625,60.1953125,20622000
1999-09-29,50.1894645690918,59.5625,61.21875,59.5625,60.78125,15557000
1999-09-30,50.71611785888672,60.1875,60.8125,59.375,60.125,17604200
1999-10-01,50.73583984375,60.2109375,60.2109375,58.75,59.375,19607400
1999-10-04,51.874725341796875,61.5625,61.78125,60.1875,60.53125,12434200
1999-10-05,52.243385314941406,62.0,62.75,60.6875,61.78125,19526400
1999-10-06,53.290077209472656,63.2421875,63.3359375,61.4296875,62.375,19098200
1999-10-07,53.16500473022461,63.09375,63.8984375,62.625,63.59375,22013600
1999-10-08,53.72456359863281,63.7578125,63.9375,62.0,62.84375,22523200
1999-10-11,54.48163986206055,64.65625,64.6875,63.78125,63.9375,13016000
1999-10-12,53.24400329589844,63.1875,64.953125,63.0,64.4375,20182800
1999-10-13,51.664066314697266,61.3125,63.21875,61.0625,62.46875,22570600
1999-10-14,51.98664474487305,61.6953125,62.125,60.53125,61.53125,22130400
1999-10-15,50.4527702331543,59.875,61.0,59.5078125,60.125,33703000
1999-10-18,49.81422805786133,59.1171875,60.15625,57.4140625,59.9375,24714800
1999-10-19,50.08413314819336,59.4375,60.0625,58.4375,59.7578125,26657200
1999-10-20,51.61138916015625,61.25,61.7421875,59.75,60.34375,22486400
1999-10-21,52.45403289794922,62.25,62.25,59.8125,60.25,22454800
1999-10-22,52.217037200927734,61.96875,63.25,61.75,62.6171875,16589400
1999-10-25,52.243385314941406,62.0,62.6796875,61.4375,61.6875,13855400
1999-10-26,51.82207107543945,61.5,63.09375,61.375,62.75,13542400
1999-10-27,51.74304962158203,61.40625,61.625,60.4453125,61.34375,15225200
1999-10-28,53.53367614746094,63.53125,63.75,61.8125,62.375,14103800
1999-10-29,55.403236389160156,65.75,66.25,64.78125,65.0,19000000
1999-11-01,55.11360549926758,65.40625,66.53125,65.3203125,65.75,9681800
1999-11-02,55.14651107788086,65.4453125,66.5625,65.1953125,65.75,12834800
1999-11-03,56.245872497558594,66.75,67.125,66.1875,66.375,18752600
1999-11-04,56.87788009643555,67.5,67.8125,66.78125,67.6796875,20048600
1999-11-05,57.45718765258789,68.1875,69.21875,68.1875,68.875,15134600
1999-11-08,58.61581039428711,69.5625,69.8046875,68.21875,68.4375,10890800
1999-11-09,58.2208366394043,69.09375,70.25,68.5,70.125,14629800
1999-11-10,58.98446273803711,70.0,70.59375,68.8125,69.125,16561000
1999-11-11,60.03776550292969,71.25,71.34375,70.125,70.75,18501400
1999-11-12,60.82770919799805,72.1875,72.25,69.375,71.625,28646600
1999-11-15,60.70920944213867,72.046875,72.5,71.6875,72.25,10909400
1999-11-16,62.24966049194336,73.875,74.21875,72.0,72.3125,19126400
1999-11-17,61.407073974609375,72.875,74.1953125,72.5,73.875,21683600
1999-11-18,63.28981399536133,75.109375,75.109375,72.9375,73.375,17738400
1999-11-19,63.85593032836914,75.78125,75.90625,74.5,74.78125,17939400
1999-11-22,62.88162612915039,74.625,77.5,74.625,75.9375,18841800
1999-11-23,63.17127990722656,74.96875,76.5,74.25,76.4375,24047600
1999-11-24,65.25153350830078,77.4375,77.7421875,74.40625,75.1875,18617800
1999-11-26,65.46223449707031,77.6875,78.78125,77.375,78.40625,8045200
1999-11-29,64.38258361816406,76.40625,78.1875,76.3125,77.53125,20485200
1999-11-30,61.933650970458984,73.5,76.6875,73.5,76.5625,23702400
1999-12-01,63.276641845703125,75.09375,75.46875,73.75,74.3125,23205800
1999-12-02,65.28445434570312,77.4765625,77.625,75.328125,75.375,17229200
1999-12-03,66.67352294921875,79.125,80.1875,78.90625,79.3125,21444600
1999-12-06,67.2791519165039,79.84375,80.5,78.6875,79.4296875,16018400
1999-12-07,67.2791519165039,79.84375,80.40625,78.8359375,80.09375,23397000
1999-12-08,66.46284484863281,78.875,80.4921875,78.6875,79.8671875,19563000
1999-12-09,66.77881622314453,79.25,80.4375,77.25,80.0,28445400
1999-12-10,67.33182525634766,79.90625,80.1875,78.125,79.90625,20428400
1999-12-13,68.24687957763672,80.9921875,81.3359375,79.28125,79.6328125,16209200
1999-12-14,67.01581573486328,79.53125,81.21875,79.0,80.75,27760200
1999-12-15,68.30607604980469,81.0625,81.0625,77.9375,78.625,31797200
1999-12-16,69.99138641357422,83.0625,83.25,81.75,82.125,27219600
1999-12-17,70.59700775146484,83.78125,84.875,83.4296875,84.5,23892400
1999-12-20,71.51869201660156,84.875,85.25,83.6875,84.40625,15392000
1999-12-21,75.36319732666016,89.4375,89.4375,84.640625,85.125,26003800
1999-12-22,75.1261978149414,89.15625,89.3125,87.4375,89.1875,22313600
1999-12-23,76.02147674560547,90.21875,90.75,89.0,89.8671875,17543600
1999-12-27,75.57384490966797,89.6875,90.34375,87.90625,90.3125,19281800
1999-12-28,75.099853515625,89.125,90.5,88.5625,89.75,15346400
1999-12-29,77.94373321533203,92.5,92.5,89.875,90.0,16512600
1999-12-30,77.1010971069336,91.5,93.75,91.5,93.625,21887000
1999-12-31,76.99578094482422,91.375,93.1875,91.375,92.625,14464400
2000-01-03,79.83966827392578,94.75,96.1875,90.75,96.1875,36345200
2000-01-04,74.36254119873047,88.25,93.5,87.9375,92.0,33786600
2000-01-05,72.46659088134766,86.0,89.625,84.25,87.5,42496600
2000-01-06,67.48980712890625,80.09375,88.0,79.75,86.875,37134800
2000-01-07,75.83717346191406,90.0,90.0,82.5,82.9375,28138200
2000-01-10,77.94373321533203,92.5,93.9375,89.9375,91.0,29675600
2000-01-11,74.15190887451172,88.0,92.875,87.0,91.75,32546600
2000-01-12,72.51927947998047,86.0625,89.2421875,86.0,89.0,29050000
2000-01-13,76.8904800415039,91.25,91.5,87.078125,88.5,25165200
2000-01-14,78.68106079101562,93.375,93.625,92.0,93.0,21898600
2000-01-18,79.10237884521484,93.875,94.4375,91.4375,92.0625,16752400
2000-01-19,80.89298248291016,96.0,96.0,92.4296875,93.4921875,19006000
2000-01-20,80.10297393798828,95.0625,96.875,94.0078125,95.5,25958000
2000-01-21,81.10364532470703,96.25,96.5625,95.0625,96.5,18698200
2000-01-24,77.20645904541016,91.625,97.625,90.96875,97.4375,28340400
2000-01-25,78.36508178710938,93.0,94.1171875,89.40625,91.875,33276200
2000-01-26,75.20516967773438,89.25,93.3125,89.0,93.25,23095600
2000-01-27,76.3111572265625,90.5625,92.5,87.625,91.75,30739200
2000-01-28,72.46659088134766,86.0,90.46875,84.75,90.0,35313800
2000-01-31,75.57384490966797,89.6875,90.0,83.5,85.875,36014600
2000-02-01,77.60142517089844,92.09375,92.5,88.4375,89.53125,26417600
2000-02-02,78.2597427368164,92.875,94.71875,92.09375,92.25,26169200
2000-02-03,81.3143081665039,96.5,96.625,92.28125,94.3125,30579800
2000-02-04,81.86730194091797,97.15625,98.2421875,96.21875,97.0,26640000
2000-02-07,82.99954986572266,98.5,98.625,96.25,97.25,17761000
2000-02-08,86.47541046142578,102.625,102.875,99.375,99.375,21999400
2000-02-09,83.42086029052734,99.0,102.1953125,98.75,102.0625,27258200
2000-02-10,86.159423828125,102.25,102.25,98.5546875,99.8125,26341600
2000-02-11,84.15819549560547,99.875,102.0625,98.0,102.0625,24876000
2000-02-14,84.05286407470703,99.75,100.0,97.75,99.9921875,22814600
2000-02-15,84.65849304199219,100.46875,100.625,95.875,98.9375,30572800
2000-02-16,84.26353454589844,100.0,101.6875,99.3125,99.90625,25310600
2000-02-17,86.05411529541016,102.125,103.25,99.625,101.1875,30080200
2000-02-18,82.94688415527344,98.4375,103.0,98.4375,102.625,25271200
2000-02-22,83.21024322509766,98.75,99.9375,96.25,99.0,37226200
2000-02-23,87.8447036743164,104.25,105.0,99.15625,99.6796875,32170800
2000-02-24,89.74064636230469,106.5,106.8046875,102.0,104.875,48868200
2000-02-25,87.68669891357422,104.0625,107.5,103.875,106.1875,32617600
2000-02-28,87.63401794433594,104.0,105.6875,100.5,103.25,38216200
2000-02-29,89.95130157470703,106.75,107.09375,104.9375,105.75,23978600
2000-03-01,90.6885986328125,107.625,108.5625,106.5,107.25,24468400
2000-03-02,88.58856964111328,105.1328125,108.1875,104.75,108.0625,32739200
2000-03-03,93.58518981933594,111.0625,111.125,107.0,108.0,32017200
2000-03-06,94.32247924804688,111.9375,113.21875,110.25,111.75,23268400
2000-03-07,92.90050506591797,110.25,113.875,108.75,113.8125,39471000
2000-03-08,93.7431640625,111.25,112.0,106.28125,111.0,43512600
2000-03-09,96.90303039550781,115.0,115.5,109.09375,111.21875,30101400
2000-03-10,96.48174285888672,114.5,116.4375,113.5078125,114.875,29750600
2000-03-13,93.95381164550781,111.5,114.125,109.53125,110.0,37544200
2000-03-14,90.47797393798828,107.375,113.375,105.0,112.75,39106800
2000-03-15,86.68612670898438,102.875,107.0,101.875,106.5,51202600
2000-03-16,91.63656616210938,108.75,109.25,101.0,105.375,55282200
2000-03-17,93.37451934814453,110.8125,111.0625,107.9375,108.0,31422400
2000-03-20,90.74127197265625,107.6875,111.5,106.25,111.0,21167200
2000-03-21,94.16448974609375,111.75,111.9375,103.5625,106.125,33435100
2000-03-22,96.0604019165039,114.0,115.96875,111.125,113.5,24370200
2000-03-23,97.74565887451172,116.0,117.75,113.5625,114.484375,19227400
2000-03-24,99.06231689453125,117.5625,120.5,115.015625,117.484375,22063000
2000-03-27,99.22030639648438,117.75,119.5,117.125,118.0,11752600
2000-03-28,96.69239807128906,114.75,117.8125,113.125,116.984375,18336300
2000-03-29,92.68985748291016,110.0,115.4375,110.0,115.375,27189500
2000-03-30,90.37264251708984,107.25,112.75,103.5,107.25,42328700
2000-03-31,92.26853942871094,109.5,110.625,104.0,108.140625,31349900
2000-04-03,86.73878479003906,102.9375,109.125,100.75,107.765625,31551300
2000-04-04,85.8961410522461,101.9375,103.9375,88.3125,103.625,66213000
2000-04-05,84.36880493164062,100.125,103.9375,96.25,97.5,37631500
2000-04-06,86.3700942993164,102.5,103.875,99.75,102.375,30499900
2000-04-07,89.84596252441406,106.625,107.375,102.625,104.125,20645500
2000-04-10,84.36880493164062,100.125,107.6875,99.25,107.625,26988200
2000-04-11,82.36759948730469,97.75,101.5,95.0625,97.125,34497100
2000-04-12,77.5224380493164,92.0,98.75,90.25,97.625,34824400
2000-04-13,74.15190887451172,88.0,96.0,88.0,92.8125,46330500
2000-04-14,67.72679138183594,80.375,88.5,78.0,86.0625,60851300
2000-04-17,75.52117156982422,89.625,90.0,78.0,78.015625,55398500
2000-04-18,77.5224380493164,92.0,93.0,87.375,89.484375,36260900
2000-04-19,75.15253448486328,89.1875,93.625,89.0625,92.5,28082500
2000-04-20,73.51990509033203,87.25,90.96875,86.0625,90.375,21255600
2000-04-24,71.4133071899414,84.75,85.25,79.875,83.4375,31190900
2000-04-25,76.2321548461914,90.46875,90.5,86.0,86.5,28663200
2000-04-26,73.625244140625,87.375,92.421875,87.125,90.625,25688300
2000-04-27,76.8904800415039,91.25,92.484375,82.25,84.0,37010400
2000-04-28,79.83966827392578,94.75,94.75,92.125,93.5625,24828400
2000-05-01,80.57699584960938,95.625,96.875,94.25,95.75,23205700
2000-05-02,75.94248962402344,90.125,95.625,89.75,94.875,20307900
2000-05-03,75.099853515625,89.125,90.25,85.515625,89.5,26589700
2000-05-04,75.25784301757812,89.3125,90.75,87.625,89.0,17750700
2000-05-05,77.04846954345703,91.4375,92.3125,88.03125,88.125,20571200
2000-05-08,74.04656982421875,87.875,90.75,87.75,90.5,13903000
2000-05-09,72.46659088134766,86.0,89.125,84.3125,88.5,19825800
2000-05-10,67.20015716552734,79.75,84.984375,79.5,84.375,34847500
2000-05-11,71.30797576904297,84.625,85.25,80.875,82.75,24709700
2000-05-12,71.30797576904297,84.625,87.5625,84.0,85.375,17832000
2000-05-15,74.41522216796875,88.3125,88.625,82.625,84.8125,17950800
2000-05-16,76.52175903320312,90.8125,91.5,88.0625,90.0,23758800
2000-05-17,74.94181060791016,88.9375,90.5,87.75,89.25,20339400
2000-05-18,72.25595092773438,85.75,89.359375,85.375,89.0,19063000
2000-05-19,68.832763671875,81.6875,85.0,81.3125,83.75,28178100
2000-05-22,68.78008270263672,81.625,82.25,75.578125,81.625,43879800
2000-05-23,63.03962326049805,74.8125,82.625,74.25,81.375,31898500
2000-05-24,66.98949432373047,79.5,79.875,72.25,75.0,49476000
2000-05-25,65.51488494873047,77.75,82.25,76.5,80.25,29632700
2000-05-26,65.51488494873047,77.75,79.25,75.75,77.75,18203200
2000-05-30,72.09797668457031,85.5625,85.9375,80.0,80.0,31590400
2000-05-31,70.04408264160156,83.125,86.671875,82.75,84.46875,29675400
2000-06-01,73.625244140625,87.375,88.375,84.0,85.1875,28993500
2000-06-02,78.8917236328125,93.625,93.9375,82.5,92.625,31677200
2000-06-05,79.08918762207031,93.859375,95.3125,91.875,92.25,23784300
2000-06-06,76.8904800415039,91.25,95.0,90.875,93.1875,23200500
2000-06-07,78.94438171386719,93.6875,94.0,89.5625,91.5625,22524400
2000-06-08,78.57572937011719,93.25,94.875,91.625,94.625,19313800
2000-06-09,78.99705505371094,93.75,94.75,93.0,94.75,17014600
2000-06-12,76.46910095214844,90.75,94.3125,90.0,94.3125,16484700
2000-06-13,79.4183578491211,94.25,94.625,89.359375,90.5,25187900
2000-06-14,77.62775421142578,92.125,94.875,91.5,94.875,20274500
2000-06-15,78.99705505371094,93.75,93.875,90.875,91.875,18807800
2000-06-16,79.4183578491211,94.25,95.3125,93.0625,94.75,21203400
2000-06-19,82.5782241821289,98.0,98.25,92.6875,94.015625,20042500
2000-06-20,82.26223754882812,97.625,99.6875,97.1875,98.25,20988300
2000-06-21,83.3155288696289,98.875,99.71875,96.6875,96.8125,20880600
2000-06-22,80.26105499267578,95.25,99.0,94.5,98.625,21526700
2000-06-23,77.1010971069336,91.5,95.5,91.375,95.0,24888100
2000-06-26,79.20769500732422,94.0,94.421875,92.0,93.0625,22169200
2000-06-27,78.2597427368164,92.875,95.0625,92.375,93.765625,14786000
2000-06-28,79.20769500732422,94.0,95.5,92.5,92.984375,19259800
2000-06-29,77.21958923339844,91.640625,93.375,90.625,92.9375,21355800
2000-06-30,78.7337417602539,93.4375,93.953125,91.3125,91.8125,15153100
2000-07-03,80.26105499267578,95.25,95.25,93.25,93.5,5212000
2000-07-05,77.15376281738281,91.5625,93.96875,90.875,93.625,16489000
2000-07-06,79.20769500732422,94.0,94.75,90.0625,91.5625,23594700
2000-07-07,80.8403091430664,95.9375,97.0,94.4375,95.0,16603200
2000-07-10,79.61585235595703,94.484375,95.875,94.0,94.6875,12659400
2000-07-11,80.0503158569336,95.0,95.75,92.8125,94.0625,14374600
2000-07-12,81.94627380371094,97.25,97.75,94.625,95.4375,18252600
2000-07-13,82.99954986572266,98.5,99.75,97.125,97.9375,19566700
2000-07-14,84.79016876220703,100.625,101.125,98.8125,100.25,17219400
2000-07-17,85.73810577392578,101.75,102.0625,99.875,100.9375,13140500
2000-07-18,83.84219360351562,99.5,100.78125,98.359375,100.375,20684000
2000-07-19,81.94627380371094,97.25,98.9375,95.65625,98.3125,21828500
2000-07-20,84.5794906616211,100.375,100.5,97.265625,97.875,19521200
2000-07-21,81.735595703125,97.0,99.515625,97.0,98.4375,14411400
2000-07-24,80.0503158569336,95.0,99.0,94.25,97.9375,18579200
2000-07-25,80.68230438232422,95.75,97.0,93.8125,95.625,19065700
2000-07-26,80.57699584960938,95.625,96.125,93.25,95.5,20318700
2000-07-27,77.41706848144531,91.875,95.0625,91.5625,93.9375,26141800
2000-07-28,73.20394134521484,86.875,92.875,86.0,92.1875,36485600
2000-07-31,75.36319732666016,89.4375,90.125,85.71875,87.625,27609900
2000-08-01,74.36254119873047,88.25,89.984375,87.6875,89.8125,15751800
2000-08-02,73.04594421386719,86.6875,90.390625,86.5,87.875,23578200
2000-08-03,76.2058334350586,90.4375,91.25,83.3125,84.25,35874700
2000-08-04,75.94248962402344,90.125,92.765625,89.125,92.0,22283400
2000-08-07,77.73309326171875,92.25,93.03125,90.25,90.875,15103300
2000-08-08,79.31300354003906,94.125,94.25,91.5,92.0625,14832300
2000-08-09,77.20645904541016,91.625,94.4375,91.375,93.6875,18649800
2000-08-10,75.67918395996094,89.8125,92.234375,89.5,91.8125,15336200
2000-08-11,76.73247528076172,91.0625,91.109375,87.875,89.25,21050600
2000-08-14,78.36508178710938,93.0,93.0,90.203125,91.375,12539300
2000-08-15,78.36508178710938,93.0,93.984375,92.0,92.75,14090300
2000-08-16,79.15508270263672,93.9375,94.6875,92.0,93.4375,15245300
2000-08-17,80.68230438232422,95.75,95.875,92.875,92.9375,14492400
2000-08-18,80.26105499267578,95.25,96.625,94.6875,95.9375,14706700
2000-08-21,80.47162628173828,95.5,96.859375,94.375,96.0,13560100
2000-08-22,80.47162628173828,95.5,97.359375,95.265625,96.0,14878200
2000-08-23,81.78829193115234,97.0625,97.4375,93.828125,94.6875,21396400
2000-08-24,83.05223846435547,98.5625,98.6875,96.0625,97.4375,13567700
2000-08-25,82.60456848144531,98.03125,99.953125,97.0,98.484375,11764700
2000-08-28,82.99954986572266,98.5,99.84375,97.9375,98.25,12314200
2000-08-29,83.42086029052734,99.0,99.171875,97.859375,98.625,11162800
2000-08-30,83.3155288696289,98.875,99.5,97.765625,98.3125,10545300
2000-08-31,85.63278198242188,101.625,102.0,98.875,99.625,15588700
2000-09-01,86.47541046142578,102.625,103.515625,101.1875,103.0,14071900
2000-09-05,83.84219360351562,99.5,101.75,99.421875,101.625,16348300
2000-09-06,80.89298248291016,96.0,99.484375,95.5,99.25,20964900
2000-09-07,82.6835708618164,98.125,99.421875,96.5625,96.8125,16669700
2000-09-08,80.15567016601562,95.125,98.0,94.765625,97.765625,23475200
2000-09-11,78.20708465576172,92.8125,96.125,92.0,94.5,27262100
2000-09-12,76.99578094482422,91.375,94.6875,90.84375,93.5,24256000
2000-09-13,78.786376953125,93.5,93.875,90.0,90.25,34093100
2000-09-14,78.36508178710938,93.0,95.9375,92.640625,95.25,28615300
2000-09-15,76.943115234375,91.3125,93.625,90.6875,93.125,24994600
2000-09-18,75.73180389404297,89.875,93.0,88.0,91.8125,29218500
2000-09-19,78.5230484008789,93.1875,93.78125,89.875,90.75,27568700
2000-09-20,79.73434448242188,94.625,95.234375,91.3125,93.375,33123200
2000-09-21,73.94120025634766,87.75,94.484375,87.0,93.75,25031400
2000-09-22,78.31239318847656,92.9375,93.25,87.5,87.625,33710100
2000-09-25,76.2321548461914,90.46875,94.25,90.0,93.625,20560800
2000-09-26,75.36319732666016,89.4375,92.5,88.921875,90.765625,26011200
2000-09-27,75.46846771240234,89.5625,91.1875,88.0,90.625,28482900
2000-09-28,77.15376281738281,91.5625,93.0,88.71875,88.71875,29050000
2000-09-29,74.78385925292969,88.75,92.453125,88.6875,92.0,27198800
2000-10-02,73.09860229492188,86.75,90.25,86.0,90.25,24968200
2000-10-03,70.7813720703125,84.0,88.8125,83.265625,88.0625,35731200
2000-10-04,72.15062713623047,85.625,86.859375,82.125,83.5,37672100
2000-10-05,72.36125946044922,85.875,87.1875,84.5625,85.25,23443100
2000-10-06,69.9386978149414,83.0,86.5625,81.25,85.5625,36335800
2000-10-09,69.62271881103516,82.625,83.8125,79.375,82.5625,28834600
2000-10-10,65.98890686035156,78.3125,83.3125,77.875,81.8125,35283200
2000-10-11,64.93559265136719,77.0625,80.453125,76.0625,76.875,48462600
2000-10-12,63.30292892456055,75.125,79.5625,74.40625,79.25,53223600
2000-10-13,68.46410369873047,81.25,81.625,74.625,74.6875,42410200
2000-10-16,69.0960922241211,82.0,82.3125,79.75,81.125,27644900
2000-10-17,65.93618774414062,78.25,83.171875,78.0,83.125,52101400
2000-10-18,65.72555541992188,78.0,81.1875,74.5625,76.75,64354400
2000-10-19,71.67662811279297,85.0625,85.109375,81.4375,82.390625,44278900
2000-10-20,72.72991943359375,86.3125,87.875,84.390625,84.5,40692200
2000-10-23,72.6246109008789,86.1875,87.5,84.125,86.1875,28989200
2000-10-24,69.51741027832031,82.5,87.0,82.375,86.4375,31466200
2000-10-25,65.62022399902344,77.875,82.0,76.890625,81.25,48635400
2000-10-26,67.3055191040039,79.875,80.0,73.625,78.1875,69991300
2000-10-27,67.17378234863281,79.71875,81.859375,77.484375,80.859375,51046400
2000-10-30,64.68544006347656,76.765625,79.875,75.703125,78.1875,35496700
2000-10-31,68.84590148925781,81.703125,82.5625,77.875,78.0,43863800
2000-11-01,68.25345611572266,81.0,82.8125,79.1875,80.3125,45186400
2000-11-02,69.0960922241211,82.0,83.25,81.0625,82.1875,26594300
2000-11-03,69.99138641357422,83.0625,83.9375,81.640625,82.875,29837100
2000-11-06,69.4647216796875,82.4375,84.125,82.0,83.625,23485800
2000-11-07,69.20140075683594,82.125,82.46875,80.25,81.4375,24334400
2000-11-08,63.79013442993164,75.703125,82.25,75.625,82.125,40338200
2000-11-09,63.776954650878906,75.6875,76.9375,73.0,74.75,64955900
2000-11-10,60.459075927734375,71.75,75.6875,71.75,74.25,49235500
2000-11-13,60.551246643066406,71.859375,74.1875,68.265625,70.953125,75023400
2000-11-14,63.90858459472656,75.84375,76.0,72.75,73.0,44829500
2000-11-15,65.19886779785156,77.375,78.0625,74.796875,75.5625,37760900
2000-11-16,61.407073974609375,72.875,77.0,72.875,75.375,33898700
2000-11-17,61.36756896972656,72.828125,75.1875,71.0,73.1875,49913800
2000-11-20,58.86594009399414,69.859375,72.0625,69.25,70.9375,46862300
2000-11-21,58.77381134033203,69.75,71.125,68.4375,70.1875,42128600
2000-11-22,56.140560150146484,66.625,70.125,66.5,68.4375,56623700
2000-11-24,59.35310363769531,70.4375,70.625,68.171875,68.375,19987900
2000-11-27,58.61581039428711,69.5625,72.9375,68.75,72.5625,35416600
2000-11-28,55.153133392333984,65.453125,69.9375,65.3125,68.9375,48812700
2000-11-29,53.033355712890625,62.9375,66.75,62.5,65.8125,66189300
2000-11-30,53.07284164428711,62.984375,64.25,60.5,61.75,74792600
2000-12-01,53.92866134643555,64.0,66.765625,62.125,64.0625,57112500
2000-12-04,54.77128219604492,65.0,65.359375,61.75,64.125,49106300
2000-12-05,59.56376266479492,70.6875,71.0,65.5,66.0625,76531800
2000-12-06,57.29920196533203,68.0,72.296875,67.75,70.59375,63352100
2000-12-07,56.03521728515625,66.5,68.984375,65.5,67.0,41481100
2000-12-08,57.29920196533203,68.0,73.5,67.625,71.09375,65856900
2000-12-11,62.67097091674805,74.375,74.78125,70.953125,72.0625,51829800
2000-12-12,60.380088806152344,71.65625,73.875,71.3125,73.5,31054500
2000-12-13,57.91798400878906,68.734375,73.5,68.3125,73.4375,51661600
2000-12-14,55.08726119995117,65.375,69.6875,65.25,68.515625,41562700
2000-12-15,53.82332992553711,63.875,65.625,62.5625,64.25,59026100
2000-12-18,53.92866134643555,64.0,65.96875,62.5625,65.15625,42950000
2000-12-19,49.820796966552734,59.125,65.859375,58.75,63.453125,80489200
2000-12-20,46.9637336730957,55.734375,58.375,54.75,57.3125,81432100
2000-12-21,47.24021530151367,56.0625,58.75,54.25,55.015625,85875600
2000-12-22,50.97941970825195,60.5,60.75,57.5,57.625,57240000
2000-12-26,51.29541015625,60.875,61.921875,58.0,60.59375,37082800
2000-12-27,51.874725341796875,61.5625,62.1875,58.9375,59.6875,33955500
2000-12-28,51.76939010620117,61.4375,62.484375,60.25,60.78125,30996900
2000-12-29,49.188812255859375,58.375,62.234375,58.0,61.5625,49191000
2001-01-02,45.028297424316406,53.4375,58.6875,52.4375,58.5625,62514100
2001-01-03,52.612030029296875,62.4375,65.25,52.15625,52.1875,118175700
2001-01-04,51.664066314697266,61.3125,63.625,60.234375,61.625,58465400
2001-01-05,47.714210510253906,56.625,61.3125,56.0,61.3125,68782000
2001-01-08,48.24087142944336,57.25,57.5,53.515625,56.3125,55576500
2001-01-09,48.24087142944336,57.25,59.125,56.625,57.75,53318900
2001-01-10,50.71611785888672,60.1875,60.375,55.75,56.125,74258300
2001-01-11,52.19072341918945,61.9375,63.6875,59.1875,59.265625,65451700
2001-01-12,52.862186431884766,62.734375,64.625,61.5,62.75,60793900
2001-01-16,52.23019790649414,61.984375,62.921875,60.5625,62.5625,32203300
2001-01-17,53.82332992553711,63.875,65.609375,63.140625,64.5,61388800
2001-01-18,56.0879020690918,66.5625,66.75,62.6875,64.125,54934700
2001-01-19,55.87723922729492,66.3125,68.3125,65.5625,68.140625,56292500
2001-01-22,55.92991256713867,66.375,67.0,64.75,65.875,35777100
2001-01-23,57.10169982910156,67.765625,68.40625,65.3125,65.90625,49859500
2001-01-24,56.56187438964844,67.125,69.125,66.75,68.0625,53905400
2001-01-25,54.34996795654297,64.5,67.671875,64.390625,66.875,57151900
2001-01-26,55.23209762573242,65.546875,65.9375,63.0,63.5625,45681400
2001-01-29,56.456546783447266,67.0,67.25,64.25,64.75,31514100
2001-01-30,56.245872497558594,66.75,67.73999786376953,66.0,67.1500015258789,42439300
2001-01-31,54.18143081665039,64.30000305175781,67.98999786376953,64.30000305175781,67.25,59322200
2001-02-01,54.89768981933594,65.1500015258789,65.61000061035156,63.599998474121094,64.55000305175781,45142600
2001-02-02,51.86418533325195,61.54999923706055,65.30000305175781,60.0,64.94000244140625,47471000
2001-02-05,51.82207107543945,61.5,61.900001525878906,60.119998931884766,61.189998626708984,36016300
2001-02-06,51.906307220458984,61.599998474121094,63.119998931884766,61.15999984741211,61.4900016784668,42417700
2001-02-07,51.063697814941406,60.599998474121094,61.20000076293945,58.58000183105469,60.5099983215332,61972200
2001-02-08,49.538536071777344,58.790000915527344,61.5,58.58000183105469,60.900001525878906,48269500
2001-02-09,47.524627685546875,56.400001525878906,58.599998474121094,56.0,58.25,55385200
2001-02-12,48.097625732421875,57.08000183105469,57.939998626708984,55.619998931884766,56.25,50540400
2001-02-13,46.55559158325195,55.25,59.18000030517578,54.97999954223633,57.650001525878906,58914000
2001-02-14,48.40938949584961,57.45000076293945,57.75,54.119998931884766,55.400001525878906,63048200
2001-02-15,49.20988845825195,58.400001525878906,60.4900016784668,58.29999923706055,58.79999923706055,67801300
2001-02-16,46.4544792175293,55.130001068115234,56.869998931884766,54.529998779296875,55.959999084472656,66779700
2001-02-20,44.6512336730957,52.9900016784668,55.84000015258789,52.29999923706055,55.7400016784668,55298400
2001-02-21,43.39570617675781,51.5,54.06999969482422,50.91999816894531,51.54999923706055,72349000
2001-02-22,42.97439956665039,51.0,52.15999984741211,48.88999938964844,51.45000076293945,103855500
2001-02-23,43.12605667114258,51.18000030517578,51.599998474121094,48.22999954223633,50.09000015258789,93337900
2001-02-26,43.94340515136719,52.150001525878906,52.599998474121094,50.25,52.08000183105469,78342700
2001-02-27,41.28911209106445,49.0,52.08000183105469,48.900001525878906,51.540000915527344,66741700
2001-02-28,39.983036041259766,47.45000076293945,50.209999084472656,46.86000061035156,49.45000076293945,102187900
2001-03-01,41.12058639526367,48.79999923706055,49.20000076293945,45.75,46.970001220703125,101773000
2001-03-02,39.35104751586914,46.70000076293945,49.630001068115234,45.650001525878906,47.20000076293945,95927100
2001-03-05,40.06730270385742,47.54999923706055,48.36000061035156,47.09000015258789,47.5,43888400
2001-03-06,41.62619400024414,49.400001525878906,50.65999984741211,49.099998474121094,49.29999923706055,60828600
2001-03-07,41.643028259277344,49.41999816894531,50.43000030517578,48.970001220703125,50.400001525878906,55215500
2001-03-08,40.8677978515625,48.5,49.810001373291016,48.099998474121094,49.349998474121094,48965200
2001-03-09,38.002845764160156,45.099998474121094,47.369998931884766,44.95000076293945,47.25,79990900
2001-03-12,35.643463134765625,42.29999923706055,44.95000076293945,41.79999923706055,44.0,80674000
2001-03-13,37.455135345458984,44.45000076293945,44.7400016784668,42.130001068115234,42.779998779296875,80024400
2001-03-14,36.865291595458984,43.75,45.189998626708984,42.310001373291016,42.70000076293945,97190000
2001-03-15,35.51708221435547,42.150001525878906,45.310001373291016,42.04999923706055,45.20000076293945,74135500
2001-03-16,34.71656036376953,41.20000076293945,42.79999923706055,40.560001373291016,41.880001068115234,77784500
2001-03-19,36.45240783691406,43.2599983215332,43.2599983215332,40.75,41.439998626708984,53248200
2001-03-20,34.00032043457031,40.349998474121094,43.810001373291016,40.20000076293945,43.439998626708984,104796200
2001-03-21,34.00032043457031,40.349998474121094,41.79999923706055,39.709999084472656,40.52000045776367,96200700
2001-03-22,36.06478500366211,42.79999923706055,42.79999923706055,39.4900016784668,40.599998474121094,130208100
2001-03-23,36.06478500366211,42.79999923706055,43.83000183105469,41.5,43.54999923706055,95277500
2001-03-26,35.23058319091797,41.810001373291016,43.5,41.54999923706055,43.470001220703125,57666200
2001-03-27,36.443973541259766,43.25,43.720001220703125,41.41999816894531,41.79999923706055,69945300
2001-03-28,33.452598571777344,39.70000076293945,42.20000076293945,39.68000030517578,41.900001525878906,77863500
2001-03-29,32.82063674926758,38.95000076293945,40.61000061035156,38.400001525878906,39.380001068115234,79654700
2001-03-30,32.989166259765625,39.150001525878906,39.97999954223633,38.0,39.29999923706055,63661300
2001-04-02,31.514554977416992,37.400001525878906,39.849998474121094,37.29999923706055,39.16999816894531,69713600
2001-04-03,29.205734252929688,34.65999984741211,37.75,34.619998931884766,37.20000076293945,89015700
2001-04-04,28.691728591918945,34.04999923706055,35.810001373291016,33.599998474121094,34.709999084472656,76473900
2001-04-05,31.438722610473633,37.310001373291016,37.959999084472656,35.709999084472656,36.0,87035800
2001-04-06,30.292728424072266,35.95000076293945,37.099998474121094,35.5,36.900001525878906,86123600
2001-04-09,31.21963119506836,37.04999923706055,37.38999938964844,35.849998474121094,36.790000915527344,51638700
2001-04-10,33.53688430786133,39.79999923706055,40.459999084472656,37.779998779296875,37.900001525878906,94265100
2001-04-11,34.54804611206055,41.0,42.5,40.45000076293945,42.15999984741211,92829500
2001-04-12,36.06478500366211,42.79999923706055,42.79999923706055,40.0,40.29999923706055,79531500
2001-04-16,33.91606521606445,40.25,42.43000030517578,40.060001373291016,41.939998626708984,65229800
2001-04-17,34.758705139160156,41.25,42.70000076293945,39.900001525878906,39.95000076293945,94694300
2001-04-18,38.382022857666016,45.54999923706055,48.0,43.20000076293945,43.720001220703125,128891400
2001-04-19,40.699275970458984,48.29999923706055,48.75,45.58000183105469,46.099998474121094,110467600
2001-04-20,40.78351974487305,48.400001525878906,49.439998626708984,43.04999923706055,48.18000030517578,80598100
2001-04-23,38.04498291015625,45.150001525878906,47.720001220703125,44.88999938964844,46.9900016784668,79317600
2001-04-24,37.3287467956543,44.29999923706055,46.41999816894531,43.75,45.099998474121094,88888300
2001-04-25,38.002845764160156,45.099998474121094,45.58000183105469,43.099998474121094,43.900001525878906,68418400
2001-04-26,37.03382110595703,43.95000076293945,46.25,43.869998931884766,45.900001525878906,71110200
2001-04-27,38.04498291015625,45.150001525878906,45.470001220703125,44.2400016784668,45.150001525878906,55580000
2001-04-30,38.887630462646484,46.150001525878906,47.56999969482422,45.29999923706055,46.25,73859100
2001-05-01,40.48861312866211,48.04999923706055,48.08000183105469,45.400001525878906,46.20000076293945,54498300
2001-05-02,41.27227020263672,48.97999954223633,49.400001525878906,47.5,48.79999923706055,77566500
2001-05-03,39.43532943725586,46.79999923706055,47.900001525878906,46.20000076293945,47.900001525878906,67124900
2001-05-04,40.615013122558594,48.20000076293945,48.20000076293945,45.11000061035156,45.29999923706055,72673400
2001-05-07,39.77236557006836,47.20000076293945,48.599998474121094,47.099998474121094,48.0,45561600
2001-05-08,40.615013122558594,48.20000076293945,48.349998474121094,46.9900016784668,48.29999923706055,56970700
2001-05-09,39.22465515136719,46.54999923706055,47.95000076293945,46.439998626708984,47.04999923706055,60984600
2001-05-10,38.567386627197266,45.77000045776367,48.04999923706055,45.720001220703125,47.91999816894531,61130300
2001-05-11,38.382022857666016,45.54999923706055,46.41999816894531,45.09000015258789,45.84000015258789,48760400
2001-05-14,37.76689910888672,44.81999969482422,45.36000061035156,43.349998474121094,45.29999923706055,43108000
2001-05-15,38.04498291015625,45.150001525878906,46.29999923706055,44.58000183105469,44.900001525878906,69007600
2001-05-16,39.73023223876953,47.150001525878906,47.52000045776367,44.060001373291016,44.310001373291016,80110500
2001-05-17,40.36222457885742,47.900001525878906,48.790000915527344,47.2599983215332,47.45000076293945,73810700
2001-05-18,40.480201721191406,48.040000915527344,48.380001068115234,47.09000015258789,47.63999938964844,41095100
2001-05-21,43.01649856567383,51.04999923706055,51.150001525878906,47.650001525878906,48.16999816894531,85426900
2001-05-22,42.89014434814453,50.900001525878906,51.95000076293945,50.18000030517578,51.310001373291016,77233900
2001-05-23,40.994197845458984,48.650001525878906,50.45000076293945,48.63999938964844,50.439998626708984,65618000
2001-05-24,42.0474967956543,49.900001525878906,49.9900016784668,48.27000045776367,48.970001220703125,61792500
2001-05-25,41.28070068359375,48.9900016784668,50.02000045776367,48.02000045776367,49.959999084472656,36191100
2001-05-29,38.86233139038086,46.119998931884766,48.5,46.099998474121094,48.5,66609600
2001-05-30,37.43827438354492,44.43000030517578,45.849998474121094,44.08000183105469,45.43000030517578,81397400
2001-05-31,37.691062927246094,44.72999954223633,45.849998474121094,44.29999923706055,44.540000915527344,68018300
2001-06-01,38.80332946777344,46.04999923706055,46.22999954223633,44.33000183105469,45.540000915527344,61874300
2001-06-04,38.61798858642578,45.83000183105469,46.65999984741211,45.290000915527344,46.33000183105469,41696000
2001-06-05,40.320091247558594,47.849998474121094,48.36000061035156,46.20000076293945,46.29999923706055,68146400
2001-06-06,40.00831604003906,47.47999954223633,48.88999938964844,47.06999969482422,48.08000183105469,61169500
2001-06-07,41.036338806152344,48.70000076293945,49.4900016784668,47.06999969482422,47.130001068115234,65400200
2001-06-08,39.89877700805664,47.349998474121094,48.77000045776367,46.95000076293945,48.720001220703125,56391400
2001-06-11,38.80332946777344,46.04999923706055,47.0,45.4900016784668,46.900001525878906,48809400
2001-06-12,38.59269332885742,45.79999923706055,46.79999923706055,44.22999954223633,44.869998931884766,78450500
2001-06-13,37.53937911987305,44.54999923706055,46.75,44.52000045776367,46.27000045776367,68535400
2001-06-14,35.60132598876953,42.25,44.400001525878906,42.0,44.02000045776367,91050300
2001-06-15,35.89624786376953,42.599998474121094,43.06999969482422,41.279998779296875,41.79999923706055,84589400
2001-06-18,35.415958404541016,42.029998779296875,43.16999816894531,41.400001525878906,42.63999938964844,63539100
2001-06-19,35.238990783691406,41.81999969482422,43.560001373291016,41.2599983215332,43.31999969482422,73386900
2001-06-20,36.03950881958008,42.77000045776367,42.970001220703125,41.279998779296875,41.29999923706055,83588600
2001-06-21,36.528221130371094,43.349998474121094,44.22999954223633,42.29999923706055,42.66999816894531,67212600
2001-06-22,36.443973541259766,43.25,44.20000076293945,42.59000015258789,43.619998931884766,51870400
2001-06-25,36.536643981933594,43.36000061035156,43.79999923706055,42.650001525878906,43.61000061035156,39212100
2001-06-26,36.66303634643555,43.5099983215332,43.88999938964844,42.47999954223633,42.540000915527344,55155100
2001-06-27,36.89897918701172,43.790000915527344,44.150001525878906,43.0,43.68000030517578,53289400
2001-06-28,37.37086868286133,44.349998474121094,46.36000061035156,44.349998474121094,44.400001525878906,89963700
2001-06-29,38.508426666259766,45.70000076293945,46.52000045776367,44.70000076293945,45.09000015258789,59719600
2001-07-02,38.29777908325195,45.45000076293945,46.47999954223633,45.189998626708984,45.650001525878906,50884300
2001-07-03,38.45786666870117,45.63999938964844,45.689998626708984,44.79999923706055,45.25,24758400
2001-07-05,36.61249923706055,43.45000076293945,45.18000030517578,43.45000076293945,44.869998931884766,44409800
2001-07-06,35.095767974853516,41.650001525878906,43.11000061035156,41.4900016784668,43.0099983215332,53434800
2001-07-09,35.399105072021484,42.0099983215332,42.689998626708984,41.5,41.88999938964844,45547500
2001-07-10,34.12672805786133,40.5,42.880001068115234,40.400001525878906,42.7599983215332,58620000
2001-07-11,34.54804611206055,41.0,41.099998474121094,39.869998931884766,40.41999816894531,77840200
2001-07-12,36.7388801574707,43.599998474121094,43.83000183105469,42.29999923706055,42.630001068115234,70363300
2001-07-13,36.359718322753906,43.150001525878906,44.43000030517578,42.900001525878906,43.380001068115234,62474200
2001-07-16,35.68558883666992,42.349998474121094,43.86000061035156,41.900001525878906,43.369998931884766,53390800
2001-07-17,36.486087799072266,43.29999923706055,43.400001525878906,41.540000915527344,41.81999969482422,59813000
2001-07-18,35.095767974853516,41.650001525878906,42.849998474121094,41.13999938964844,42.27000045776367,64797200
2001-07-19,35.92995834350586,42.63999938964844,43.349998474121094,41.75,42.459999084472656,76590200
2001-07-20,35.095767974853516,41.650001525878906,42.13999938964844,41.36000061035156,41.4900016784668,49012800
2001-07-23,34.21940231323242,40.61000061035156,42.400001525878906,40.54999923706055,42.2400016784668,55329400
2001-07-24,33.8317985534668,40.150001525878906,40.900001525878906,39.310001373291016,40.380001068115234,70422900
2001-07-25,34.12672805786133,40.5,40.720001220703125,39.400001525878906,40.13999938964844,68859600
2001-07-26,34.63228988647461,41.099998474121094,41.88999938964844,39.97999954223633,40.45000076293945,69199300
2001-07-27,35.34855651855469,41.95000076293945,42.2599983215332,41.29999923706055,41.63999938964844,47452900
2001-07-30,35.137901306152344,41.70000076293945,42.29999923706055,41.400001525878906,42.130001068115234,39459400
2001-07-31,35.188438415527344,41.7599983215332,42.779998779296875,41.5,41.84000015258789,55732500
2001-08-01,36.31758499145508,43.099998474121094,43.5,42.40999984741211,42.630001068115234,53864800
2001-08-02,37.00010299682617,43.90999984741211,44.0,42.81999969482422,43.790000915527344,53187300
2001-08-03,36.384971618652344,43.18000030517578,43.529998779296875,42.560001373291016,43.529998779296875,51513700
2001-08-06,35.81199264526367,42.5,42.849998474121094,42.349998474121094,42.529998779296875,31105700
2001-08-07,35.626609802246094,42.279998779296875,42.81999969482422,41.939998626708984,42.099998474121094,38407500
2001-08-08,34.12672805786133,40.5,42.650001525878906,40.29999923706055,41.849998474121094,76045200
2001-08-09,34.26998519897461,40.66999816894531,40.880001068115234,39.97999954223633,40.40999984741211,66861400
2001-08-10,33.941341400146484,40.279998779296875,40.75,39.22999954223633,40.41999816894531,68491900
2001-08-13,34.63228988647461,41.099998474121094,41.34000015258789,40.20000076293945,40.59000015258789,48425700
2001-08-14,34.21099090576172,40.599998474121094,41.70000076293945,40.540000915527344,41.4900016784668,51267600
2001-08-15,32.947017669677734,39.099998474121094,40.93000030517578,39.06999969482422,40.619998931884766,58935300
2001-08-16,33.33464431762695,39.560001373291016,39.59000015258789,38.040000915527344,38.63999938964844,68227300
2001-08-17,31.817886352539062,37.7599983215332,38.79999923706055,37.709999084472656,38.439998626708984,56649300
2001-08-20,32.256072998046875,38.279998779296875,38.650001525878906,37.52000045776367,37.849998474121094,49921300
2001-08-21,30.916282653808594,36.689998626708984,38.650001525878906,36.650001525878906,38.290000915527344,56445600
2001-08-22,31.75891876220703,37.689998626708984,37.84000015258789,36.540000915527344,37.45000076293945,65221400
2001-08-23,31.447145462036133,37.31999969482422,38.459999084472656,37.29999923706055,37.66999816894531,54711800
2001-08-24,33.11555862426758,39.29999923706055,39.38999938964844,37.75,37.86000061035156,58450600
2001-08-27,33.157691955566406,39.349998474121094,39.900001525878906,38.83000183105469,39.279998779296875,50927500
2001-08-28,32.12125015258789,38.119998931884766,39.439998626708984,38.0099983215332,39.31999969482422,65275500
2001-08-29,31.649375915527344,37.560001373291016,38.45000076293945,37.130001068115234,38.369998931884766,59060500
2001-08-30,30.478111267089844,36.16999816894531,37.310001373291016,35.75,36.79999923706055,76105800
2001-08-31,30.865707397460938,36.630001068115234,37.029998779296875,35.939998626708984,36.029998779296875,54309000
2001-09-04,29.88826560974121,35.470001220703125,37.5,35.349998474121094,36.5099983215332,74073600
2001-09-05,29.770301818847656,35.33000183105469,35.90999984741211,34.150001525878906,35.4900016784668,95461200
2001-09-06,28.56532096862793,33.900001525878906,35.52000045776367,33.779998779296875,34.7400016784668,88701800
2001-09-07,28.396806716918945,33.70000076293945,35.099998474121094,33.349998474121094,33.619998931884766,95528800
2001-09-10,28.73386573791504,34.099998474121094,34.31999969482422,33.34000015258789,33.4900016784668,80371300
2001-09-17,26.290218353271484,31.200000762939453,32.79999923706055,31.09000015258789,31.25,97700900
2001-09-18,25.70037078857422,30.5,32.5,30.3700008392334,31.530000686645508,66285300
2001-09-19,25.253768920898438,29.969999313354492,31.0,28.260000228881836,30.639999389648438,116632800
2001-09-20,24.4111385345459,28.969999313354492,30.09000015258789,28.799999237060547,29.299999237060547,90840200
2001-09-21,23.753889083862305,28.190000534057617,28.969999313354492,27.200000762939453,27.40999984741211,112341900
2001-09-24,24.95041847229004,29.610000610351562,30.0,28.59000015258789,29.079999923706055,85696500
2001-09-25,25.026269912719727,29.700000762939453,30.43000030517578,28.950000762939453,29.709999084472656,83860600
2001-09-26,24.15835189819336,28.670000076293945,30.0,28.40999984741211,29.950000762939453,59759800
2001-09-27,23.998247146606445,28.479999542236328,28.790000915527344,27.420000076293945,28.399999618530273,70050700
2001-09-28,24.419559478759766,28.979999542236328,29.920000076293945,28.309999465942383,28.84000015258789,84810800
2001-10-01,24.208904266357422,28.729999542236328,28.979999542236328,27.850000381469727,28.850000381469727,53460800
2001-10-02,24.284738540649414,28.81999969482422,29.40999984741211,28.399999618530273,28.649999618530273,74133400
2001-10-03,26.121692657470703,31.0,31.610000610351562,28.329999923706055,28.420000076293945,136198600
2001-10-04,26.37447166442871,31.299999237060547,33.20000076293945,30.940000534057617,31.649999618530273,127371500
2001-10-05,26.762094497680664,31.760000228881836,31.899999618530273,30.260000228881836,31.0,96443400
2001-10-08,26.846357345581055,31.860000610351562,32.349998474121094,30.959999084472656,31.1299991607666,67789600
2001-10-09,26.197521209716797,31.09000015258789,32.02000045776367,30.8700008392334,31.860000610351562,57564800
2001-10-10,27.38564109802246,32.5,32.540000915527344,30.75,30.8700008392334,73840600
2001-10-11,29.239423751831055,34.70000076293945,35.25,33.13999938964844,33.189998626708984,117232200
2001-10-12,29.1130428314209,34.54999923706055,34.79999923706055,33.13999938964844,34.33000183105469,111901600
2001-10-15,28.98665428161621,34.400001525878906,34.54999923706055,33.65999984741211,34.119998931884766,78322000
2001-10-16,29.458532333374023,34.959999084472656,35.099998474121094,34.06999969482422,34.65999984741211,81346800
2001-10-17,27.343505859375,32.45000076293945,36.0,32.29999923706055,35.869998931884766,141530300
2001-10-18,28.08503532409668,33.33000183105469,33.540000915527344,32.400001525878906,32.70000076293945,94448200
2001-10-19,28.270421981811523,33.54999923706055,33.75,32.0,32.86000061035156,73434200
2001-10-22,29.028778076171875,34.45000076293945,34.5,33.220001220703125,33.439998626708984,74104900
2001-10-23,29.180465698242188,34.630001068115234,35.400001525878906,34.0,34.81999969482422,104062200
2001-10-24,29.81244468688965,35.380001068115234,35.68000030517578,34.31999969482422,34.599998474121094,90171400
2001-10-25,31.00896453857422,36.79999923706055,36.81999969482422,34.22999954223633,34.70000076293945,118551900
2001-10-26,30.343278884887695,36.0099983215332,37.060001373291016,36.0099983215332,36.5,93823900
2001-10-29,28.683300018310547,34.040000915527344,36.150001525878906,34.040000915527344,36.0,92146800
2001-10-30,28.127159118652344,33.380001068115234,34.09000015258789,32.84000015258789,33.709999084472656,96092200
2001-10-31,28.56532096862793,33.900001525878906,34.959999084472656,33.68000030517578,34.040000915527344,106175500
2001-11-01,29.778718948364258,35.34000015258789,35.560001373291016,33.779998779296875,34.439998626708984,92716000
2001-11-02,29.997800827026367,35.599998474121094,35.849998474121094,34.88999938964844,35.27000045776367,64917700
2001-11-05,30.975261688232422,36.7599983215332,37.15999984741211,36.15999984741211,36.2599983215332,64473000
2001-11-06,32.18021774291992,38.189998626708984,38.20000076293945,36.38999938964844,36.599998474121094,107214900
2001-11-07,32.13808059692383,38.13999938964844,38.84000015258789,37.5,37.61000061035156,92562100
2001-11-08,31.80947494506836,37.75,39.400001525878906,37.25,38.54999923706055,105916300
2001-11-09,31.7926025390625,37.72999954223633,38.08000183105469,37.119998931884766,37.59000015258789,74121900
2001-11-12,32.02011489868164,38.0,38.349998474121094,36.29999923706055,37.0,112994400
2001-11-13,33.16611099243164,39.36000061035156,39.5,38.630001068115234,39.029998779296875,97931800
2001-11-14,33.40205001831055,39.63999938964844,40.2400016784668,38.7400016784668,39.959999084472656,88660100
2001-11-15,33.267250061035156,39.47999954223633,40.11000061035156,38.95000076293945,39.15999984741211,86349700
2001-11-16,33.174556732177734,39.369998931884766,39.68000030517578,38.91999816894531,39.47999954223633,64035500
2001-11-19,34.11829376220703,40.4900016784668,40.4900016784668,39.4900016784668,39.790000915527344,69196300
2001-11-20,32.54256057739258,38.619998931884766,40.22999954223633,38.47999954223633,40.08000183105469,85176500
2001-11-21,32.37403869628906,38.41999816894531,38.95000076293945,37.97999954223633,38.470001220703125,60867900
2001-11-23,33.09870910644531,39.279998779296875,39.43000030517578,38.56999969482422,38.7599983215332,27046000
2001-11-26,33.91606521606445,40.25,40.36000061035156,39.0099983215332,39.58000183105469,75267500
2001-11-27,33.87392807006836,40.20000076293945,40.970001220703125,39.20000076293945,40.04999923706055,100289700
2001-11-28,32.6520881652832,38.75,40.369998931884766,38.689998626708984,39.72999954223633,101568200
2001-11-29,33.66327667236328,39.95000076293945,40.0,38.790000915527344,39.029998779296875,83774700
2001-11-30,33.41048049926758,39.650001525878906,40.040000915527344,39.36000061035156,39.72999954223633,66018200
2001-12-03,32.83749008178711,38.970001220703125,39.599998474121094,38.869998931884766,39.290000915527344,60449800
2001-12-04,34.40480041503906,40.83000183105469,40.84000015258789,38.439998626708984,39.34000015258789,79378700
2001-12-05,36.10689926147461,42.849998474121094,43.150001525878906,41.119998931884766,41.20000076293945,115773700
2001-12-06,36.15746307373047,42.90999984741211,43.2400016784668,42.36000061035156,42.70000076293945,77702100
2001-12-07,35.163169860839844,41.72999954223633,42.599998474121094,41.13999938964844,42.47999954223633,81632600
2001-12-10,34.54804611206055,41.0,42.22999954223633,40.880001068115234,41.31999969482422,69088000
2001-12-11,34.7418327331543,41.22999954223633,42.2599983215332,41.130001068115234,41.459999084472656,66056500
2001-12-12,35.0199089050293,41.560001373291016,41.939998626708984,40.599998474121094,41.5,76093400
2001-12-13,33.50315856933594,39.7599983215332,41.0,39.7599983215332,40.709999084472656,79582600
2001-12-14,33.7981071472168,40.11000061035156,40.459999084472656,39.56999969482422,39.869998931884766,70006300
2001-12-17,34.37953186035156,40.79999923706055,41.2400016784668,40.02000045776367,40.02000045776367,62295500
2001-12-18,34.76713562011719,41.2599983215332,41.5,40.15999984741211,41.15999984741211,50850400
2001-12-19,34.13515853881836,40.5099983215332,41.31999969482422,40.31999969482422,40.560001373291016,79596200
2001-12-20,32.6858024597168,38.790000915527344,40.29999923706055,38.68000030517578,40.099998474121094,83048800
2001-12-21,33.267250061035156,39.47999954223633,39.709999084472656,39.150001525878906,39.41999816894531,56205000
2001-12-24,33.132408142089844,39.31999969482422,39.630001068115234,39.150001525878906,39.540000915527344,13660400
2001-12-26,33.44419479370117,39.689998626708984,40.29999923706055,39.15999984741211,39.369998931884766,37672900
2001-12-27,33.713836669921875,40.0099983215332,40.20000076293945,39.599998474121094,39.849998474121094,34255200
2001-12-28,33.98346710205078,40.33000183105469,40.79999923706055,40.22999954223633,40.290000915527344,38240400
2001-12-31,32.78692626953125,38.90999984741211,40.45000076293945,38.90999984741211,40.310001373291016,46176900
2002-01-02,33.7981071472168,40.11000061035156,40.150001525878906,38.93000030517578,39.56999969482422,61708800
2002-01-03,34.9693489074707,41.5,41.54999923706055,40.2599983215332,40.310001373291016,85769100
2002-01-04,35.11259841918945,41.66999816894531,42.290000915527344,40.93000030517578,41.95000076293945,86876900
2002-01-07,34.72499465942383,41.209999084472656,42.220001220703125,40.11000061035156,42.11000061035156,75166200
2002-01-08,34.96092224121094,41.4900016784668,41.77000045776367,40.84000015258789,41.099998474121094,66956800
2002-01-09,34.6407356262207,41.11000061035156,42.599998474121094,40.900001525878906,42.040000915527344,85123000
2002-01-10,34.868255615234375,41.380001068115234,41.540000915527344,40.68000030517578,41.16999816894531,75548000
2002-01-11,34.42163848876953,40.849998474121094,41.599998474121094,40.470001220703125,41.349998474121094,60832900
2002-01-14,33.67170333862305,39.959999084472656,40.68000030517578,39.70000076293945,40.4900016784668,71310700
2002-01-15,33.991912841796875,40.34000015258789,40.75,39.560001373291016,40.029998779296875,66916100
2002-01-16,32.67738723754883,38.779998779296875,39.939998626708984,38.77000045776367,39.529998779296875,90942000
2002-01-17,33.41048049926758,39.650001525878906,39.970001220703125,39.0099983215332,39.47999954223633,75285900
2002-01-18,32.51729965209961,38.59000015258789,39.45000076293945,38.220001220703125,38.83000183105469,81985600
2002-01-22,31.514554977416992,37.400001525878906,39.02000045776367,37.33000183105469,39.0,81773800
2002-01-23,32.38248062133789,38.43000030517578,38.689998626708984,37.349998474121094,37.650001525878906,74968800
2002-01-24,32.812217712402344,38.939998626708984,39.5099983215332,38.77000045776367,38.939998626708984,77251200
2002-01-25,32.71953201293945,38.83000183105469,39.150001525878906,38.36000061035156,38.470001220703125,58832100
2002-01-28,32.90489959716797,39.04999923706055,39.38999938964844,38.41999816894531,39.150001525878906,47795900
2002-01-29,32.003265380859375,37.97999954223633,39.400001525878906,37.5099983215332,39.130001068115234,83339800
2002-01-30,32.24763870239258,38.27000045776367,38.849998474121094,36.849998474121094,38.0,101385500
2002-01-31,32.449886322021484,38.5099983215332,38.75,38.02000045776367,38.56999969482422,69655500
2002-02-01,32.13808059692383,38.13999938964844,38.880001068115234,37.70000076293945,38.400001525878906,61207100
2002-02-04,31.110084533691406,36.91999816894531,38.06999969482422,36.61000061035156,37.959999084472656,82763300
2002-02-05,30.596092224121094,36.310001373291016,37.33000183105469,36.189998626708984,36.59000015258789,86853800
2002-02-06,30.385408401489258,36.060001373291016,36.88999938964844,35.70000076293945,36.84000015258789,98507600
2002-02-07,29.652339935302734,35.189998626708984,36.54999923706055,35.0,35.9900016784668,97725900
2002-02-08,30.478111267089844,36.16999816894531,36.2400016784668,34.970001220703125,35.459999084472656,80483100
2002-02-11,30.865707397460938,36.630001068115234,36.79999923706055,35.97999954223633,36.13999938964844,57641200
2002-02-12,30.61292839050293,36.33000183105469,36.97999954223633,36.040000915527344,36.310001373291016,51477700
2002-02-13,31.13535499572754,36.95000076293945,37.150001525878906,36.61000061035156,36.720001220703125,60984700
2002-02-14,31.07639503479004,36.880001068115234,37.56999969482422,36.0,37.150001525878906,77482300
2002-02-15,30.14946746826172,35.779998779296875,36.90999984741211,35.63999938964844,36.83000183105469,79719900
2002-02-19,29.22259521484375,34.68000030517578,35.459999084472656,34.31999969482422,35.369998931884766,72437200
2002-02-20,29.618627548217773,35.150001525878906,35.16999816894531,33.93000030517578,34.900001525878906,106552700
2002-02-21,28.2114200592041,33.47999954223633,34.95000076293945,33.47999954223633,34.790000915527344,109307800
2002-02-22,28.354673385620117,33.650001525878906,34.20000076293945,33.09000015258789,33.61000061035156,99824200
2002-02-25,29.500654220581055,35.0099983215332,35.25,33.95000076293945,34.0,88994700
2002-02-26,29.391111373901367,34.880001068115234,35.43000030517578,34.369998931884766,35.22999954223633,94683300
2002-02-27,28.98665428161621,34.400001525878906,35.5099983215332,34.060001373291016,35.38999938964844,95159300
2002-02-28,28.464204788208008,33.779998779296875,34.970001220703125,33.75,34.5099983215332,95711200
2002-03-01,30.11576271057129,35.7400016784668,35.75,34.09000015258789,34.150001525878906,86081600
2002-03-04,31.303897857666016,37.150001525878906,37.22999954223633,35.400001525878906,35.70000076293945,105734600
2002-03-05,31.531410217285156,37.41999816894531,37.869998931884766,36.810001373291016,36.93000030517578,91452600
2002-03-06,31.683059692382812,37.599998474121094,37.95000076293945,36.599998474121094,37.08000183105469,86943400
2002-03-07,31.750484466552734,37.68000030517578,38.33000183105469,37.0099983215332,38.119998931884766,85496000
2002-03-08,32.58470916748047,38.66999816894531,39.029998779296875,38.130001068115234,38.22999954223633,84443700
2002-03-11,32.46672058105469,38.529998779296875,39.189998626708984,38.060001373291016,38.349998474121094,71035200
2002-03-12,32.02011489868164,38.0,38.0,37.31999969482422,37.56999969482422,82652100
2002-03-13,31.24491310119629,37.08000183105469,37.65999984741211,36.869998931884766,37.40999984741211,71376200
2002-03-14,31.059524536132812,36.86000061035156,37.400001525878906,36.72999954223633,37.060001373291016,70700500
2002-03-15,31.37131118774414,37.22999954223633,37.33000183105469,36.59000015258789,36.88999938964844,63966500
2002-03-18,31.548250198364258,37.439998626708984,37.939998626708984,37.04999923706055,37.630001068115234,78938300
2002-03-19,31.497699737548828,37.380001068115234,37.880001068115234,37.220001220703125,37.599998474121094,58947600
2002-03-20,30.385408401489258,36.060001373291016,37.08000183105469,36.040000915527344,36.869998931884766,61816500
2002-03-21,31.194347381591797,37.02000045776367,37.13999938964844,35.900001525878906,36.150001525878906,89198800
2002-03-22,30.90785026550293,36.68000030517578,37.13999938964844,36.470001220703125,36.939998626708984,58930100
2002-03-25,29.96409034729004,35.560001373291016,36.900001525878906,35.52000045776367,36.689998626708984,87421900
2002-03-26,30.242170333862305,35.88999938964844,36.41999816894531,35.400001525878906,35.41999816894531,92457500
2002-03-27,30.006235122680664,35.61000061035156,36.0,35.400001525878906,35.630001068115234,64531800
2002-03-28,30.385408401489258,36.060001373291016,36.369998931884766,35.900001525878906,36.02000045776367,59539400
2002-04-01,30.966825485229492,36.75,36.900001525878906,35.29999923706055,35.79999923706055,70730500
2002-04-02,29.56806182861328,35.09000015258789,36.150001525878906,35.0,35.97999954223633,77759800
2002-04-03,29.51750373840332,35.029998779296875,35.45000076293945,34.29999923706055,35.29999923706055,85766400
2002-04-04,29.289995193481445,34.7599983215332,35.15999984741211,34.279998779296875,34.5,90521500
2002-04-05,28.96137237548828,34.369998931884766,35.16999816894531,34.18000030517578,35.0099983215332,68426000
2002-04-08,29.323692321777344,34.79999923706055,34.79999923706055,33.41999816894531,33.470001220703125,74950700
2002-04-09,28.30411720275879,33.59000015258789,34.97999954223633,33.4900016784668,34.779998779296875,80910200
2002-04-10,28.5147705078125,33.84000015258789,34.25,33.130001068115234,33.7599983215332,85748700
2002-04-11,27.80695152282715,33.0,33.849998474121094,32.880001068115234,33.65999984741211,90665600
2002-04-12,28.245145797729492,33.52000045776367,33.79999923706055,32.95000076293945,33.31999969482422,78360100
2002-04-15,28.472637176513672,33.790000915527344,33.959999084472656,33.20000076293945,33.79999923706055,69306800
2002-04-16,29.660757064819336,35.20000076293945,35.220001220703125,34.40999984741211,34.43000030517578,72064700
2002-04-17,29.509090423583984,35.02000045776367,35.5,34.650001525878906,35.400001525878906,69130100
2002-04-18,28.94451332092285,34.349998474121094,35.150001525878906,34.0,34.779998779296875,91086100
2002-04-19,29.037216186523438,34.459999084472656,35.060001373291016,34.380001068115234,35.04999923706055,62286800
2002-04-22,28.30411720275879,33.59000015258789,34.0099983215332,33.25,34.0099983215332,64625600
2002-04-23,27.815383911132812,33.0099983215332,33.939998626708984,32.70000076293945,33.59000015258789,73070300
2002-04-24,27.38564109802246,32.5,33.310001373291016,32.20000076293945,33.209999084472656,68953900
2002-04-25,27.318222045898438,32.41999816894531,32.72999954223633,32.0,32.29999923706055,103073700
2002-04-26,26.1553955078125,31.040000915527344,32.779998779296875,31.010000228881836,32.65999984741211,100193400
2002-04-29,26.222808837890625,31.1200008392334,31.549999237060547,30.559999465942383,31.239999771118164,85326800
2002-04-30,26.73680877685547,31.729999542236328,32.189998626708984,30.940000534057617,31.030000686645508,95357900
2002-05-01,26.59356117248535,31.559999465942383,31.84000015258789,30.579999923706055,31.670000076293945,109975700
2002-05-02,25.708797454833984,30.510000228881836,31.989999771118164,30.459999084472656,31.389999389648438,85852200
2002-05-03,25.05997085571289,29.739999771118164,30.510000228881836,29.479999542236328,30.469999313354492,92103200
2002-05-06,24.4111385345459,28.969999313354492,29.979999542236328,28.850000381469727,29.6299991607666,96491200
2002-05-07,24.183622360229492,28.700000762939453,29.350000381469727,28.420000076293945,29.270000457763672,101954400
2002-05-08,26.770509719848633,31.770000457763672,31.8799991607666,30.0,30.1299991607666,129741500
2002-05-09,26.07956314086914,30.950000762939453,31.889999389648438,30.799999237060547,31.56999969482422,106477200
2002-05-10,24.90829086303711,29.559999465942383,31.09000015258789,29.5,31.010000228881836,112282800
2002-05-13,25.919456481933594,30.760000228881836,30.979999542236328,29.670000076293945,29.8700008392334,93971200
2002-05-14,27.44461441040039,32.56999969482422,32.650001525878906,31.8700008392334,32.04999923706055,107284700
2002-05-15,27.6468563079834,32.810001373291016,33.630001068115234,31.850000381469727,32.08000183105469,150522100
2002-05-16,27.68900489807129,32.86000061035156,33.04999923706055,32.220001220703125,32.540000915527344,89916300
2002-05-17,27.747976303100586,32.93000030517578,33.40999984741211,32.470001220703125,33.290000915527344,82695000
2002-05-20,27.141279220581055,32.209999084472656,32.70000076293945,31.940000534057617,32.599998474121094,78144200
2002-05-21,26.399751663208008,31.329999923706055,32.59000015258789,31.0,32.36000061035156,104180000
2002-05-22,26.458738327026367,31.399999618530273,31.59000015258789,30.40999984741211,30.969999313354492,89543100
2002-05-23,26.98960304260254,32.029998779296875,32.099998474121094,30.799999237060547,31.6299991607666,94445800
2002-05-24,26.323915481567383,31.239999771118164,31.690000534057617,31.010000228881836,31.59000015258789,55874600
2002-05-28,26.205949783325195,31.100000381469727,31.520000457763672,30.489999771118164,31.469999313354492,68829400
2002-05-29,25.514989852905273,30.280000686645508,30.899999618530273,30.239999771118164,30.65999984741211,73470200
2002-05-30,25.734085083007812,30.540000915527344,30.719999313354492,29.899999618530273,30.010000228881836,92080500
2002-05-31,25.31275177001953,30.040000915527344,31.040000915527344,30.0,30.760000228881836,79907400
2002-06-03,24.419559478759766,28.979999542236328,30.25,28.790000915527344,30.0,77043700
2002-06-04,24.73976707458496,29.360000610351562,29.68000030517578,28.610000610351562,28.75,98366200
2002-06-05,24.9925479888916,29.65999984741211,29.799999237060547,28.969999313354492,29.420000076293945,95347100
2002-06-06,24.335298538208008,28.8799991607666,29.510000228881836,27.899999618530273,29.510000228881836,91129700
2002-06-07,23.846574783325195,28.299999237060547,28.790000915527344,27.520000457763672,27.6299991607666,106049200
2002-06-10,23.804443359375,28.25,28.75,28.139999389648438,28.360000610351562,73142900
2002-06-11,23.138769149780273,27.459999084472656,28.690000534057617,27.360000610351562,28.600000381469727,84609500
2002-06-12,23.475811004638672,27.860000610351562,27.959999084472656,26.829999923706055,27.239999771118164,152974400
2002-06-13,23.324138641357422,27.68000030517578,28.209999084472656,27.350000381469727,27.760000228881836,97556300
2002-06-14,23.27358055114746,27.6200008392334,27.719999313354492,26.200000762939453,26.860000610351562,122106800
2002-06-17,24.06566047668457,28.559999465942383,28.75,27.90999984741211,28.0,87618100
2002-06-18,24.453264236450195,29.020000457763672,29.149999618530273,28.280000686645508,28.309999465942383,100513400
2002-06-19,23.037643432617188,27.34000015258789,28.31999969482422,27.25,28.100000381469727,93507600
2002-06-20,22.296125411987305,26.459999084472656,27.450000762939453,25.670000076293945,27.270000457763672,99913200
2002-06-21,21.7568416595459,25.81999969482422,26.780000686645508,25.649999618530273,26.360000610351562,168755100
2002-06-24,22.18658447265625,26.329999923706055,26.799999237060547,25.209999084472656,25.450000762939453,219672100
2002-06-25,21.4534854888916,25.459999084472656,26.719999313354492,25.299999237060547,26.579999923706055,136336400
2002-06-26,21.61359405517578,25.649999618530273,25.780000686645508,24.389999389648438,24.43000030517578,149080300
2002-06-27,22.0854549407959,26.209999084472656,26.25,25.020000457763672,26.0,121371100
2002-06-28,21.992773056030273,26.100000381469727,26.75,25.850000381469727,26.049999237060547,87842000
2002-07-01,20.939485549926758,24.850000381469727,26.139999389648438,24.780000686645508,25.969999313354492,64753900
2002-07-02,20.18111228942871,23.950000762939453,24.75,23.09000015258789,24.600000381469727,111629600
2002-07-03,20.855215072631836,24.75,24.75,23.6200008392334,23.850000381469727,101067000
2002-07-05,22.195011138916016,26.34000015258789,26.389999389648438,25.049999237060547,25.260000228881836,56768300
2002-07-08,21.38608169555664,25.3799991607666,26.549999237060547,25.079999923706055,26.200000762939453,97288500
2002-07-09,20.779382705688477,24.65999984741211,25.479999542236328,24.59000015258789,25.25,91039600
2002-07-10,20.13897705078125,23.899999618530273,25.030000686645508,23.829999923706055,24.989999771118164,115365200
2002-07-11,20.897356033325195,24.799999237060547,24.889999389648438,23.530000686645508,23.760000228881836,170271200
2002-07-12,20.897356033325195,24.799999237060547,25.520000457763672,24.549999237060547,25.25,130027800
2002-07-15,21.54617691040039,25.56999969482422,25.639999389648438,23.75,24.68000030517578,140207200
2002-07-16,21.225976943969727,25.190000534057617,26.020000457763672,24.899999618530273,25.25,148281700
2002-07-17,21.61359405517578,25.649999618530273,26.440000534057617,24.889999389648438,26.06999969482422,157954700
2002-07-18,20.8383731842041,24.729999542236328,25.56999969482422,24.520000457763672,25.3799991607666,114052300
2002-07-19,20.214811325073242,23.989999771118164,24.709999084472656,23.799999237060547,24.329999923706055,124116400
2002-07-22,19.71766471862793,23.399999618530273,24.5,23.09000015258789,23.850000381469727,150034800
2002-07-23,18.875022888183594,22.399999618530273,23.75,22.280000686645508,23.450000762939453,150786800
2002-07-24,19.903043746948242,23.6200008392334,23.65999984741211,21.639999389648438,21.809999465942383,186493600
2002-07-25,18.74863052368164,22.25,23.399999618530273,21.799999237060547,23.25,153915500
2002-07-26,19.102540969848633,22.670000076293945,22.84000015258789,22.010000228881836,22.559999465942383,96034200
2002-07-29,20.07999610900879,23.829999923706055,24.1200008392334,23.079999923706055,23.270000457763672,96735200
2002-07-30,20.484455108642578,24.309999465942383,24.690000534057617,23.59000015258789,23.729999542236328,117394300
2002-07-31,20.09684944152832,23.850000381469727,24.190000534057617,23.360000610351562,24.0,93831300
2002-08-01,19.153099060058594,22.729999542236328,23.899999618530273,22.65999984741211,23.739999771118164,85149700
2002-08-02,18.74863052368164,22.25,22.84000015258789,21.81999969482422,22.780000686645508,86706000
2002-08-05,18.066091537475586,21.440000534057617,22.31999969482422,21.299999237060547,22.110000610351562,84897800
2002-08-06,18.959293365478516,22.5,23.010000228881836,21.790000915527344,21.799999237060547,115364600
2002-08-07,19.212080001831055,22.799999237060547,23.3700008392334,21.959999084472656,23.200000762939453,125677100
2002-08-08,19.86090660095215,23.56999969482422,23.600000381469727,22.299999237060547,22.75,111697900
2002-08-09,19.658681869506836,23.329999923706055,23.709999084472656,22.8799991607666,23.200000762939453,93576900
2002-08-12,19.71766471862793,23.399999618530273,23.479999542236328,22.899999618530273,23.049999237060547,62870900
2002-08-13,19.04355812072754,22.600000381469727,23.8700008392334,22.549999237060547,23.229999542236328,88434400
2002-08-14,20.25695037841797,24.040000915527344,24.200000762939453,22.469999313354492,22.670000076293945,102613500
2002-08-15,20.669837951660156,24.530000686645508,24.549999237060547,23.719999313354492,24.239999771118164,120307800
2002-08-16,20.81309700012207,24.700000762939453,25.0,23.729999542236328,24.1299991607666,95853000
2002-08-19,21.318666458129883,25.299999237060547,25.59000015258789,24.68000030517578,24.770000457763672,76015900
2002-08-20,21.225976943969727,25.190000534057617,25.43000030517578,24.850000381469727,25.18000030517578,89981300
2002-08-21,21.697853088378906,25.75,25.850000381469727,25.0,25.389999389648438,101365500
2002-08-22,22.04334259033203,26.15999984741211,26.209999084472656,25.420000076293945,25.739999771118164,80345500
2002-08-23,21.19226837158203,25.149999618530273,25.809999465942383,24.950000762939453,25.799999237060547,75211200
2002-08-26,21.276533126831055,25.25,25.389999389648438,24.610000610351562,25.299999237060547,83335400
2002-08-27,20.535024642944336,24.3700008392334,25.510000228881836,24.149999618530273,25.43000030517578,92340400
2002-08-28,19.785062789916992,23.479999542236328,24.09000015258789,23.389999389648438,24.020000457763672,115562300
2002-08-29,20.046289443969727,23.790000915527344,24.219999313354492,23.020000457763672,23.200000762939453,97028200
2002-08-30,19.79349136352539,23.489999771118164,24.0,23.3799991607666,23.6200008392334,59474900
2002-09-03,19.077255249023438,22.639999389648438,23.43000030517578,22.34000015258789,23.059999465942383,81828100
2002-09-04,19.153099060058594,22.729999542236328,23.020000457763672,22.239999771118164,22.5,82717600
2002-09-05,18.681215286254883,22.170000076293945,22.5,21.93000030517578,22.399999618530273,91576600
2002-09-06,19.254213333129883,22.850000381469727,23.219999313354492,22.600000381469727,22.65999984741211,86008800
2002-09-09,19.448009490966797,23.079999923706055,23.3700008392334,22.389999389648438,22.670000076293945,72679500
2002-09-10,19.92833137512207,23.649999618530273,23.670000076293945,23.030000686645508,23.229999542236328,74615800
2002-09-11,19.759794235229492,23.450000762939453,24.350000381469727,23.420000076293945,24.1200008392334,73902800
2002-09-12,19.220500946044922,22.809999465942383,23.260000228881836,22.709999084472656,23.229999542236328,70763500
2002-09-13,19.372180938720703,22.989999771118164,23.079999923706055,22.520000457763672,22.600000381469727,79716100
2002-09-16,19.094114303588867,22.65999984741211,23.0,22.3700008392334,22.860000610351562,58853600
2002-09-17,18.689651489257812,22.18000030517578,23.209999084472656,22.18000030517578,23.049999237060547,89139700
2002-09-18,18.47899627685547,21.93000030517578,22.549999237060547,21.780000686645508,22.010000228881836,92358300
2002-09-19,18.18407440185547,21.579999923706055,22.1299991607666,21.549999237060547,21.700000762939453,86247700
2002-09-20,18.259906768798828,21.670000076293945,21.899999618530273,21.479999542236328,21.829999923706055,78116900
2002-09-23,17.712186813354492,21.020000457763672,21.520000457763672,20.809999465942383,21.450000762939453,72757500
2002-09-24,17.720624923706055,21.030000686645508,21.450000762939453,20.649999618530273,20.68000030517578,91507300
2002-09-25,18.42843246459961,21.8700008392334,22.040000915527344,21.100000381469727,21.350000381469727,98051900
2002-09-26,18.20092010498047,21.600000381469727,22.329999923706055,21.3700008392334,22.15999984741211,104453500
2002-09-27,17.956546783447266,21.309999465942383,22.209999084472656,21.309999465942383,21.549999237060547,92249700
2002-09-30,17.45939064025879,20.719999313354492,21.239999771118164,20.489999771118164,21.06999969482422,91502500
2002-10-01,18.52111053466797,21.979999542236328,21.989999771118164,20.469999313354492,20.90999984741211,102096000
2002-10-02,17.905996322631836,21.25,21.969999313354492,20.969999313354492,21.510000228881836,94829700
2002-10-03,17.476261138916016,20.739999771118164,21.399999618530273,20.68000030517578,21.059999465942383,74354800
2002-10-04,17.147628784179688,20.350000381469727,21.020000457763672,20.110000610351562,20.940000534057617,81837100
2002-10-07,16.98751449584961,20.15999984741211,20.59000015258789,19.850000381469727,20.260000228881836,79861800
2002-10-08,17.021224975585938,20.200000762939453,20.610000610351562,19.760000228881836,20.280000686645508,94103100
2002-10-09,16.903263092041016,20.059999465942383,20.530000686645508,19.84000015258789,19.940000534057617,103301000
2002-10-10,17.762746810913086,21.079999923706055,21.209999084472656,19.90999984741211,20.100000381469727,109610500
2002-10-11,18.723352432250977,22.219999313354492,22.3799991607666,21.420000076293945,21.549999237060547,124777400
2002-10-14,18.942434310913086,22.479999542236328,22.5,21.780000686645508,21.8700008392334,78890300
2002-10-15,19.85248374938965,23.559999465942383,23.6299991607666,23.18000030517578,23.440000534057617,118176000
2002-10-16,19.19522476196289,22.780000686645508,23.15999984741211,22.06999969482422,22.709999084472656,97441900
2002-10-17,19.844058990478516,23.549999237060547,23.809999465942383,22.579999923706055,23.600000381469727,95754500
2002-10-18,20.063146591186523,23.809999465942383,23.850000381469727,22.93000030517578,23.280000686645508,84941900
2002-10-21,20.467605590820312,24.290000915527344,24.450000762939453,23.299999237060547,23.520000457763672,85311500
2002-10-22,20.34120750427246,24.139999389648438,24.34000015258789,23.649999618530273,23.729999542236328,89947000
2002-10-23,20.728830337524414,24.600000381469727,24.6299991607666,23.670000076293945,23.850000381469727,88093500
2002-10-24,20.20638084411621,23.979999542236328,24.860000610351562,23.920000076293945,24.68000030517578,88674800
2002-10-25,20.81309700012207,24.700000762939453,24.75,23.989999771118164,23.989999771118164,71557300
2002-10-28,20.63613510131836,24.489999771118164,25.040000915527344,24.170000076293945,25.0,90272000
2002-10-29,20.155838012695312,23.920000076293945,24.469999313354492,23.3700008392334,24.309999465942383,90293800
2002-10-30,20.695112228393555,24.559999465942383,24.790000915527344,23.850000381469727,24.059999465942383,103531100
2002-10-31,20.686689376831055,24.549999237060547,25.040000915527344,24.360000610351562,24.65999984741211,81493100
2002-11-01,21.276533126831055,25.25,25.399999618530273,24.139999389648438,24.3700008392334,86658400
2002-11-04,21.824251174926758,25.899999618530273,26.81999969482422,25.799999237060547,26.049999237060547,110562400
2002-11-05,21.992773056030273,26.100000381469727,26.170000076293945,25.559999465942383,25.709999084472656,79603300
2002-11-06,22.30455780029297,26.469999313354492,26.610000610351562,25.639999389648438,26.290000915527344,116251700
2002-11-07,21.520898818969727,25.540000915527344,26.100000381469727,25.309999465942383,25.989999771118164,82711600
2002-11-08,21.124860763549805,25.06999969482422,25.8700008392334,24.959999084472656,25.489999771118164,76937600
2002-11-11,20.484455108642578,24.309999465942383,25.020000457763672,24.149999618530273,24.950000762939453,74384300
2002-11-12,21.006898880004883,24.93000030517578,25.399999618530273,24.399999618530273,24.399999618530273,88748800
2002-11-13,21.259687423706055,25.229999542236328,25.700000762939453,24.489999771118164,24.700000762939453,119341800
2002-11-14,21.992773056030273,26.100000381469727,26.420000076293945,25.520000457763672,25.579999923706055,85720100
2002-11-15,22.279272079467773,26.440000534057617,26.450000762939453,25.75,25.899999618530273,69291300
2002-11-18,21.95064353942871,26.049999237060547,26.770000457763672,25.989999771118164,26.709999084472656,76238000
2002-11-19,21.61359405517578,25.649999618530273,26.049999237060547,25.299999237060547,25.799999237060547,88139200
2002-11-20,22.532052993774414,26.739999771118164,26.75,25.540000915527344,25.559999465942383,75104700
2002-11-21,23.36626625061035,27.729999542236328,27.84000015258789,26.75,26.93000030517578,105472900
2002-11-22,23.357847213745117,27.719999313354492,27.940000534057617,27.31999969482422,27.3700008392334,73808600
2002-11-25,23.58535385131836,27.989999771118164,28.200000762939453,27.540000915527344,27.760000228881836,72666100
2002-11-26,22.793277740478516,27.049999237060547,27.8700008392334,26.899999618530273,27.780000686645508,80017900
2002-11-27,23.517940521240234,27.90999984741211,28.200000762939453,27.479999542236328,27.530000686645508,73643900
2002-11-29,23.357847213745117,27.719999313354492,28.290000915527344,27.219999313354492,28.209999084472656,34652100
2002-12-02,23.59377670288086,28.0,28.790000915527344,27.56999969482422,28.420000076293945,85136000
2002-12-03,22.894399642944336,27.170000076293945,27.579999923706055,26.93000030517578,27.549999237060547,76595500
2002-12-04,22.38881492614746,26.56999969482422,26.950000762939453,26.209999084472656,26.559999465942383,130115900
2002-12-05,22.077043533325195,26.200000762939453,27.0,26.1299991607666,26.950000762939453,84933200
2002-12-06,22.30455780029297,26.469999313354492,26.719999313354492,25.739999771118164,25.809999465942383,81727900
2002-12-09,21.251256942749023,25.219999313354492,26.549999237060547,25.200000762939453,26.219999313354492,75855200
2002-12-10,21.571455001831055,25.600000381469727,25.950000762939453,25.350000381469727,25.420000076293945,69578300
2002-12-11,21.67257308959961,25.719999313354492,26.06999969482422,25.31999969482422,25.440000534057617,64237600
2002-12-12,21.79054069519043,25.860000610351562,26.690000534057617,25.559999465942383,26.0,62296400
2002-12-13,21.099584579467773,25.040000915527344,25.56999969482422,25.010000228881836,25.520000457763672,72647800
2002-12-16,21.782119750976562,25.850000381469727,25.959999084472656,25.06999969482422,25.219999313354492,60278500
2002-12-17,21.849525451660156,25.93000030517578,26.200000762939453,25.65999984741211,25.809999465942383,62562700
2002-12-18,21.38608169555664,25.3799991607666,25.600000381469727,25.049999237060547,25.549999237060547,67130700
2002-12-19,21.11642837524414,25.059999465942383,25.780000686645508,24.809999465942383,25.170000076293945,95969700
2002-12-20,21.335527420043945,25.31999969482422,25.450000762939453,25.06999969482422,25.329999923706055,65578600
2002-12-23,21.630434036254883,25.670000076293945,25.760000228881836,25.1299991607666,25.18000030517578,45941700
2002-12-24,21.360797882080078,25.350000381469727,25.729999542236328,25.31999969482422,25.5,16772700
2002-12-26,21.30181884765625,25.280000686645508,25.90999984741211,25.170000076293945,25.530000686645508,33795400
2002-12-27,20.91419792175293,24.81999969482422,25.850000381469727,24.75,25.18000030517578,42490200
2002-12-30,20.754106521606445,24.6299991607666,24.969999313354492,24.360000610351562,24.84000015258789,57396400
2002-12-31,20.535024642944336,24.3700008392334,24.709999084472656,24.280000686645508,24.540000915527344,46015400
2003-01-02,21.402929306030273,25.399999618530273,25.549999237060547,24.450000762939453,24.719999313354492,65903200
2003-01-03,21.638872146606445,25.68000030517578,25.709999084472656,25.280000686645508,25.459999084472656,39059500
2003-01-06,22.17815399169922,26.31999969482422,26.59000015258789,25.200000762939453,25.709999084472656,67223400
2003-01-07,22.456222534179688,26.649999618530273,26.93000030517578,26.25,26.40999984741211,88726100
2003-01-08,21.824251174926758,25.899999618530273,26.969999313354492,25.84000015258789,26.389999389648438,74989900
2003-01-09,22.49835968017578,26.700000762939453,26.979999542236328,26.219999313354492,26.239999771118164,75391100
2003-01-10,22.83540916442871,27.100000381469727,27.260000228881836,26.219999313354492,26.350000381469727,82594300
2003-01-13,22.70060157775879,26.940000534057617,27.469999313354492,26.729999542236328,27.329999923706055,72870300
2003-01-14,22.818557739257812,27.079999923706055,27.31999969482422,26.850000381469727,26.90999984741211,46993800
2003-01-15,22.532052993774414,26.739999771118164,27.350000381469727,26.579999923706055,27.239999771118164,55131000
2003-01-16,22.279272079467773,26.440000534057617,26.979999542236328,26.25,26.790000915527344,68740300
2003-01-17,21.327085494995117,25.309999465942383,25.940000534057617,25.270000457763672,25.899999618530273,77289400
2003-01-21,21.09116554260254,25.030000686645508,25.549999237060547,25.020000457763672,25.40999984741211,67729600
2003-01-22,21.006898880004883,24.93000030517578,25.530000686645508,24.8700008392334,24.959999084472656,80020200
2003-01-23,21.495622634887695,25.510000228881836,25.84000015258789,25.110000610351562,25.399999618530273,78471100
2003-01-24,20.91419792175293,24.81999969482422,25.530000686645508,24.639999389648438,25.530000686645508,74519700
2003-01-27,20.669837951660156,24.530000686645508,25.030000686645508,24.3700008392334,24.450000762939453,76561000
2003-01-28,20.880496978759766,24.780000686645508,25.049999237060547,24.420000076293945,24.770000457763672,65217200
2003-01-29,21.19226837158203,25.149999618530273,25.450000762939453,24.34000015258789,24.760000228881836,95717500
2003-01-30,20.644556045532227,24.5,25.420000076293945,24.489999771118164,25.31999969482422,70333800
2003-01-31,20.59400749206543,24.440000534057617,24.760000228881836,24.010000228881836,24.059999465942383,90505600
2003-02-03,20.63613510131836,24.489999771118164,24.790000915527344,24.3799991607666,24.520000457763672,53158800
2003-02-04,20.383342742919922,24.190000534057617,24.299999237060547,23.81999969482422,24.18000030517578,68235700
2003-02-05,20.2906494140625,24.079999923706055,24.860000610351562,24.010000228881836,24.329999923706055,80107700
2003-02-06,20.40020751953125,24.209999084472656,24.350000381469727,23.860000610351562,24.040000915527344,103552000
2003-02-07,20.063146591186523,23.809999465942383,24.450000762939453,23.649999618530273,24.360000610351562,72312400
2003-02-10,20.240100860595703,24.020000457763672,24.25,23.6200008392334,23.889999389648438,67572600
2003-02-11,20.349637985229492,24.149999618530273,24.610000610351562,23.920000076293945,24.25,77823300
2003-02-12,20.07155990600586,23.81999969482422,24.329999923706055,23.780000686645508,24.06999969482422,51753000
2003-02-13,20.17268180847168,23.940000534057617,23.979999542236328,23.31999969482422,23.850000381469727,77387400
2003-02-14,20.63613510131836,24.489999771118164,24.5,23.6200008392334,23.829999923706055,67510400
2003-02-18,21.276533126831055,25.25,25.34000015258789,24.68000030517578,24.700000762939453,73976800
2003-02-19,21.133285522460938,25.079999923706055,25.239999771118164,24.709999084472656,25.200000762939453,45541400
2003-02-20,21.04902458190918,24.979999542236328,25.270000457763672,24.84000015258789,25.149999618530273,59759800
2003-02-21,21.209131240844727,25.170000076293945,25.3700008392334,24.510000228881836,24.93000030517578,70228500
2003-02-24,20.84678840637207,24.739999771118164,25.209999084472656,24.709999084472656,25.1299991607666,56646600
2003-02-25,20.872068405151367,24.770000457763672,24.950000762939453,24.079999923706055,24.450000762939453,74440700
2003-02-26,20.40861701965332,24.219999313354492,24.940000534057617,24.200000762939453,24.68000030517578,60005600
2003-02-27,20.872068405151367,24.770000457763672,24.920000076293945,24.270000457763672,24.420000076293945,66424000
2003-02-28,21.200698852539062,25.15999984741211,25.219999313354492,24.719999313354492,24.809999465942383,50185800
2003-03-03,20.77094841003418,24.649999618530273,25.479999542236328,24.559999465942383,25.270000457763672,60414400
2003-03-04,20.644556045532227,24.5,24.770000457763672,24.420000076293945,24.65999984741211,56043500
2003-03-05,20.686689376831055,24.549999237060547,24.780000686645508,24.31999969482422,24.399999618530273,69096500
2003-03-06,20.63613510131836,24.489999771118164,24.68000030517578,24.229999542236328,24.43000030517578,59108600
2003-03-07,20.678264617919922,24.540000915527344,24.690000534057617,23.959999084472656,24.079999923706055,73291000
2003-03-10,20.231674194335938,24.010000228881836,24.450000762939453,23.90999984741211,24.329999923706055,55948000
2003-03-11,20.05470848083496,23.799999237060547,24.239999771118164,23.780000686645508,24.059999465942383,54934200
2003-03-12,20.417049407958984,24.229999542236328,24.239999771118164,23.540000915527344,23.760000228881836,77859800
2003-03-13,21.588314056396484,25.6200008392334,25.649999618530273,24.399999618530273,24.639999389648438,128537600
2003-03-14,21.67257308959961,25.719999313354492,25.979999542236328,25.360000610351562,25.729999542236328,89794400
2003-03-17,22.41408920288086,26.600000381469727,26.799999237060547,25.350000381469727,25.43000030517578,141040800
2003-03-18,22.69216537475586,26.93000030517578,26.969999313354492,26.420000076293945,26.799999237060547,96548700
2003-03-19,22.49835968017578,26.700000762939453,26.950000762939453,26.329999923706055,26.850000381469727,91315100
2003-03-20,22.582616806030273,26.799999237060547,27.139999389648438,26.170000076293945,26.540000915527344,92789700
2003-03-21,22.894399642944336,27.170000076293945,27.3799991607666,26.200000762939453,27.209999084472656,93304600
2003-03-24,21.942211151123047,26.040000915527344,26.600000381469727,25.969999313354492,26.469999313354492,85244500
2003-03-25,22.253995895385742,26.40999984741211,26.760000228881836,26.010000228881836,26.149999618530273,78731500
2003-03-26,22.380388259887695,26.559999465942383,26.770000457763672,26.360000610351562,26.5,67880200
2003-03-27,22.22028923034668,26.3700008392334,26.649999618530273,26.100000381469727,26.270000457763672,64113100
2003-03-28,21.975921630859375,26.079999923706055,26.43000030517578,25.950000762939453,26.139999389648438,45374700
2003-03-31,21.276533126831055,25.25,25.729999542236328,25.209999084472656,25.600000381469727,89345300
2003-04-01,21.445072174072266,25.450000762939453,25.670000076293945,25.25,25.440000534057617,73159500
2003-04-02,22.034902572631836,26.149999618530273,26.559999465942383,26.030000686645508,26.059999465942383,75843800
2003-04-03,22.31298065185547,26.479999542236328,26.850000381469727,26.309999465942383,26.639999389648438,70138200
2003-04-04,21.95064353942871,26.049999237060547,26.600000381469727,25.969999313354492,26.56999969482422,65665700
2003-04-07,21.98434829711914,26.09000015258789,27.200000762939453,26.06999969482422,27.110000610351562,83842700
2003-04-08,21.95907211303711,26.059999465942383,26.290000915527344,25.8799991607666,26.149999618530273,54250600
2003-04-09,21.4534854888916,25.459999084472656,26.280000686645508,25.40999984741211,26.100000381469727,76457100
2003-04-10,21.714706420898438,25.770000457763672,25.770000457763672,25.299999237060547,25.459999084472656,57017500
2003-04-11,21.495622634887695,25.510000228881836,26.15999984741211,25.360000610351562,26.020000457763672,67974500
2003-04-14,21.93379783630371,26.030000686645508,26.139999389648438,25.489999771118164,25.600000381469727,52476200
2003-04-15,22.14444923400879,26.280000686645508,26.459999084472656,25.850000381469727,25.969999313354492,64655700
2003-04-16,22.093891143798828,26.219999313354492,26.829999923706055,26.1200008392334,26.649999618530273,70711600
2003-04-17,22.599468231201172,26.81999969482422,26.979999542236328,26.149999618530273,26.15999984741211,70179900
2003-04-21,22.68373680114746,26.920000076293945,27.100000381469727,26.6200008392334,26.940000534057617,52729600
2003-04-22,23.113475799560547,27.43000030517578,27.459999084472656,26.649999618530273,26.729999542236328,70757200
2003-04-23,23.282014846801758,27.6299991607666,27.75,27.260000228881836,27.5,70327100
2003-04-24,23.155607223510742,27.479999542236328,27.75,27.270000457763672,27.360000610351562,72383900
2003-04-25,22.70902442932129,26.950000762939453,27.420000076293945,26.860000610351562,27.31999969482422,63277900
2003-04-28,23.155607223510742,27.479999542236328,27.6299991607666,26.950000762939453,27.049999237060547,59666200
2003-04-29,23.36626625061035,27.729999542236328,28.059999465942383,27.40999984741211,27.639999389648438,79903800
2003-04-30,23.130342483520508,27.450000762939453,27.790000915527344,27.43000030517578,27.649999618530273,60202100
2003-05-01,23.332563400268555,27.690000534057617,27.8700008392334,27.190000534057617,27.440000534057617,66022600
2003-05-02,23.829715728759766,28.280000686645508,28.290000915527344,27.56999969482422,27.610000610351562,85004100
2003-05-05,23.804443359375,28.25,28.709999084472656,28.170000076293945,28.329999923706055,80520300
2003-05-06,24.107791900634766,28.610000610351562,28.899999618530273,28.209999084472656,28.219999313354492,77338300
2003-05-07,23.83814811706543,28.290000915527344,28.690000534057617,28.1200008392334,28.40999984741211,70353200
2003-05-08,23.399982452392578,27.770000457763672,28.190000534057617,27.760000228881836,27.850000381469727,80249100
2003-05-09,23.939266204833984,28.40999984741211,28.479999542236328,28.0,28.040000915527344,58528200
2003-05-12,24.301599502563477,28.84000015258789,28.959999084472656,28.170000076293945,28.360000610351562,67487300
2003-05-13,24.14992332458496,28.65999984741211,28.989999771118164,28.540000915527344,28.6299991607666,64934300
2003-05-14,24.099365234375,28.600000381469727,28.969999313354492,28.360000610351562,28.8700008392334,62181200
2003-05-15,24.369007110595703,28.920000076293945,28.979999542236328,28.559999465942383,28.75,62232100
2003-05-16,24.183622360229492,28.700000762939453,28.940000534057617,28.479999542236328,28.729999542236328,70590400
2003-05-19,23.332563400268555,27.690000534057617,28.68000030517578,27.610000610351562,28.520000457763672,91334800
2003-05-20,23.399982452392578,27.770000457763672,27.959999084472656,27.40999984741211,27.760000228881836,71817800
2003-05-21,23.332563400268555,27.690000534057617,27.75,27.440000534057617,27.649999618530273,63648500
2003-05-22,23.669626235961914,28.09000015258789,28.31999969482422,27.6200008392334,27.760000228881836,62401400
2003-05-23,23.67804527282715,28.100000381469727,28.25,27.950000762939453,28.040000915527344,37922500
2003-05-27,24.520689010620117,29.100000381469727,29.219999313354492,27.899999618530273,27.93000030517578,101422100
2003-05-28,24.59651756286621,29.190000534057617,29.399999618530273,28.959999084472656,29.15999984741211,76290400
2003-05-29,24.6976375579834,29.309999465942383,29.799999237060547,29.15999984741211,29.229999542236328,97336000
2003-05-30,25.102108001708984,29.790000915527344,29.8700008392334,29.450000762939453,29.530000686645508,78093700
2003-06-02,24.92514991760254,29.579999923706055,30.200000762939453,29.309999465942383,30.079999923706055,102937000
2003-06-03,25.161083221435547,29.860000610351562,29.8799991607666,29.329999923706055,29.440000534057617,81672600
2003-06-04,25.632963180541992,30.420000076293945,30.579999923706055,29.719999313354492,29.809999465942383,87046100
2003-06-05,25.81833839416504,30.639999389648438,30.68000030517578,29.969999313354492,30.1299991607666,88747900
2003-06-06,25.38858985900879,30.1299991607666,31.469999313354492,30.040000915527344,31.209999084472656,157178100
2003-06-09,25.051542282104492,29.729999542236328,30.219999313354492,29.530000686645508,30.0,94941800
2003-06-10,25.430723190307617,30.18000030517578,30.200000762939453,29.68000030517578,29.860000610351562,69660100
2003-06-11,25.717222213745117,30.520000457763672,30.639999389648438,29.799999237060547,30.06999969482422,87338200
2003-06-12,25.82676124572754,30.649999618530273,30.75,30.260000228881836,30.639999389648438,79450500
2003-06-13,25.245346069335938,29.959999084472656,30.729999542236328,29.860000610351562,30.65999984741211,83353600
2003-06-16,26.02057456970215,30.8799991607666,30.899999618530273,30.0,30.170000076293945,71211800
2003-06-17,25.919456481933594,30.760000228881836,31.110000610351562,30.559999465942383,31.020000457763672,67571200
2003-06-18,26.054279327392578,30.920000076293945,31.229999542236328,30.450000762939453,30.65999984741211,80215700
2003-06-19,25.632963180541992,30.420000076293945,31.239999771118164,30.3799991607666,30.979999542236328,79467200
2003-06-20,25.59925079345703,30.3799991607666,30.780000686645508,30.25,30.690000534057617,71512400
2003-06-23,25.203218460083008,29.90999984741211,30.3700008392334,29.559999465942383,30.329999923706055,86509400
2003-06-24,25.009418487548828,29.68000030517578,30.1299991607666,29.530000686645508,29.729999542236328,83004400
2003-06-25,24.874589920043945,29.520000457763672,30.18000030517578,29.469999313354492,29.670000076293945,94255300
2003-06-26,25.464426040649414,30.219999313354492,30.280000686645508,29.610000610351562,29.709999084472656,79187500
2003-06-27,25.13580894470215,29.829999923706055,30.56999969482422,29.770000457763672,30.25,82451900
2003-06-30,25.236919403076172,29.950000762939453,30.34000015258789,29.799999237060547,30.15999984741211,72043000
2003-07-01,25.5739803314209,30.350000381469727,30.3799991607666,29.260000228881836,29.700000762939453,105852500
2003-07-02,26.09640884399414,30.969999313354492,30.989999771118164,30.3799991607666,30.40999984741211,81972500
2003-07-03,25.767778396606445,30.579999923706055,31.100000381469727,30.469999313354492,30.700000762939453,50050400
2003-07-07,26.871627807617188,31.889999389648438,31.899999618530273,30.959999084472656,30.969999313354492,88554600
2003-07-08,27.200265884399414,32.279998779296875,32.310001373291016,31.6200008392334,31.780000686645508,81874500
2003-07-09,27.13285255432129,32.20000076293945,32.4900016784668,31.93000030517578,32.18000030517578,89588400
2003-07-10,26.62726402282715,31.600000381469727,31.989999771118164,31.329999923706055,31.850000381469727,102928700
2003-07-11,26.829500198364258,31.84000015258789,31.989999771118164,31.610000610351562,31.649999618530273,67728100
2003-07-14,27.14971160888672,32.220001220703125,32.75,32.06999969482422,32.34000015258789,84524600
2003-07-15,27.183406829833984,32.2599983215332,32.650001525878906,31.940000534057617,32.529998779296875,75059000
2003-07-16,27.099151611328125,32.15999984741211,32.5,31.729999542236328,32.459999084472656,80138700
2003-07-17,26.273365020751953,31.18000030517578,31.84000015258789,31.040000915527344,31.68000030517578,116260400
2003-07-18,26.35762596130371,31.280000686645508,31.549999237060547,30.920000076293945,31.399999618530273,80519000
2003-07-21,26.02057456970215,30.8799991607666,31.299999237060547,30.610000610351562,31.239999771118164,111325300
2003-07-22,26.408184051513672,31.34000015258789,31.5,30.860000610351562,31.110000610351562,91471500
2003-07-23,26.62726402282715,31.600000381469727,31.639999389648438,30.989999771118164,31.389999389648438,69050400
2003-07-24,26.273365020751953,31.18000030517578,32.02000045776367,31.079999923706055,31.850000381469727,82999700
2003-07-25,26.795795440673828,31.799999237060547,31.84000015258789,30.770000457763672,31.1299991607666,82709600
2003-07-28,26.871627807617188,31.889999389648438,31.989999771118164,31.600000381469727,31.860000610351562,56180800
2003-07-29,26.66940689086914,31.649999618530273,32.02000045776367,31.239999771118164,31.93000030517578,80560100
2003-07-30,26.475601196289062,31.420000076293945,31.739999771118164,31.329999923706055,31.709999084472656,56617300
2003-07-31,26.795795440673828,31.799999237060547,32.33000183105469,31.520000457763672,31.790000915527344,85544100
2003-08-01,26.509300231933594,31.459999084472656,31.790000915527344,31.299999237060547,31.690000534057617,73545400
2003-08-04,26.500879287719727,31.450000762939453,31.799999237060547,30.84000015258789,31.420000076293945,96344600
2003-08-05,25.456010818481445,30.209999084472656,31.479999542236328,30.100000381469727,31.40999984741211,111041800
2003-08-06,25.439146041870117,30.190000534057617,30.770000457763672,30.100000381469727,30.360000610351562,96816000
2003-08-07,25.540271759033203,30.309999465942383,30.510000228881836,30.020000457763672,30.219999313354492,67326600
2003-08-08,25.33803367614746,30.06999969482422,30.549999237060547,29.93000030517578,30.43000030517578,66677100
2003-08-11,25.61609649658203,30.399999618530273,30.600000381469727,30.030000686645508,30.079999923706055,63712200
2003-08-12,26.003719329833984,30.860000610351562,30.899999618530273,30.329999923706055,30.510000228881836,59676100
2003-08-13,26.01214027404785,30.8700008392334,31.06999969482422,30.649999618530273,30.979999542236328,57969700
2003-08-14,26.037431716918945,30.899999618530273,31.190000534057617,30.670000076293945,30.8799991607666,50271500
2003-08-15,26.264938354492188,31.170000076293945,31.290000915527344,30.93000030517578,31.0,28116300
2003-08-18,26.939043045043945,31.969999313354492,32.0099983215332,31.229999542236328,31.309999465942383,67224100
2003-08-19,27.27610206604004,32.369998931884766,32.380001068115234,31.850000381469727,32.11000061035156,68205000
2003-08-20,27.208690643310547,32.290000915527344,32.52000045776367,32.02000045776367,32.099998474121094,58233500
2003-08-21,27.503602981567383,32.63999938964844,32.81999969482422,32.27000045776367,32.59000015258789,77161400
2003-08-22,27.335086822509766,32.439998626708984,33.369998931884766,32.380001068115234,33.2599983215332,92989800
2003-08-25,27.394060134887695,32.5099983215332,32.540000915527344,32.209999084472656,32.36000061035156,43044700
2003-08-26,27.419347763061523,32.540000915527344,32.59000015258789,31.809999465942383,32.279998779296875,79838500
2003-08-27,27.63843536376953,32.79999923706055,32.83000183105469,32.369998931884766,32.4900016784668,47532100
2003-08-28,27.882783889770508,33.09000015258789,33.119998931884766,32.52000045776367,32.939998626708984,55311000
2003-08-29,28.135595321655273,33.38999938964844,33.459999084472656,32.97999954223633,33.040000915527344,53148800
2003-09-02,28.540048599243164,33.869998931884766,33.88999938964844,33.130001068115234,33.4900016784668,80303100
2003-09-03,28.52320671081543,33.849998474121094,34.20000076293945,33.650001525878906,34.099998474121094,85234800
2003-09-04,28.784412384033203,34.15999984741211,34.220001220703125,33.70000076293945,33.83000183105469,63736100
2003-09-05,28.59903335571289,33.939998626708984,34.34000015258789,33.66999816894531,33.970001220703125,91024100
2003-09-08,29.070919036865234,34.5,34.529998779296875,33.95000076293945,34.0,69296000
2003-09-09,28.725433349609375,34.09000015258789,34.38999938964844,33.91999816894531,34.31999969482422,87817500
2003-09-10,28.034473419189453,33.27000045776367,33.88999938964844,33.11000061035156,33.75,111624500
2003-09-11,28.346237182617188,33.63999938964844,33.779998779296875,33.0099983215332,33.279998779296875,96914900
2003-09-12,28.49793243408203,33.81999969482422,33.84000015258789,33.04999923706055,33.34000015258789,104963000
2003-09-15,28.2198429107666,33.4900016784668,33.90999984741211,33.439998626708984,33.84000015258789,54594200
2003-09-16,28.98665428161621,34.400001525878906,34.43000030517578,33.52000045776367,33.52000045776367,87463800
2003-09-17,28.868684768676758,34.2599983215332,34.5,34.029998779296875,34.33000183105469,79794700
2003-09-18,29.306842803955078,34.779998779296875,34.86000061035156,34.0,34.16999816894531,91469900
2003-09-19,29.138320922851562,34.58000183105469,34.86000061035156,34.36000061035156,34.790000915527344,69796000
2003-09-22,28.582181930541992,33.91999816894531,34.20000076293945,33.77000045776367,34.130001068115234,97477500
2003-09-23,29.087778091430664,34.52000045776367,34.560001373291016,33.90999984741211,33.970001220703125,77826500
2003-09-24,27.992347717285156,33.220001220703125,34.52000045776367,33.16999816894531,34.5099983215332,115057400
2003-09-25,27.630002975463867,32.790000915527344,33.7400016784668,32.7599983215332,33.380001068115234,117604800
2003-09-26,27.453052520751953,32.58000183105469,33.16999816894531,32.52000045776367,32.88999938964844,106581000
2003-09-29,27.924922943115234,33.13999938964844,33.16999816894531,32.45000076293945,32.7599983215332,96862800
2003-09-30,27.318222045898438,32.41999816894531,32.959999084472656,32.36000061035156,32.91999816894531,119122500
2003-10-01,27.93336296081543,33.150001525878906,33.22999954223633,32.41999816894531,32.61000061035156,106653600
2003-10-02,28.026052474975586,33.2599983215332,33.43000030517578,32.93000030517578,33.099998474121094,83911100
2003-10-03,28.809703826904297,34.189998626708984,34.470001220703125,33.81999969482422,33.849998474121094,112862800
2003-10-06,29.020347595214844,34.439998626708984,34.45000076293945,34.060001373291016,34.279998779296875,49162900
2003-10-07,29.197301864624023,34.650001525878906,34.650001525878906,34.0099983215332,34.15999984741211,80104600
2003-10-08,29.011917114257812,34.43000030517578,34.84000015258789,34.220001220703125,34.810001373291016,71387400
2003-10-09,29.23101806640625,34.689998626708984,35.27000045776367,34.43000030517578,34.90999984741211,118216100
2003-10-10,29.500654220581055,35.0099983215332,35.029998779296875,34.63999938964844,34.77000045776367,68356200
2003-10-13,29.694459915161133,35.2400016784668,35.369998931884766,34.91999816894531,35.13999938964844,60919800
2003-10-14,29.770301818847656,35.33000183105469,35.43000030517578,34.959999084472656,35.099998474121094,62274900
2003-10-15,29.64390754699707,35.18000030517578,35.849998474121094,35.029998779296875,35.79999923706055,97045200
2003-10-16,29.87984848022461,35.459999084472656,35.529998779296875,35.060001373291016,35.099998474121094,73955000
2003-10-17,29.163599014282227,34.61000061035156,35.4900016784668,34.599998474121094,35.40999984741211,97794400
2003-10-20,29.525943756103516,35.040000915527344,35.08000183105469,34.5,34.650001525878906,75544300
2003-10-21,29.702898025512695,35.25,35.45000076293945,34.939998626708984,35.13999938964844,73455600
2003-10-22,29.129899978637695,34.56999969482422,34.93000030517578,34.439998626708984,34.88999938964844,88141400
2003-10-23,28.792842864990234,34.16999816894531,34.5099983215332,34.04999923706055,34.150001525878906,95409600
2003-10-24,28.818117141723633,34.20000076293945,34.22999954223633,33.4900016784668,33.790000915527344,101778600
2003-10-27,28.82654571533203,34.209999084472656,34.45000076293945,34.040000915527344,34.279998779296875,63604500
2003-10-28,29.795576095581055,35.36000061035156,35.40999984741211,34.369998931884766,34.43000030517578,107375700
2003-10-29,29.761869430541992,35.31999969482422,35.40999984741211,35.06999969482422,35.20000076293945,74075200
2003-10-30,29.820859909057617,35.38999938964844,36.0,35.13999938964844,35.810001373291016,95062600
2003-10-31,29.64390754699707,35.18000030517578,35.4900016784668,35.060001373291016,35.439998626708984,55473200
2003-11-03,30.132625579833984,35.7599983215332,35.97999954223633,35.36000061035156,35.43000030517578,71141200
2003-11-04,29.930397033691406,35.52000045776367,35.869998931884766,35.45000076293945,35.689998626708984,60033900
2003-11-05,30.200044631958008,35.84000015258789,35.88999938964844,35.150001525878906,35.52000045776367,67412700
2003-11-06,30.284320831298828,35.939998626708984,35.970001220703125,35.34000015258789,35.790000915527344,90567400
2003-11-07,30.02308464050293,35.630001068115234,36.18000030517578,35.599998474121094,36.08000183105469,63505200
2003-11-10,29.652339935302734,35.189998626708984,35.7400016784668,35.09000015258789,35.70000076293945,68896400
2003-11-11,29.542774200439453,35.060001373291016,35.29999923706055,34.849998474121094,35.150001525878906,75607100
2003-11-12,30.174772262573242,35.810001373291016,35.959999084472656,35.13999938964844,35.16999816894531,80364600
2003-11-13,30.141069412231445,35.77000045776367,35.900001525878906,35.54999923706055,35.709999084472656,64243000
2003-11-14,29.525943756103516,35.040000915527344,36.02000045776367,34.95000076293945,35.810001373291016,90932200
2003-11-17,29.22259521484375,34.68000030517578,34.90999984741211,34.2599983215332,34.84000015258789,108063100
2003-11-18,28.54848861694336,33.880001068115234,34.970001220703125,33.81999969482422,34.869998931884766,108588500
2003-11-19,28.82654571533203,34.209999084472656,34.400001525878906,33.880001068115234,34.0099983215332,86320300
2003-11-20,28.54848861694336,33.880001068115234,34.68000030517578,33.810001373291016,33.91999816894531,117324500
2003-11-21,28.843399047851562,34.22999954223633,34.2599983215332,33.72999954223633,34.08000183105469,81787500
2003-11-24,29.64390754699707,35.18000030517578,35.25,34.470001220703125,34.52000045776367,92057500
2003-11-25,29.64390754699707,35.18000030517578,35.45000076293945,35.09000015258789,35.290000915527344,72519800
2003-11-26,29.778718948364258,35.34000015258789,35.52000045776367,34.810001373291016,35.400001525878906,72842900
2003-11-28,29.81244468688965,35.380001068115234,35.5,35.209999084472656,35.2599983215332,24802600
2003-12-01,30.250598907470703,35.900001525878906,36.0099983215332,35.470001220703125,35.709999084472656,82767300
2003-12-02,30.08206558227539,35.70000076293945,36.04999923706055,35.58000183105469,35.81999969482422,62504500
2003-12-03,29.702898025512695,35.25,36.119998931884766,35.25,35.84000015258789,107568500
2003-12-04,30.02308464050293,35.630001068115234,35.709999084472656,35.08000183105469,35.380001068115234,102334800
2003-12-05,29.525943756103516,35.040000915527344,35.5,34.959999084472656,35.27000045776367,87490200
2003-12-08,29.694459915161133,35.2400016784668,35.33000183105469,34.779998779296875,35.02000045776367,86961200
2003-12-09,29.011917114257812,34.43000030517578,35.459999084472656,34.349998474121094,35.439998626708984,109949500
2003-12-10,29.121484756469727,34.560001373291016,34.70000076293945,34.130001068115234,34.5,103504200
2003-12-11,29.745025634765625,35.29999923706055,35.38999938964844,34.4900016784668,34.5,108374700
2003-12-12,29.694459915161133,35.2400016784668,35.34000015258789,34.900001525878906,35.310001373291016,72189400
2003-12-15,29.306842803955078,34.779998779296875,35.9900016784668,34.650001525878906,35.93000030517578,106091400
2003-12-16,29.365829467773438,34.849998474121094,35.02000045776367,34.41999816894531,34.790000915527344,89854700
2003-12-17,29.416391372680664,34.90999984741211,35.0,34.56999969482422,34.810001373291016,68539900
2003-12-18,29.96409034729004,35.560001373291016,35.63999938964844,34.95000076293945,34.95000076293945,89978100
2003-12-19,29.87984848022461,35.459999084472656,35.650001525878906,35.20000076293945,35.61000061035156,89762300
2003-12-22,29.972532272338867,35.56999969482422,35.68000030517578,35.290000915527344,35.349998474121094,63580000
2003-12-23,30.200044631958008,35.84000015258789,36.02000045776367,35.529998779296875,35.599998474121094,66999800
2003-12-24,30.26242446899414,35.900001525878906,36.02000045776367,35.79999923706055,35.84000015258789,44840300
2003-12-26,30.220272064208984,35.849998474121094,36.09000015258789,35.81999969482422,35.959999084472656,25497600
2003-12-29,30.71761131286621,36.439998626708984,36.529998779296875,36.02000045776367,36.029998779296875,63296200
2003-12-30,30.818775177001953,36.560001373291016,36.58000183105469,36.29999923706055,36.529998779296875,48249400
2003-12-31,30.734466552734375,36.459999084472656,36.63999938964844,36.25,36.619998931884766,60494600
2004-01-02,30.650190353393555,36.36000061035156,36.790000915527344,36.220001220703125,36.65999984741211,55234100
2004-01-05,31.26554298400879,37.09000015258789,37.15999984741211,36.560001373291016,36.58000183105469,69717900
2004-01-06,31.47629737854004,37.34000015258789,37.41999816894531,36.95000076293945,37.08000183105469,60033000
2004-01-07,31.762893676757812,37.68000030517578,37.68000030517578,37.06999969482422,37.279998779296875,71830000
2004-01-08,32.01578140258789,37.97999954223633,38.0,37.599998474121094,37.849998474121094,76800900
2004-01-09,31.805044174194336,37.72999954223633,38.349998474121094,37.59000015258789,37.709999084472656,94296500
2004-01-12,32.31084442138672,38.33000183105469,38.349998474121094,37.68000030517578,37.849998474121094,77668400
2004-01-13,31.990514755249023,37.95000076293945,38.36000061035156,37.599998474121094,38.27000045776367,92973900
2004-01-14,32.1000862121582,38.08000183105469,38.25,37.75,38.08000183105469,68122400
2004-01-15,32.18436813354492,38.18000030517578,38.459999084472656,37.630001068115234,37.93000030517578,104427700
2004-01-16,32.51313018798828,38.56999969482422,38.630001068115234,38.16999816894531,38.380001068115234,77324100
2004-01-20,32.48783874511719,38.540000915527344,39.0,38.310001373291016,38.72999954223633,81998100
2004-01-21,32.352962493896484,38.380001068115234,38.65999984741211,38.0,38.38999938964844,112180300
2004-01-22,32.15911102294922,38.150001525878906,38.689998626708984,38.060001373291016,38.54999923706055,90061900
2004-01-23,32.04107666015625,38.0099983215332,38.459999084472656,37.779998779296875,38.209999084472656,88751300
2004-01-26,32.53001022338867,38.59000015258789,38.650001525878906,37.84000015258789,37.97999954223633,84538000
2004-01-27,31.813465118408203,37.7400016784668,38.630001068115234,37.689998626708984,38.5099983215332,97191600
2004-01-28,31.273988723754883,37.099998474121094,38.060001373291016,37.0,37.939998626708984,127959700
2004-01-29,31.391984939575195,37.2400016784668,37.310001373291016,36.65999984741211,37.2400016784668,143925900
2004-01-30,31.248701095581055,37.06999969482422,37.439998626708984,36.970001220703125,37.20000076293945,84264700
2004-02-02,31.164386749267578,36.970001220703125,37.47999954223633,36.81999969482422,37.20000076293945,94507900
2004-02-03,31.13067626953125,36.93000030517578,37.2400016784668,36.84000015258789,36.90999984741211,73488700
2004-02-04,30.62489128112793,36.33000183105469,36.86000061035156,36.33000183105469,36.619998931884766,109933000
2004-02-05,30.7429141998291,36.470001220703125,36.709999084472656,36.33000183105469,36.5099983215332,96784500
2004-02-06,31.299266815185547,37.130001068115234,37.279998779296875,36.529998779296875,36.599998474121094,107174100
2004-02-09,31.290815353393555,37.119998931884766,37.380001068115234,37.04999923706055,37.34000015258789,58817700
2004-02-10,31.34142303466797,37.18000030517578,37.40999984741211,37.029998779296875,37.060001373291016,65042700
2004-02-11,31.67859649658203,37.58000183105469,37.66999816894531,37.06999969482422,37.2400016784668,92503000
2004-02-12,31.400419235229492,37.25,37.70000076293945,37.2400016784668,37.52000045776367,70556400
2004-02-13,31.139089584350586,36.939998626708984,37.970001220703125,36.7599983215332,37.38999938964844,90570400
2004-02-17,31.560577392578125,37.439998626708984,37.619998931884766,37.220001220703125,37.279998779296875,69678600
2004-02-18,31.653308868408203,37.54999923706055,37.66999816894531,37.31999969482422,37.5099983215332,70972100
2004-02-19,31.172813415527344,36.97999954223633,37.900001525878906,36.81999969482422,37.869998931884766,100843800
2004-02-20,31.0716609954834,36.86000061035156,37.13999938964844,36.54999923706055,37.0,132347600
2004-02-23,30.726062774658203,36.45000076293945,37.029998779296875,36.11000061035156,37.0,125199800
2004-02-24,30.650190353393555,36.36000061035156,36.650001525878906,36.099998474121094,36.29999923706055,124521900
2004-02-25,30.83561897277832,36.58000183105469,36.66999816894531,36.33000183105469,36.43000030517578,74457100
2004-02-26,30.911483764648438,36.66999816894531,36.84000015258789,36.310001373291016,36.470001220703125,71327600
2004-02-27,30.82720184326172,36.56999969482422,36.939998626708984,36.27000045776367,36.7599983215332,99383900
2004-03-01,31.231830596923828,37.04999923706055,37.06999969482422,36.470001220703125,36.68000030517578,79700700
2004-03-02,30.86936378479004,36.619998931884766,37.18000030517578,36.61000061035156,36.97999954223633,91536000
2004-03-03,30.700763702392578,36.41999816894531,36.630001068115234,36.209999084472656,36.5099983215332,83938300
2004-03-04,30.987363815307617,36.7599983215332,36.83000183105469,36.38999938964844,36.439998626708984,65905600
2004-03-05,30.87775993347168,36.630001068115234,37.150001525878906,36.36000061035156,36.41999816894531,118107100
2004-03-08,30.15284538269043,35.77000045776367,36.81999969482422,35.72999954223633,36.689998626708984,112599500
2004-03-09,30.06010627746582,35.65999984741211,35.97999954223633,35.52000045776367,35.810001373291016,126140400
2004-03-10,29.663928985595703,35.189998626708984,36.0,35.130001068115234,35.75,134226100
2004-03-11,29.394163131713867,34.869998931884766,35.529998779296875,34.79999923706055,35.06999969482422,152132000
2004-03-12,29.93366813659668,35.5099983215332,35.59000015258789,35.150001525878906,35.18000030517578,118369600
2004-03-15,29.411033630371094,34.88999938964844,35.400001525878906,34.810001373291016,35.36000061035156,115813600
2004-03-16,29.461624145507812,34.95000076293945,35.25,34.630001068115234,35.11000061035156,123265100
2004-03-17,29.92523765563965,35.5,35.619998931884766,35.18000030517578,35.209999084472656,91684700
2004-03-18,29.790359497070312,35.34000015258789,35.459999084472656,34.970001220703125,35.369998931884766,111249700
2004-03-19,29.293014526367188,34.75,35.459999084472656,34.720001220703125,35.279998779296875,99976700
2004-03-22,28.922103881835938,34.310001373291016,34.54999923706055,34.029998779296875,34.529998779296875,133870400
2004-03-23,28.686067581176758,34.029998779296875,34.650001525878906,34.0099983215332,34.59000015258789,125945800
2004-03-24,29.014850616455078,34.41999816894531,34.630001068115234,34.0099983215332,34.150001525878906,118876800
2004-03-25,29.790359497070312,35.34000015258789,35.459999084472656,34.619998931884766,34.650001525878906,142122000
2004-03-26,29.6892147064209,35.220001220703125,35.58000183105469,35.20000076293945,35.29999923706055,78430800
2004-03-29,30.169694900512695,35.790000915527344,35.959999084472656,35.4900016784668,35.5099983215332,103864000
2004-03-30,30.270856857299805,35.90999984741211,35.939998626708984,35.52000045776367,35.66999816894531,95716500
2004-03-31,30.21184730529785,35.84000015258789,36.0,35.61000061035156,35.91999816894531,85993900
2004-04-01,30.48159408569336,36.15999984741211,36.25,35.779998779296875,35.810001373291016,93048600
2004-04-02,31.273988723754883,37.099998474121094,37.15999984741211,36.52000045776367,36.88999938964844,145964000
2004-04-05,31.569011688232422,37.45000076293945,37.5,36.970001220703125,37.0099983215332,67351600
2004-04-06,31.172813415527344,36.97999954223633,37.25,36.91999816894531,37.15999984741211,98611400
2004-04-07,31.139089584350586,36.939998626708984,37.11000061035156,36.65999984741211,36.9900016784668,91004900
2004-04-08,31.139089584350586,36.939998626708984,37.38999938964844,36.7400016784668,37.349998474121094,77176300
2004-04-12,31.332975387573242,37.16999816894531,37.2400016784668,36.97999954223633,37.02000045776367,55285700
2004-04-13,30.87775993347168,36.630001068115234,37.36000061035156,36.459999084472656,37.34000015258789,100624400
2004-04-14,31.02951431274414,36.810001373291016,36.95000076293945,36.36000061035156,36.40999984741211,113663200
2004-04-15,30.473167419433594,36.150001525878906,36.86000061035156,36.02000045776367,36.75,123565500
2004-04-16,30.422588348388672,36.09000015258789,36.31999969482422,35.790000915527344,36.20000076293945,110736600
2004-04-19,30.793485641479492,36.529998779296875,36.59000015258789,35.97999954223633,36.0099983215332,85838700
2004-04-20,30.076982498168945,35.68000030517578,36.790000915527344,35.63999938964844,36.61000061035156,119545100
2004-04-21,30.338293075561523,35.9900016784668,36.11000061035156,35.650001525878906,35.900001525878906,117850500
2004-04-22,31.122243881225586,36.91999816894531,37.0099983215332,35.97999954223633,36.0,137623300
2004-04-23,31.366710662841797,37.209999084472656,37.2599983215332,36.900001525878906,37.08000183105469,91855600
2004-04-26,31.139089584350586,36.939998626708984,37.290000915527344,36.650001525878906,37.18000030517578,74392200
2004-04-27,31.080108642578125,36.869998931884766,37.189998626708984,36.689998626708984,36.95000076293945,87548500
2004-04-28,30.515310287475586,36.20000076293945,36.720001220703125,36.02000045776367,36.709999084472656,111740700
2004-04-29,30.04324722290039,35.63999938964844,36.34000015258789,35.29999923706055,36.09000015258789,156917100
2004-04-30,29.309865951538086,34.77000045776367,35.79999923706055,34.720001220703125,35.65999984741211,150829200
2004-05-03,29.588050842285156,35.099998474121094,35.52000045776367,34.88999938964844,35.0,117007200
2004-05-04,29.714500427246094,35.25,35.75,35.029998779296875,35.209999084472656,126176000
2004-05-05,29.95052719116211,35.529998779296875,35.70000076293945,35.20000076293945,35.41999816894531,97528500
2004-05-06,29.722925186157227,35.2599983215332,35.439998626708984,34.849998474121094,35.22999954223633,102733300
2004-05-07,29.47845458984375,34.970001220703125,35.63999938964844,34.90999984741211,35.09000015258789,137686000
2004-05-10,29.225557327270508,34.66999816894531,34.900001525878906,34.41999816894531,34.66999816894531,156951400
2004-05-11,29.663928985595703,35.189998626708984,35.380001068115234,34.91999816894531,34.970001220703125,120493600
2004-05-12,29.722925186157227,35.2599983215332,35.290000915527344,34.27000045776367,35.119998931884766,197765400
2004-05-13,29.512182235717773,35.0099983215332,35.45000076293945,34.91999816894531,35.060001373291016,137841700
2004-05-14,29.293014526367188,34.75,35.310001373291016,34.63999938964844,35.20000076293945,133689900
2004-05-17,29.014850616455078,34.41999816894531,34.65999984741211,34.11000061035156,34.380001068115234,150652400
2004-05-18,29.276151657104492,34.72999954223633,34.900001525878906,34.599998474121094,34.65999984741211,96686400
2004-05-19,29.24244499206543,34.689998626708984,35.5099983215332,34.630001068115234,35.15999984741211,141646900
2004-05-20,29.377302169799805,34.849998474121094,35.02000045776367,34.560001373291016,34.779998779296875,94938500
2004-05-21,29.520618438720703,35.02000045776367,35.16999816894531,34.7400016784668,35.0099983215332,111329200
2004-05-24,29.722925186157227,35.2599983215332,35.459999084472656,35.0,35.29999923706055,99861800
2004-05-25,30.312990188598633,35.959999084472656,36.08000183105469,34.95000076293945,35.150001525878906,146321400
2004-05-26,30.506881713867188,36.189998626708984,36.189998626708984,35.810001373291016,35.86000061035156,93789700
2004-05-27,30.700763702392578,36.41999816894531,36.5,36.060001373291016,36.290000915527344,110183400
2004-05-28,30.810344696044922,36.54999923706055,36.54999923706055,36.209999084472656,36.380001068115234,56379500
2004-06-01,30.768213272094727,36.5,36.54999923706055,36.11000061035156,36.27000045776367,90592700
2004-06-02,30.700763702392578,36.41999816894531,36.65999984741211,36.16999816894531,36.560001373291016,103519800
2004-06-03,30.32986831665039,35.97999954223633,36.36000061035156,35.81999969482422,36.29999923706055,97301400
2004-06-04,30.506881713867188,36.189998626708984,36.619998931884766,36.16999816894531,36.34000015258789,91233200
2004-06-07,31.231830596923828,37.04999923706055,37.099998474121094,36.34000015258789,36.439998626708984,107532600
2004-06-08,31.273988723754883,37.099998474121094,37.189998626708984,36.849998474121094,36.900001525878906,72530900
2004-06-09,30.83561897277832,36.58000183105469,37.04999923706055,36.5,36.97999954223633,98215200
2004-06-10,31.0548038482666,36.84000015258789,36.84000015258789,36.54999923706055,36.689998626708984,57101300
2004-06-14,30.616470336914062,36.31999969482422,36.61000061035156,36.099998474121094,36.61000061035156,85129900
2004-06-15,31.012664794921875,36.790000915527344,36.9900016784668,36.560001373291016,36.560001373291016,91937700
2004-06-16,30.962087631225586,36.72999954223633,36.900001525878906,36.650001525878906,36.77000045776367,64743300
2004-06-17,30.67548370361328,36.38999938964844,36.65999984741211,36.25,36.650001525878906,77844200
2004-06-18,30.71761131286621,36.439998626708984,36.84000015258789,36.2599983215332,36.29999923706055,78641500
2004-06-21,30.473167419433594,36.150001525878906,36.630001068115234,36.060001373291016,36.52000045776367,65373100
2004-06-22,30.91992950439453,36.68000030517578,36.70000076293945,36.02000045776367,36.15999984741211,101524300
2004-06-23,31.290815353393555,37.119998931884766,37.189998626708984,36.5099983215332,36.56999969482422,94393900
2004-06-24,31.231830596923828,37.04999923706055,37.349998474121094,36.91999816894531,37.02000045776367,92343200
2004-06-25,31.46784210205078,37.33000183105469,37.38999938964844,36.97999954223633,37.0,81005400
2004-06-28,31.206533432006836,37.02000045776367,37.52000045776367,36.900001525878906,37.4900016784668,94033200
2004-06-29,31.501583099365234,37.369998931884766,37.59000015258789,37.08000183105469,37.099998474121094,68265900
2004-06-30,31.813465118408203,37.7400016784668,37.900001525878906,37.349998474121094,37.45000076293945,97809500
2004-07-01,31.223386764526367,37.040000915527344,37.65999984741211,36.77000045776367,37.65999984741211,122141800
2004-07-02,31.03795623779297,36.81999969482422,37.04999923706055,36.630001068115234,37.040000915527344,74056400
2004-07-06,30.372007369995117,36.029998779296875,36.599998474121094,35.83000183105469,36.599998474121094,130232600
2004-07-07,30.431018829345703,36.099998474121094,36.290000915527344,35.91999816894531,35.959999084472656,95623100
2004-07-08,30.093820571899414,35.70000076293945,36.130001068115234,35.54999923706055,35.810001373291016,108755400
2004-07-09,30.135974884033203,35.75,36.040000915527344,35.630001068115234,35.84000015258789,86014700
2004-07-12,30.0095272064209,35.599998474121094,35.689998626708984,35.2400016784668,35.56999969482422,81844500
2004-07-13,29.967376708984375,35.54999923706055,35.810001373291016,35.40999984741211,35.68000030517578,81222000
2004-07-14,29.663928985595703,35.189998626708984,35.650001525878906,35.04999923706055,35.20000076293945,119489200
2004-07-15,29.562759399414062,35.06999969482422,35.4900016784668,35.060001373291016,35.31999969482422,90405700
2004-07-16,29.225557327270508,34.66999816894531,35.45000076293945,34.619998931884766,35.43000030517578,120387100
2004-07-19,29.16656494140625,34.599998474121094,34.970001220703125,34.470001220703125,34.779998779296875,106387900
2004-07-20,29.86622428894043,35.43000030517578,35.59000015258789,34.709999084472656,34.7400016784668,117453700
2004-07-21,28.99798011779785,34.400001525878906,35.650001525878906,34.34000015258789,35.56999969482422,136086800
2004-07-22,29.394163131713867,34.869998931884766,35.11000061035156,34.25,34.47999954223633,132135800
2004-07-23,28.837810516357422,34.209999084472656,34.65999984741211,34.029998779296875,34.619998931884766,107107100
2004-07-26,28.711374282836914,34.060001373291016,34.40999984741211,33.70000076293945,34.2400016784668,112962200
2004-07-27,29.107568740844727,34.529998779296875,34.709999084472656,34.040000915527344,34.189998626708984,103474700
2004-07-28,28.981115341186523,34.380001068115234,34.630001068115234,33.810001373291016,34.40999984741211,154299800
2004-07-29,29.318294525146484,34.779998779296875,34.91999816894531,34.5,34.709999084472656,98959800
2004-07-30,29.411033630371094,34.88999938964844,35.099998474121094,34.650001525878906,34.7599983215332,83007800
2004-08-02,29.47004508972168,34.959999084472656,35.02000045776367,34.459999084472656,34.61000061035156,81249000
2004-08-03,28.85466766357422,34.22999954223633,34.93000030517578,34.189998626708984,34.84000015258789,85746500
2004-08-04,28.86310577392578,34.2400016784668,34.459999084472656,34.0099983215332,34.150001525878906,86721000
2004-08-05,28.3236083984375,33.599998474121094,34.400001525878906,33.599998474121094,34.349998474121094,109722900
2004-08-06,27.581798553466797,32.720001220703125,33.40999984741211,32.65999984741211,33.400001525878906,148808600
2004-08-09,27.649242401123047,32.79999923706055,32.959999084472656,32.650001525878906,32.810001373291016,79281900
2004-08-10,27.99485206604004,33.209999084472656,33.47999954223633,32.91999816894531,32.959999084472656,105819800
2004-08-11,27.750394821166992,32.91999816894531,33.040000915527344,32.54999923706055,32.849998474121094,121217700
2004-08-12,27.371049880981445,32.470001220703125,32.86000061035156,32.369998931884766,32.689998626708984,113691800
2004-08-13,27.413198471069336,32.52000045776367,32.7400016784668,32.349998474121094,32.650001525878906,91416100
2004-08-16,27.725099563598633,32.88999938964844,33.189998626708984,32.59000015258789,32.61000061035156,77851300
2004-08-17,28.037002563476562,33.2599983215332,33.439998626708984,32.9900016784668,33.119998931884766,89573100
2004-08-18,28.534360885620117,33.849998474121094,33.90999984741211,33.0099983215332,33.060001373291016,106608500
2004-08-19,28.382600784301758,33.66999816894531,33.849998474121094,33.40999984741211,33.72999954223633,104690200
2004-08-20,28.669221878051758,34.0099983215332,34.13999938964844,33.5099983215332,33.56999969482422,91962400
2004-08-23,28.736658096313477,34.09000015258789,34.27000045776367,33.90999984741211,34.04999923706055,83390800
2004-08-24,28.72821617126465,34.08000183105469,34.310001373291016,33.810001373291016,34.25,86610500
2004-08-25,29.124422073364258,34.54999923706055,34.599998474121094,33.900001525878906,34.06999969482422,88394600
2004-08-26,28.99798011779785,34.400001525878906,34.54999923706055,34.310001373291016,34.459999084472656,57663400
2004-08-27,29.13286018371582,34.560001373291016,34.68000030517578,34.439998626708984,34.470001220703125,58597200
2004-08-30,28.64393424987793,33.97999954223633,34.43000030517578,33.939998626708984,34.40999984741211,62355700
2004-08-31,28.677658081054688,34.02000045776367,34.119998931884766,33.650001525878906,34.02000045776367,81262000
2004-09-01,28.88839340209961,34.27000045776367,34.470001220703125,33.79999923706055,33.93000030517578,96630600
2004-09-02,29.318294525146484,34.779998779296875,34.880001068115234,34.15999984741211,34.18000030517578,83054000
2004-09-03,28.77879524230957,34.13999938964844,34.66999816894531,34.04999923706055,34.439998626708984,90213700
2004-09-07,29.023258209228516,34.43000030517578,34.61000061035156,34.119998931884766,34.400001525878906,95556500
2004-09-08,28.91368293762207,34.29999923706055,34.68000030517578,34.18000030517578,34.310001373291016,101466100
2004-09-09,29.15814781188965,34.59000015258789,34.75,34.13999938964844,34.45000076293945,104397500
2004-09-10,29.604902267456055,35.119998931884766,35.189998626708984,34.470001220703125,34.61000061035156,108591600
2004-09-13,29.992671966552734,35.58000183105469,35.720001220703125,35.13999938964844,35.25,109350500
2004-09-14,30.034814834594727,35.630001068115234,35.720001220703125,35.36000061035156,35.45000076293945,76466300
2004-09-15,29.714500427246094,35.25,35.45000076293945,35.119998931884766,35.41999816894531,90128700
2004-09-16,29.77350425720215,35.31999969482422,35.56999969482422,35.130001068115234,35.2599983215332,67121000
2004-09-17,29.86622428894043,35.43000030517578,35.52000045776367,35.15999984741211,35.22999954223633,83903400
2004-09-20,29.86622428894043,35.43000030517578,35.77000045776367,35.18000030517578,35.290000915527344,110678100
2004-09-21,29.98424530029297,35.56999969482422,35.849998474121094,35.41999816894531,35.540000915527344,93688400
2004-09-22,29.461624145507812,34.95000076293945,35.459999084472656,34.869998931884766,35.439998626708984,101393400
2004-09-23,29.43631935119629,34.91999816894531,35.150001525878906,34.880001068115234,34.97999954223633,92503200
2004-09-24,29.33515167236328,34.79999923706055,35.189998626708984,34.75,34.9900016784668,103247400
2004-09-27,29.0822811126709,34.5,34.7400016784668,34.380001068115234,34.619998931884766,86017600
2004-09-28,29.141284942626953,34.56999969482422,34.689998626708984,34.22999954223633,34.54999923706055,87070300
2004-09-29,29.571197509765625,35.08000183105469,35.119998931884766,34.529998779296875,34.540000915527344,95096200
2004-09-30,29.62177848815918,35.13999938964844,35.27000045776367,34.88999938964844,35.02000045776367,74514600
2004-10-01,30.431018829345703,36.099998474121094,36.150001525878906,35.36000061035156,35.45000076293945,118252700
2004-10-04,30.608051300048828,36.310001373291016,36.619998931884766,36.25,36.36000061035156,108032600
2004-10-05,30.650190353393555,36.36000061035156,36.4900016784668,36.15999984741211,36.22999954223633,89754400
2004-10-06,30.894628524780273,36.650001525878906,36.689998626708984,36.11000061035156,36.310001373291016,87815500
2004-10-07,30.549036026000977,36.2400016784668,36.66999816894531,36.16999816894531,36.540000915527344,82374300
2004-10-08,29.992671966552734,35.58000183105469,36.2400016784668,35.5,36.08000183105469,115073000
2004-10-11,30.135974884033203,35.75,35.86000061035156,35.599998474121094,35.720001220703125,51181600
2004-10-12,30.08539581298828,35.689998626708984,35.84000015258789,35.20000076293945,35.43000030517578,97884100
2004-10-13,30.017963409423828,35.61000061035156,36.13999938964844,35.43000030517578,36.04999923706055,132442500
2004-10-14,29.88309669494629,35.45000076293945,35.779998779296875,35.33000183105469,35.689998626708984,99383700
2004-10-15,30.034814834594727,35.630001068115234,35.86000061035156,35.279998779296875,35.4900016784668,129183400
2004-10-18,30.464733123779297,36.13999938964844,36.25,35.400001525878906,35.5099983215332,108933400
2004-10-19,30.24557113647461,35.880001068115234,36.56999969482422,35.790000915527344,36.380001068115234,129973500
2004-10-20,30.38886833190918,36.04999923706055,36.22999954223633,35.650001525878906,35.83000183105469,106524200
2004-10-21,30.85249900817871,36.599998474121094,36.790000915527344,36.099998474121094,36.2400016784668,122627600
2004-10-22,30.178136825561523,35.79999923706055,36.68000030517578,35.7400016784668,36.61000061035156,114321100
2004-10-25,30.034814834594727,35.630001068115234,35.810001373291016,35.4900016784668,35.72999954223633,102863000
2004-10-26,30.194995880126953,35.81999969482422,35.84000015258789,35.40999984741211,35.650001525878906,98164500
2004-10-27,30.962087631225586,36.72999954223633,36.88999938964844,35.709999084472656,35.84000015258789,152423400
2004-10-28,31.15596580505371,36.959999084472656,37.119998931884766,36.56999969482422,36.68000030517578,111113900
2004-10-29,31.105392456054688,36.900001525878906,37.2400016784668,36.66999816894531,36.90999984741211,100779200
2004-11-01,31.223386764526367,37.040000915527344,37.18000030517578,36.79999923706055,36.97999954223633,72356000
2004-11-02,31.324556350708008,37.15999984741211,37.54999923706055,37.02000045776367,37.09000015258789,108930700
2004-11-03,31.535303115844727,37.40999984741211,37.900001525878906,37.150001525878906,37.7599983215332,140980100
2004-11-04,31.71231460571289,37.619998931884766,37.779998779296875,37.11000061035156,37.2599983215332,112513700
2004-11-05,31.998924255371094,37.959999084472656,38.15999984741211,37.61000061035156,38.02000045776367,117017900
2004-11-08,32.032630920410156,38.0,38.099998474121094,37.849998474121094,37.95000076293945,66486000
2004-11-09,31.9652042388916,37.91999816894531,38.150001525878906,37.810001373291016,37.93000030517578,85038700
2004-11-10,31.855613708496094,37.790000915527344,38.060001373291016,37.650001525878906,37.93000030517578,95122300
2004-11-11,32.277103424072266,38.290000915527344,38.380001068115234,37.86000061035156,37.90999984741211,99338800
2004-11-12,32.588993072509766,38.65999984741211,38.7599983215332,38.16999816894531,38.34000015258789,102418100
2004-11-15,32.73231506347656,38.83000183105469,38.86000061035156,38.5,38.63999938964844,82696000
2004-11-16,32.53001022338867,38.59000015258789,38.68000030517578,38.31999969482422,38.65999984741211,97197500
2004-11-17,32.96833038330078,39.11000061035156,39.31999969482422,38.83000183105469,38.83000183105469,125242500
2004-11-18,33.12005615234375,39.290000915527344,39.36000061035156,38.88999938964844,38.97999954223633,94901100
2004-11-19,32.60585403442383,38.68000030517578,39.290000915527344,38.59000015258789,39.2400016784668,118448900
2004-11-22,32.91775894165039,39.04999923706055,39.06999969482422,38.47999954223633,38.61000061035156,79882600
2004-11-23,32.86717224121094,38.9900016784668,39.150001525878906,38.61000061035156,39.0099983215332,91925300
2004-11-24,33.15378952026367,39.33000183105469,39.38999938964844,39.06999969482422,39.09000015258789,74051700
2004-11-26,33.0526237487793,39.209999084472656,39.47999954223633,39.16999816894531,39.369998931884766,31248900
2004-11-29,33.04420471191406,39.20000076293945,39.63999938964844,38.970001220703125,39.459999084472656,94765400
2004-11-30,32.97675323486328,39.119998931884766,39.38999938964844,39.060001373291016,39.29999923706055,87663100
2004-12-01,33.651126861572266,39.91999816894531,39.959999084472656,39.27000045776367,39.27000045776367,102375000
2004-12-02,33.77760314941406,40.06999969482422,40.38999938964844,39.7599983215332,39.81999969482422,122005600
2004-12-03,33.828155517578125,40.130001068115234,40.59000015258789,40.08000183105469,40.349998474121094,114227700
2004-12-06,33.946163177490234,40.27000045776367,40.43000030517578,39.90999984741211,40.119998931884766,70415100
2004-12-07,33.36452865600586,39.58000183105469,40.5,39.529998779296875,40.349998474121094,121439800
2004-12-08,33.55839920043945,39.810001373291016,39.97999954223633,39.5,39.599998474121094,10121300
2004-12-09,33.760719299316406,40.04999923706055,40.189998626708984,39.2400016784668,39.4900016784668,134346000
2004-12-10,33.65956115722656,39.93000030517578,40.06999969482422,39.7400016784668,39.84000015258789,86177300
2004-12-13,33.95460510253906,40.279998779296875,40.34000015258789,39.97999954223633,40.22999954223633,74296400
2004-12-14,34.12321853637695,40.47999954223633,40.59000015258789,40.25,40.279998779296875,91985000
2004-12-15,33.99674987792969,40.33000183105469,40.68000030517578,40.150001525878906,40.4900016784668,95179300
2004-12-16,33.67642593383789,39.95000076293945,40.45000076293945,39.81999969482422,40.34000015258789,86101300
2004-12-17,33.590484619140625,39.470001220703125,39.810001373291016,39.43000030517578,39.63999938964844,97947000
2004-12-20,33.360687255859375,39.20000076293945,39.77000045776367,39.09000015258789,39.56999969482422,106397600
2004-12-21,33.76919174194336,39.68000030517578,39.709999084472656,39.279998779296875,39.38999938964844,83184700
2004-12-22,33.81174087524414,39.72999954223633,39.93000030517578,39.4900016784668,39.540000915527344,75298000
2004-12-23,33.83726501464844,39.7599983215332,39.90999984741211,39.540000915527344,39.61000061035156,45782000
2004-12-27,33.692604064941406,39.59000015258789,40.02000045776367,39.400001525878906,39.97999954223633,67157700
2004-12-28,34.0159797668457,39.970001220703125,40.0,39.61000061035156,39.66999816894531,62563100
2004-12-29,34.05854415893555,40.02000045776367,40.15999984741211,39.900001525878906,39.91999816894531,46594800
2004-12-30,34.033023834228516,39.9900016784668,40.119998931884766,39.93000030517578,40.06999969482422,41717600
2004-12-31,33.97343444824219,39.91999816894531,40.119998931884766,39.779998779296875,40.029998779296875,44112300
2005-01-03,33.61602020263672,39.5,40.290000915527344,39.369998931884766,40.09000015258789,100970900
2005-01-04,33.00325012207031,38.779998779296875,39.7400016784668,38.54999923706055,39.66999816894531,136623200
2005-01-05,32.799015045166016,38.540000915527344,38.959999084472656,38.470001220703125,38.68000030517578,127925500
2005-01-06,32.6373176574707,38.349998474121094,38.709999084472656,38.34000015258789,38.630001068115234,102934600
2005-01-07,32.807525634765625,38.54999923706055,38.869998931884766,38.209999084472656,38.560001373291016,123104000
2005-01-10,32.79051208496094,38.529998779296875,38.869998931884766,38.38999938964844,38.439998626708984,88764200
2005-01-11,32.56072235107422,38.2599983215332,38.5,38.06999969482422,38.369998931884766,106398800
2005-01-12,32.83305358886719,38.58000183105469,38.599998474121094,38.0099983215332,38.43000030517578,127754900
2005-01-13,32.399017333984375,38.06999969482422,38.849998474121094,38.0099983215332,38.58000183105469,101982400
2005-01-14,32.70540237426758,38.43000030517578,38.52000045776367,38.189998626708984,38.20000076293945,93460900
2005-01-18,32.95218276977539,38.720001220703125,38.790000915527344,38.220001220703125,38.279998779296875,91760400
2005-01-19,32.40753936767578,38.08000183105469,38.75,38.060001373291016,38.72999954223633,104981000
2005-01-20,31.786273956298828,37.349998474121094,37.810001373291016,37.31999969482422,37.650001525878906,120963900
2005-01-21,31.53095817565918,37.04999923706055,37.54999923706055,36.9900016784668,37.47999954223633,138569200
2005-01-24,31.088417053222656,36.529998779296875,37.20000076293945,36.459999084472656,37.119998931884766,137499000
2005-01-25,31.241615295410156,36.709999084472656,37.09000015258789,36.65999984741211,36.77000045776367,119171300
2005-01-26,31.616069793701172,37.150001525878906,37.290000915527344,36.81999969482422,36.959999084472656,107465800
2005-01-27,31.573528289794922,37.099998474121094,37.27000045776367,36.869998931884766,37.09000015258789,103654700
2005-01-28,31.42032814025879,36.91999816894531,37.27000045776367,36.619998931884766,37.220001220703125,111648600
2005-01-31,31.82883071899414,37.400001525878906,37.529998779296875,37.2599983215332,37.36000061035156,89139900
2005-02-01,31.930944442749023,37.52000045776367,37.650001525878906,37.369998931884766,37.4900016784668,76610300
2005-02-02,31.982009887695312,37.58000183105469,37.72999954223633,37.310001373291016,37.63999938964844,100160500
2005-02-03,31.616069793701172,37.150001525878906,37.40999984741211,37.0,37.380001068115234,90157900
2005-02-04,32.126708984375,37.75,37.81999969482422,37.150001525878906,37.150001525878906,99302000
2005-02-07,32.058597564697266,37.66999816894531,37.90999984741211,37.52000045776367,37.79999923706055,71551400
2005-02-08,32.1181755065918,37.7400016784668,38.0099983215332,37.619998931884766,37.65999984741211,72821700
2005-02-09,31.5820369720459,37.11000061035156,37.79999923706055,37.060001373291016,37.77000045776367,93276600
2005-02-10,31.616069793701172,37.150001525878906,37.31999969482422,36.880001068115234,37.2599983215332,110373000
2005-02-11,32.08412551879883,37.70000076293945,37.849998474121094,36.93000030517578,37.029998779296875,108684100
2005-02-14,32.22880554199219,37.869998931884766,37.939998626708984,37.689998626708984,37.70000076293945,54908900
2005-02-15,32.44158172607422,38.119998931884766,38.47999954223633,37.81999969482422,37.900001525878906,131406500
2005-02-16,32.322418212890625,37.97999954223633,38.15999984741211,37.83000183105469,38.029998779296875,80273900
2005-02-17,31.888397216796875,37.470001220703125,38.13999938964844,37.43000030517578,38.04999923706055,115628300
2005-02-18,31.786273956298828,37.349998474121094,37.56999969482422,37.2599983215332,37.47999954223633,69158800
2005-02-22,31.394800186157227,36.88999938964844,37.54999923706055,36.790000915527344,37.029998779296875,121232000
2005-02-23,31.437332153320312,36.939998626708984,37.06999969482422,36.70000076293945,37.040000915527344,95010100
2005-02-24,31.837339401245117,37.40999984741211,37.439998626708984,36.7599983215332,36.849998474121094,99334600
2005-02-25,32.01605987548828,37.619998931884766,37.70000076293945,37.290000915527344,37.380001068115234,79988700
2005-02-28,31.675636291503906,37.220001220703125,37.599998474121094,36.91999816894531,37.459999084472656,95731300
2005-03-01,32.02454376220703,37.630001068115234,37.70000076293945,37.33000183105469,37.369998931884766,78460600
2005-03-02,32.007545471191406,37.61000061035156,38.02000045776367,37.36000061035156,37.40999984741211,107270600
2005-03-03,31.74372673034668,37.29999923706055,37.72999954223633,37.02000045776367,37.709999084472656,89793800
2005-03-04,31.930944442749023,37.52000045776367,37.75,37.400001525878906,37.599998474121094,86622300
2005-03-07,32.39051055908203,38.060001373291016,38.290000915527344,37.560001373291016,37.599998474121094,93563900
2005-03-08,32.067115783691406,37.68000030517578,38.209999084472656,37.650001525878906,38.0099983215332,89595200
2005-03-09,31.9735164642334,37.56999969482422,37.93000030517578,37.470001220703125,37.66999816894531,98063000
2005-03-10,31.930944442749023,37.52000045776367,37.66999816894531,37.08000183105469,37.61000061035156,97043600
2005-03-11,31.633089065551758,37.16999816894531,37.81999969482422,37.02000045776367,37.689998626708984,102857500
2005-03-14,31.77775764465332,37.34000015258789,37.36000061035156,37.029998779296875,37.2400016784668,65576200
2005-03-15,31.522445678710938,37.040000915527344,37.47999954223633,36.9900016784668,37.41999816894531,93856300
2005-03-16,31.16500473022461,36.619998931884766,37.18000030517578,36.529998779296875,36.90999984741211,159578000
2005-03-17,31.241615295410156,36.709999084472656,36.88999938964844,36.540000915527344,36.61000061035156,100429600
2005-03-18,31.07138442993164,36.5099983215332,36.790000915527344,36.349998474121094,36.75,108899400
2005-03-21,31.13096809387207,36.58000183105469,36.75,36.25,36.599998474121094,92752500
2005-03-22,30.748008728027344,36.130001068115234,36.75,36.11000061035156,36.61000061035156,114016300
2005-03-23,30.85863494873047,36.2599983215332,36.4900016784668,36.06999969482422,36.09000015258789,97444900
2005-03-24,30.86716079711914,36.27000045776367,36.650001525878906,36.27000045776367,36.38999938964844,77566800
2005-03-28,30.92672348022461,36.34000015258789,36.61000061035156,36.310001373291016,36.40999984741211,59739000
2005-03-29,30.679908752441406,36.04999923706055,36.58000183105469,35.939998626708984,36.27000045776367,119554300
2005-03-30,31.25862693786621,36.72999954223633,36.779998779296875,36.220001220703125,36.22999954223633,114711000
2005-03-31,31.122461318969727,36.56999969482422,36.75,36.439998626708984,36.72999954223633,86578900
2005-04-01,30.807584762573242,36.20000076293945,36.880001068115234,36.130001068115234,36.81999969482422,143814300
2005-04-04,31.02884292602539,36.459999084472656,36.599998474121094,36.029998779296875,36.25,100090300
2005-04-05,31.11393928527832,36.560001373291016,36.66999816894531,36.41999816894531,36.4900016784668,66266600
2005-04-06,31.062896728515625,36.5,36.90999984741211,36.41999816894531,36.65999984741211,82168900
2005-04-07,31.437332153320312,36.939998626708984,36.95000076293945,36.5099983215332,36.529998779296875,88618000
2005-04-08,31.182043075561523,36.63999938964844,37.06999969482422,36.599998474121094,37.0,92332900
2005-04-11,31.045860290527344,36.47999954223633,36.779998779296875,36.400001525878906,36.75,70976000
2005-04-12,31.199033737182617,36.65999984741211,36.7400016784668,35.90999984741211,36.439998626708984,144848500
2005-04-13,30.68842124938965,36.060001373291016,36.599998474121094,35.97999954223633,36.560001373291016,108995500
2005-04-14,30.254404067993164,35.54999923706055,36.099998474121094,35.5,36.060001373291016,158057900
2005-04-15,29.5650634765625,34.7400016784668,35.369998931884766,34.68000030517578,35.2400016784668,170013300
2005-04-18,29.57357406616211,34.75,35.0,34.63999938964844,34.709999084472656,110084000
2005-04-19,29.777835845947266,34.9900016784668,35.099998474121094,34.75,35.02000045776367,96922100
2005-04-20,29.531005859375,34.70000076293945,35.290000915527344,34.59000015258789,35.209999084472656,140457400
2005-04-21,30.3139591217041,35.619998931884766,35.709999084472656,34.959999084472656,35.119998931884766,124505100
2005-04-22,29.862926483154297,35.09000015258789,35.470001220703125,34.81999969482422,35.459999084472656,114996800
2005-04-25,30.109737396240234,35.380001068115234,35.459999084472656,35.150001525878906,35.29999923706055,72170100
2005-04-26,29.82887840270996,35.04999923706055,35.70000076293945,35.040000915527344,35.290000915527344,104958800
2005-04-27,29.871431350708008,35.099998474121094,35.25,34.72999954223633,34.869998931884766,112539300
2005-04-28,29.57357406616211,34.75,35.150001525878906,34.720001220703125,34.91999816894531,98181900
2005-04-29,29.769309997558594,34.97999954223633,35.060001373291016,34.349998474121094,35.0,144435900
2005-05-02,29.88845443725586,35.119998931884766,35.2599983215332,34.88999938964844,35.099998474121094,67648800
2005-05-03,30.041650772094727,35.29999923706055,35.43000030517578,35.029998779296875,35.04999923706055,103428700
2005-05-04,30.407588958740234,35.72999954223633,35.83000183105469,35.2400016784668,35.290000915527344,90480600
2005-05-05,30.433115005493164,35.7599983215332,35.91999816894531,35.529998779296875,35.75,79341700
2005-05-06,30.51821517944336,35.86000061035156,36.02000045776367,35.720001220703125,35.970001220703125,77310200
2005-05-09,30.662912368774414,36.029998779296875,36.060001373291016,35.65999984741211,35.869998931884766,66298400
2005-05-10,30.44162368774414,35.77000045776367,35.959999084472656,35.619998931884766,35.86000061035156,77194700
2005-05-11,30.594820022583008,35.95000076293945,36.029998779296875,35.29999923706055,35.81999969482422,131952400
2005-05-12,30.50971794128418,35.849998474121094,36.20000076293945,35.65999984741211,36.029998779296875,116602200
2005-05-13,30.841611862182617,36.2400016784668,36.470001220703125,35.88999938964844,35.9900016784668,133273500
2005-05-16,31.045860290527344,36.47999954223633,36.540000915527344,36.130001068115234,36.2400016784668,79093200
2005-05-17,31.233091354370117,36.70000076293945,36.7400016784668,36.209999084472656,36.349998474121094,91665900
2005-05-18,31.65862274169922,37.20000076293945,37.36000061035156,36.709999084472656,36.79999923706055,128105900
2005-05-19,31.922433853149414,37.5099983215332,37.52000045776367,37.20000076293945,37.290000915527344,92619700
2005-05-20,32.05009841918945,37.65999984741211,37.689998626708984,37.349998474121094,37.45000076293945,66530100
2005-05-23,32.21179962158203,37.849998474121094,37.9900016784668,37.599998474121094,37.65999984741211,93068200
2005-05-24,32.31391143798828,37.970001220703125,38.0,37.70000076293945,37.7599983215332,100830000
2005-05-25,32.17776107788086,37.810001373291016,37.880001068115234,37.59000015258789,37.84000015258789,76470600
2005-05-26,32.50114059448242,38.189998626708984,38.27000045776367,37.97999954223633,37.97999954223633,84066800
2005-05-27,32.51816940307617,38.209999084472656,38.25,38.02000045776367,38.13999938964844,50076900
2005-05-31,32.40753936767578,38.08000183105469,38.2400016784668,37.91999816894531,38.189998626708984,75281500
2005-06-01,32.671363830566406,38.38999938964844,38.68000030517578,38.02000045776367,38.029998779296875,110875700
2005-06-02,32.901123046875,38.65999984741211,38.65999984741211,38.29999923706055,38.33000183105469,75926500
2005-06-03,32.424564361572266,38.099998474121094,38.63999938964844,38.02000045776367,38.630001068115234,96998400
2005-06-06,32.433067321777344,38.11000061035156,38.189998626708984,37.959999084472656,38.119998931884766,52681400
2005-06-07,32.16072463989258,37.790000915527344,38.470001220703125,37.7400016784668,38.150001525878906,108953400
2005-06-08,32.092655181884766,37.709999084472656,37.95000076293945,37.560001373291016,37.880001068115234,79211900
2005-06-09,32.296878814697266,37.95000076293945,38.060001373291016,37.5,37.65999984741211,99383300
2005-06-10,31.95647430419922,37.54999923706055,37.900001525878906,37.380001068115234,37.900001525878906,85971700
2005-06-13,32.109657287597656,37.72999954223633,37.95000076293945,37.459999084472656,37.47999954223633,82331300
2005-06-14,31.982009887695312,37.58000183105469,37.84000015258789,37.5,37.689998626708984,62593600
2005-06-15,32.08412551879883,37.70000076293945,37.869998931884766,37.25,37.83000183105469,103952000
2005-06-16,32.25434494018555,37.900001525878906,38.0,37.65999984741211,37.7400016784668,90450100
2005-06-17,32.25859069824219,37.869998931884766,38.209999084472656,37.75,38.11000061035156,83915700
2005-06-20,32.25859069824219,37.869998931884766,38.08000183105469,37.58000183105469,37.720001220703125,67580000
2005-06-21,32.2415771484375,37.849998474121094,38.0099983215332,37.70000076293945,37.84000015258789,97845600
2005-06-22,32.20750045776367,37.810001373291016,38.099998474121094,37.630001068115234,38.0,75221100
2005-06-23,31.8497314453125,37.38999938964844,38.18000030517578,37.33000183105469,37.869998931884766,122163300
2005-06-24,31.491960525512695,36.970001220703125,37.40999984741211,36.959999084472656,37.380001068115234,142144100
2005-06-27,31.347143173217773,36.79999923706055,37.060001373291016,36.70000076293945,36.95000076293945,72780800
2005-06-28,31.645292282104492,37.150001525878906,37.2599983215332,36.900001525878906,36.95000076293945,73330300
2005-06-29,31.577150344848633,37.06999969482422,37.2599983215332,36.970001220703125,37.25,71513600
2005-06-30,31.33012580871582,36.779998779296875,37.209999084472656,36.75,37.13999938964844,87803700
2005-07-01,31.287527084350586,36.72999954223633,37.0,36.68000030517578,36.86000061035156,55254800
2005-07-05,31.61122703552246,37.11000061035156,37.189998626708984,36.599998474121094,36.599998474121094,79288700
2005-07-06,31.45789337158203,36.93000030517578,37.279998779296875,36.86000061035156,37.029998779296875,79101000
2005-07-07,31.56862449645996,37.060001373291016,37.09000015258789,36.54999923706055,36.58000183105469,119466300
2005-07-08,32.17341232299805,37.77000045776367,37.810001373291016,36.9900016784668,37.08000183105469,101320700
2005-07-11,32.471561431884766,38.119998931884766,38.15999984741211,37.79999923706055,37.869998931884766,96283700
2005-07-12,32.6248893737793,38.29999923706055,38.459999084472656,38.0099983215332,38.119998931884766,86059300
2005-07-13,32.70155715942383,38.38999938964844,38.43000030517578,38.16999816894531,38.31999969482422,72135400
2005-07-14,33.02524185180664,38.77000045776367,38.880001068115234,38.52000045776367,38.66999816894531,99135200
2005-07-15,33.12747573852539,38.88999938964844,39.0,38.650001525878906,38.83000183105469,67239200
2005-07-18,32.991180419921875,38.72999954223633,38.88999938964844,38.689998626708984,38.790000915527344,58644000
2005-07-19,33.37449264526367,39.18000030517578,39.20000076293945,38.84000015258789,38.90999984741211,77860900
2005-07-20,33.61300277709961,39.459999084472656,39.56999969482422,38.900001525878906,38.939998626708984,91433100
2005-07-21,33.62154006958008,39.470001220703125,39.689998626708984,39.209999084472656,39.560001373291016,127286000
2005-07-22,33.57893371582031,39.41999816894531,39.59000015258789,39.220001220703125,39.47999954223633,71666600
2005-07-25,33.451148986816406,39.27000045776367,39.630001068115234,39.20000076293945,39.459999084472656,51872700
2005-07-26,33.57893371582031,39.41999816894531,39.529998779296875,39.189998626708984,39.38999938964844,67324900
2005-07-27,33.834468841552734,39.720001220703125,39.7599983215332,39.22999954223633,39.45000076293945,78351100
2005-07-28,33.99632263183594,39.90999984741211,39.91999816894531,39.63999938964844,39.75,66163700
2005-07-29,33.715213775634766,39.58000183105469,39.91999816894531,39.52000045776367,39.869998931884766,74725700
2005-08-01,33.77484893798828,39.650001525878906,39.83000183105469,39.52000045776367,39.63999938964844,59748300
2005-08-02,34.14113235473633,40.08000183105469,40.13999938964844,39.650001525878906,39.70000076293945,79284100
2005-08-03,34.12409973144531,40.060001373291016,40.130001068115234,39.880001068115234,39.90999984741211,61916400
2005-08-04,33.791866302490234,39.66999816894531,39.939998626708984,39.56999969482422,39.880001068115234,72035500
2005-08-05,33.63004684448242,39.47999954223633,39.790000915527344,39.43000030517578,39.61000061035156,66029500
2005-08-08,33.38301467895508,39.189998626708984,39.61000061035156,39.13999938964844,39.52000045776367,63415400
2005-08-09,33.6045036315918,39.45000076293945,39.59000015258789,39.310001373291016,39.369998931884766,62143600
2005-08-10,33.31487274169922,39.11000061035156,39.689998626708984,38.970001220703125,39.54999923706055,102317500
2005-08-11,33.58745193481445,39.43000030517578,39.540000915527344,39.099998474121094,39.130001068115234,92446700
2005-08-12,33.400054931640625,39.209999084472656,39.31999969482422,38.970001220703125,39.119998931884766,86367300
2005-08-15,33.6045036315918,39.45000076293945,39.630001068115234,39.08000183105469,39.13999938964844,63061100
2005-08-16,33.059329986572266,38.810001373291016,39.33000183105469,38.7400016784668,39.29999923706055,94596000
2005-08-17,33.25522994995117,39.040000915527344,39.16999816894531,38.790000915527344,38.91999816894531,74470500
2005-08-18,33.08486557006836,38.84000015258789,39.099998474121094,38.77000045776367,38.869998931884766,72559400
2005-08-19,33.06784439086914,38.81999969482422,39.0,38.790000915527344,38.88999938964844,52024300
2005-08-22,33.08486557006836,38.84000015258789,39.18000030517578,38.599998474121094,38.880001068115234,88056300
2005-08-23,32.991180419921875,38.72999954223633,38.91999816894531,38.61000061035156,38.84000015258789,57482900
2005-08-24,32.795257568359375,38.5,39.18000030517578,38.459999084472656,38.650001525878906,95025700
2005-08-25,32.87192916870117,38.59000015258789,38.689998626708984,38.4900016784668,38.56999969482422,52328800
2005-08-26,32.76117706298828,38.459999084472656,38.599998474121094,38.27000045776367,38.529998779296875,63840700
2005-08-29,33.01671600341797,38.7599983215332,38.849998474121094,38.2599983215332,38.2599983215332,74940400
2005-08-30,32.897464752197266,38.619998931884766,38.65999984741211,38.31999969482422,38.560001373291016,87373600
2005-08-31,33.2041130065918,38.97999954223633,39.0099983215332,38.47999954223633,38.63999938964844,93426300
2005-09-01,33.15303039550781,38.91999816894531,39.150001525878906,38.779998779296875,39.0,74884400
2005-09-02,33.02524185180664,38.77000045776367,39.029998779296875,38.7400016784668,39.0,53244900
2005-09-06,33.51077651977539,39.34000015258789,39.40999984741211,38.900001525878906,38.95000076293945,78106600
2005-09-07,33.57042694091797,39.40999984741211,39.47999954223633,39.209999084472656,39.29999923706055,57440100
2005-09-08,33.56190490722656,39.400001525878906,39.56999969482422,39.27000045776367,39.290000915527344,73529700
2005-09-09,33.74928283691406,39.619998931884766,39.689998626708984,39.310001373291016,39.40999984741211,75342100
2005-09-12,33.84300231933594,39.72999954223633,39.86000061035156,39.58000183105469,39.630001068115234,51689900
2005-09-13,33.7578125,39.630001068115234,39.90999984741211,39.540000915527344,39.68000030517578,66145800
2005-09-14,33.37449264526367,39.18000030517578,39.68000030517578,39.150001525878906,39.650001525878906,98644000
2005-09-15,33.35744857788086,39.15999984741211,39.34000015258789,39.04999923706055,39.2599983215332,80421500
2005-09-16,33.56190490722656,39.400001525878906,39.459999084472656,39.11000061035156,39.25,71034100
2005-09-19,33.297847747802734,39.09000015258789,39.380001068115234,38.90999984741211,39.31999969482422,73387500
2005-09-20,33.161521911621094,38.93000030517578,39.540000915527344,38.810001373291016,39.15999984741211,115202800
2005-09-21,32.795257568359375,38.5,38.869998931884766,38.470001220703125,38.81999969482422,116404300
2005-09-22,32.91453170776367,38.63999938964844,38.72999954223633,38.2400016784668,38.439998626708984,118686100
2005-09-23,33.008201599121094,38.75,38.880001068115234,38.40999984741211,38.5,70154000
2005-09-26,33.01671600341797,38.7599983215332,39.029998779296875,38.54999923706055,38.970001220703125,69327600
2005-09-27,32.94005584716797,38.66999816894531,38.900001525878906,38.5099983215332,38.790000915527344,64089500
2005-09-28,32.948585510253906,38.68000030517578,38.95000076293945,38.560001373291016,38.7599983215332,72044500
2005-09-29,33.39152908325195,39.20000076293945,39.209999084472656,38.45000076293945,38.630001068115234,117634600
2005-09-30,33.61300277709961,39.459999084472656,39.47999954223633,39.130001068115234,39.16999816894531,79248500
2005-10-03,33.698177337646484,39.560001373291016,39.75,39.5099983215332,39.540000915527344,81685600
2005-10-04,33.47671890258789,39.29999923706055,39.880001068115234,39.290000915527344,39.619998931884766,85348600
2005-10-05,33.01671600341797,38.7599983215332,39.34000015258789,38.72999954223633,39.310001373291016,106152200
2005-10-06,32.582305908203125,38.25,38.86000061035156,37.91999816894531,38.72999954223633,162213700
2005-10-07,32.65895462036133,38.34000015258789,38.56999969482422,38.18000030517578,38.400001525878906,91119900
2005-10-10,32.480079650878906,38.130001068115234,38.459999084472656,38.060001373291016,38.27000045776367,64012000
2005-10-11,32.3182258605957,37.939998626708984,38.2400016784668,37.79999923706055,38.2400016784668,114736900
2005-10-12,31.934921264648438,37.4900016784668,38.060001373291016,37.43000030517578,37.720001220703125,146109500
2005-10-13,32.18192672729492,37.779998779296875,37.90999984741211,37.33000183105469,37.470001220703125,138569600
2005-10-14,32.420448303222656,38.060001373291016,38.06999969482422,37.63999938964844,37.880001068115234,131463200
2005-10-17,32.52265167236328,38.18000030517578,38.189998626708984,37.81999969482422,38.06999969482422,64080400
2005-10-18,32.29268264770508,37.90999984741211,38.18000030517578,37.90999984741211,38.13999938964844,88070400
2005-10-19,32.94005584716797,38.66999816894531,38.66999816894531,37.61000061035156,37.720001220703125,132879900
2005-10-20,32.633399963378906,38.310001373291016,38.849998474121094,38.099998474121094,38.709999084472656,132576900
2005-10-21,32.83783721923828,38.54999923706055,38.75,38.33000183105469,38.66999816894531,110032000
2005-10-24,33.35744857788086,39.15999984741211,39.18000030517578,38.470001220703125,38.72999954223633,110820900
2005-10-25,33.22968292236328,39.0099983215332,39.189998626708984,38.77000045776367,39.09000015258789,86665800
2005-10-26,33.059329986572266,38.810001373291016,39.27000045776367,38.7599983215332,38.97999954223633,89878100
2005-10-27,32.3948974609375,38.029998779296875,38.79999923706055,38.029998779296875,38.779998779296875,132231100
2005-10-28,32.64194107055664,38.31999969482422,38.38999938964844,37.91999816894531,38.15999984741211,95243900
2005-10-31,33.11042785644531,38.869998931884766,39.04999923706055,38.41999816894531,38.45000076293945,115279100
2005-11-01,33.08486557006836,38.84000015258789,39.0099983215332,38.709999084472656,38.779998779296875,73502300
2005-11-02,33.51930236816406,39.349998474121094,39.459999084472656,38.709999084472656,38.72999954223633,101409900
2005-11-03,34.02188491821289,39.939998626708984,40.09000015258789,39.68000030517578,39.7400016784668,137054000
2005-11-04,34.14113235473633,40.08000183105469,40.22999954223633,39.84000015258789,40.0,100944500
2005-11-07,34.183719635009766,40.130001068115234,40.290000915527344,39.95000076293945,40.209999084472656,65324500
2005-11-08,34.192237854003906,40.13999938964844,40.349998474121094,39.9900016784668,40.08000183105469,78859700
2005-11-09,34.20927047729492,40.15999984741211,40.33000183105469,40.029998779296875,40.119998931884766,72458800
2005-11-10,34.584083557128906,40.599998474121094,40.689998626708984,39.91999816894531,40.18000030517578,120763100
2005-11-11,34.67778396606445,40.709999084472656,40.91999816894531,40.68000030517578,40.77000045776367,80057200
2005-11-14,34.67778396606445,40.709999084472656,40.86000061035156,40.599998474121094,40.77000045776367,53652400
2005-11-15,34.51594161987305,40.52000045776367,40.900001525878906,40.380001068115234,40.72999954223633,79543500
2005-11-16,34.72890090942383,40.77000045776367,40.779998779296875,40.459999084472656,40.630001068115234,65895700
2005-11-17,35.18889236450195,41.310001373291016,41.31999969482422,40.849998474121094,40.90999984741211,94425500
2005-11-18,35.30814743041992,41.45000076293945,41.650001525878906,41.27000045776367,41.52000045776367,108820200
2005-11-21,35.393314361572266,41.54999923706055,41.58000183105469,41.2400016784668,41.400001525878906,69731400
2005-11-22,35.52111053466797,41.70000076293945,41.869998931884766,41.36000061035156,41.470001220703125,88814000
2005-11-23,35.60628128051758,41.79999923706055,42.02000045776367,41.709999084472656,41.72999954223633,64101200
2005-11-25,35.68293380737305,41.88999938964844,41.939998626708984,41.72999954223633,41.84000015258789,22930200
2005-11-28,35.384803771972656,41.540000915527344,42.0,41.5,42.0,74716200
2005-11-29,35.21444320678711,41.34000015258789,41.849998474121094,41.34000015258789,41.77000045776367,77443000
2005-11-30,35.12925338745117,41.2400016784668,41.4900016784668,41.189998626708984,41.279998779296875,88044400
2005-12-01,35.785152435302734,42.0099983215332,42.04999923706055,41.5,41.5099983215332,91914100
2005-12-02,35.87033462524414,42.11000061035156,42.130001068115234,41.869998931884766,41.939998626708984,72929200
2005-12-05,35.60628128051758,41.79999923706055,42.060001373291016,41.630001068115234,42.060001373291016,61519900
2005-12-06,35.72552490234375,41.939998626708984,42.310001373291016,41.900001525878906,42.029998779296875,81509400
2005-12-07,35.65738296508789,41.86000061035156,42.029998779296875,41.630001068115234,42.0,83885500
2005-12-08,35.40182876586914,41.560001373291016,42.0,41.27000045776367,41.959999084472656,112043200
2005-12-09,35.53812789916992,41.720001220703125,41.77000045776367,41.380001068115234,41.560001373291016,56526900
2005-12-12,35.66590118408203,41.869998931884766,41.939998626708984,41.68000030517578,41.869998931884766,44863600
2005-12-13,35.81071472167969,42.040000915527344,42.209999084472656,41.7599983215332,41.81999969482422,76611600
2005-12-14,35.69146728515625,41.900001525878906,42.099998474121094,41.709999084472656,41.95000076293945,73581600
2005-12-15,35.7510986328125,41.970001220703125,42.06999969482422,41.61000061035156,42.0,72607200
2005-12-16,35.50432205200195,41.58000183105469,41.939998626708984,41.54999923706055,41.86000061035156,63743000
2005-12-19,34.940757751464844,40.91999816894531,41.709999084472656,40.900001525878906,41.66999816894531,75341700
2005-12-20,34.966373443603516,40.95000076293945,41.150001525878906,40.75,40.95000076293945,70257700
2005-12-21,35.12005615234375,41.130001068115234,41.40999984741211,40.95000076293945,41.02000045776367,68935000
2005-12-22,35.35060501098633,41.400001525878906,41.459999084472656,41.099998474121094,41.11000061035156,59149500
2005-12-23,35.35060501098633,41.400001525878906,41.59000015258789,41.29999923706055,41.5099983215332,38000400
2005-12-27,35.0432243347168,41.040000915527344,41.68000030517578,40.970001220703125,41.52000045776367,55656300
2005-12-28,35.000518798828125,40.9900016784668,41.22999954223633,40.869998931884766,41.060001373291016,50302400
2005-12-29,34.769981384277344,40.720001220703125,41.119998931884766,40.650001525878906,41.029998779296875,47301700
2005-12-30,34.50528335571289,40.40999984741211,40.58000183105469,40.36000061035156,40.540000915527344,60026500
2006-01-03,35.273773193359375,41.310001373291016,41.4900016784668,40.15999984741211,40.650001525878906,109350400
2006-01-04,35.640926361083984,41.7400016784668,41.7400016784668,41.31999969482422,41.40999984741211,92769400
2006-01-05,35.79463195800781,41.91999816894531,42.0,41.709999084472656,41.75,77656900
2006-01-06,36.44357681274414,42.68000030517578,42.70000076293945,42.060001373291016,42.2599983215332,110053900
2006-01-09,36.58871841430664,42.849998474121094,42.91999816894531,42.52000045776367,42.68000030517578,80768800
2006-01-10,36.61435317993164,42.880001068115234,42.91999816894531,42.54999923706055,42.65999984741211,84369400
2006-01-11,36.896141052246094,43.209999084472656,43.310001373291016,42.869998931884766,43.0,100761400
2006-01-12,36.71681213378906,43.0,43.290000915527344,42.849998474121094,43.15999984741211,82429200
2006-01-13,36.69976806640625,42.97999954223633,43.04999923706055,42.72999954223633,42.939998626708984,64572100
2006-01-17,36.460655212402344,42.70000076293945,42.790000915527344,42.5,42.650001525878906,77962100
2006-01-18,36.042236328125,42.209999084472656,42.459999084472656,42.02000045776367,42.029998779296875,121021900
2006-01-19,36.30695343017578,42.52000045776367,42.81999969482422,42.290000915527344,42.41999816894531,111094000
2006-01-20,35.22251892089844,41.25,42.4900016784668,41.150001525878906,42.459999084472656,188569400
2006-01-23,35.23107147216797,41.2599983215332,41.45000076293945,41.08000183105469,41.36000061035156,111381900
2006-01-24,35.38475799560547,41.439998626708984,41.70000076293945,41.310001373291016,41.36000061035156,77956900
2006-01-25,35.23107147216797,41.2599983215332,41.66999816894531,41.08000183105469,41.63999938964844,99826400
2006-01-26,35.47868728637695,41.54999923706055,41.689998626708984,41.22999954223633,41.5,112600600
2006-01-27,35.95685958862305,42.11000061035156,42.38999938964844,41.7400016784668,41.79999923706055,110830400
2006-01-30,36.025184631347656,42.189998626708984,42.31999969482422,42.06999969482422,42.18000030517578,53942600
2006-01-31,35.86295700073242,42.0,42.27000045776367,41.810001373291016,42.16999816894531,100988100
2006-02-01,35.991031646728516,42.150001525878906,42.16999816894531,41.70000076293945,41.7400016784668,89168700
2006-02-02,35.3762321472168,41.43000030517578,42.08000183105469,41.40999984741211,42.0099983215332,94047400
2006-02-03,34.940757751464844,40.91999816894531,41.22999954223633,40.779998779296875,41.119998931884766,121094200
2006-02-06,34.84682083129883,40.810001373291016,41.0099983215332,40.59000015258789,40.720001220703125,58162800
2006-02-07,34.693111419677734,40.630001068115234,40.93000030517578,40.439998626708984,40.7400016784668,87327000
2006-02-08,35.094444274902344,41.099998474121094,41.150001525878906,40.689998626708984,40.91999816894531,89907800
2006-02-09,34.76142501831055,40.709999084472656,41.369998931884766,40.630001068115234,41.209999084472656,78213400
2006-02-10,34.974891662597656,40.959999084472656,41.060001373291016,40.2599983215332,40.68000030517578,102575900
2006-02-13,34.57357406616211,40.4900016784668,40.7400016784668,40.29999923706055,40.70000076293945,70643100
2006-02-14,34.92366409301758,40.900001525878906,41.02000045776367,40.40999984741211,40.56999969482422,94340300
2006-02-15,35.14569091796875,41.15999984741211,41.2599983215332,40.72999954223633,40.790000915527344,92254300
2006-02-16,35.470157623291016,41.540000915527344,41.54999923706055,41.150001525878906,41.310001373291016,103859600
2006-02-17,35.18836975097656,41.209999084472656,41.459999084472656,41.20000076293945,41.459999084472656,81770200
2006-02-21,34.795589447021484,40.75,41.27000045776367,40.61000061035156,41.209999084472656,85101400
2006-02-22,35.23107147216797,41.2599983215332,41.540000915527344,40.68000030517578,40.779998779296875,91983900
2006-02-23,35.13713073730469,41.150001525878906,41.540000915527344,41.08000183105469,41.189998626708984,66517100
2006-02-24,35.23107147216797,41.2599983215332,41.290000915527344,41.0099983215332,41.189998626708984,57085400
2006-02-27,35.62385940551758,41.720001220703125,41.869998931884766,41.33000183105469,41.36000061035156,64945000
2006-02-28,35.094444274902344,41.099998474121094,41.720001220703125,40.970001220703125,41.61000061035156,117564600
2006-03-01,35.57260513305664,41.65999984741211,41.77000045776367,41.150001525878906,41.22999954223633,80962300
2006-03-02,35.598228454589844,41.689998626708984,41.84000015258789,41.40999984741211,41.54999923706055,69856500
2006-03-03,35.3933219909668,41.45000076293945,42.0099983215332,41.38999938964844,41.45000076293945,112066100
2006-03-06,35.08590316772461,41.09000015258789,41.630001068115234,40.959999084472656,41.540000915527344,99581000
2006-03-07,34.8809814453125,40.849998474121094,41.06999969482422,40.650001525878906,41.02000045776367,96441100
2006-03-08,34.89806365966797,40.869998931884766,41.09000015258789,40.5,40.7599983215332,103961900
2006-03-09,34.59920120239258,40.52000045776367,41.150001525878906,40.470001220703125,41.0,108556700
2006-03-10,34.63335037231445,40.560001373291016,40.790000915527344,40.189998626708984,40.47999954223633,124474900
2006-03-13,34.735836029052734,40.68000030517578,40.939998626708984,40.619998931884766,40.7400016784668,69169100
2006-03-14,35.32499313354492,41.369998931884766,41.41999816894531,40.63999938964844,40.63999938964844,118201000
2006-03-15,35.62385940551758,41.720001220703125,41.720001220703125,41.31999969482422,41.529998779296875,84375800
2006-03-16,35.32499313354492,41.369998931884766,41.91999816894531,41.33000183105469,41.849998474121094,101371200
2006-03-17,35.41814041137695,41.45000076293945,41.59000015258789,41.22999954223633,41.34000015258789,78219600
2006-03-20,35.50358200073242,41.54999923706055,41.68000030517578,41.400001525878906,41.56999969482422,60240100
2006-03-21,35.12762451171875,41.11000061035156,42.0099983215332,41.08000183105469,41.11000061035156,136566000
2006-03-22,35.21305465698242,41.209999084472656,41.279998779296875,40.86000061035156,40.880001068115234,112282800
2006-03-23,35.11051559448242,41.09000015258789,41.220001220703125,40.81999969482422,41.09000015258789,75158200
2006-03-24,35.28995132446289,41.29999923706055,41.5,41.02000045776367,41.22999954223633,81795500
2006-03-27,35.29851531982422,41.310001373291016,41.5099983215332,41.2400016784668,41.279998779296875,54400400
2006-03-28,35.15325164794922,41.13999938964844,41.66999816894531,40.9900016784668,41.38999938964844,100522800
2006-03-29,35.81975555419922,41.91999816894531,42.099998474121094,41.16999816894531,41.20000076293945,130669100
2006-03-30,35.93082809448242,42.04999923706055,42.29999923706055,41.790000915527344,42.0099983215332,115915600
2006-03-31,35.828269958496094,41.93000030517578,42.189998626708984,41.84000015258789,42.130001068115234,71074600
2006-04-03,35.870994567871094,41.97999954223633,42.369998931884766,41.900001525878906,42.150001525878906,80730700
2006-04-04,36.067527770996094,42.209999084472656,42.310001373291016,41.93000030517578,42.04999923706055,89952600
2006-04-05,36.409332275390625,42.61000061035156,42.66999816894531,42.209999084472656,42.29999923706055,91628200
2006-04-06,36.51185607910156,42.72999954223633,42.939998626708984,42.439998626708984,42.59000015258789,91712800
2006-04-07,36.16151809692383,42.31999969482422,43.04999923706055,42.29999923706055,42.880001068115234,116604300
2006-04-10,36.110260009765625,42.2599983215332,42.5,42.09000015258789,42.400001525878906,58981900
2006-04-11,35.81975555419922,41.91999816894531,42.43000030517578,41.709999084472656,42.38999938964844,91481900
2006-04-12,35.828269958496094,41.93000030517578,42.08000183105469,41.79999923706055,41.939998626708984,58751200
2006-04-13,35.973548889160156,42.099998474121094,42.33000183105469,41.790000915527344,41.900001525878906,63476900
2006-04-17,35.5975456237793,41.65999984741211,42.209999084472656,41.38999938964844,42.040000915527344,104072100
2006-04-18,36.28115463256836,42.459999084472656,42.560001373291016,41.77000045776367,41.77000045776367,124291700
2006-04-19,36.443511962890625,42.650001525878906,42.650001525878906,42.29999923706055,42.540000915527344,79050300
2006-04-20,36.31533432006836,42.5,42.81999969482422,42.380001068115234,42.63999938964844,81408000
2006-04-21,35.88810729980469,42.0,42.720001220703125,41.81999969482422,42.65999984741211,130181200
2006-04-24,35.85393524169922,41.959999084472656,42.06999969482422,41.720001220703125,41.95000076293945,78556400
2006-04-25,35.777034759521484,41.869998931884766,42.099998474121094,41.650001525878906,42.06999969482422,77660800
2006-04-26,35.76846694946289,41.86000061035156,42.060001373291016,41.70000076293945,41.86000061035156,82537000
2006-04-27,36.110260009765625,42.2599983215332,42.4900016784668,41.5,41.66999816894531,173950100
2006-04-28,35.75993728637695,41.849998474121094,42.220001220703125,41.779998779296875,42.0,88876600
2006-05-01,35.40958023071289,41.439998626708984,42.04999923706055,41.310001373291016,41.91999816894531,92875500
2006-05-02,35.50358200073242,41.54999923706055,41.72999954223633,41.400001525878906,41.619998931884766,85148100
2006-05-03,35.45229721069336,41.4900016784668,41.63999938964844,41.279998779296875,41.56999969482422,74971600
2006-05-04,35.742820739746094,41.83000183105469,41.9900016784668,41.529998779296875,41.529998779296875,88696800
2006-05-05,36.02479553222656,42.15999984741211,42.209999084472656,41.939998626708984,42.099998474121094,80392200
2006-05-08,36.05899429321289,42.20000076293945,42.279998779296875,42.06999969482422,42.08000183105469,45079100
2006-05-09,35.92227554321289,42.040000915527344,42.18000030517578,41.970001220703125,42.099998474121094,48528800
2006-05-10,35.60612487792969,41.66999816894531,41.97999954223633,41.54999923706055,41.93000030517578,92424200
2006-05-11,34.811466217041016,40.7400016784668,41.650001525878906,40.630001068115234,41.630001068115234,140989700
2006-05-12,34.34149932861328,40.189998626708984,40.619998931884766,40.18000030517578,40.560001373291016,153920800
2006-05-15,34.31585693359375,40.15999984741211,40.34000015258789,39.790000915527344,40.02000045776367,127896500
2006-05-16,34.05951690673828,39.86000061035156,40.2599983215332,39.77000045776367,40.16999816894531,132397500
2006-05-17,33.59809875488281,39.31999969482422,39.810001373291016,39.22999954223633,39.68000030517578,207897100
2006-05-18,33.36738586425781,39.04999923706055,39.65999984741211,39.0,39.4900016784668,139690900
2006-05-19,33.62373352050781,39.349998474121094,39.470001220703125,38.75,39.20000076293945,194306300
2006-05-22,33.29903793334961,38.970001220703125,39.2400016784668,38.619998931884766,39.0099983215332,169591800
2006-05-23,32.974342346191406,38.59000015258789,39.380001068115234,38.56999969482422,39.2599983215332,142243900
2006-05-24,33.196495056152344,38.849998474121094,39.040000915527344,38.22999954223633,38.529998779296875,234981600
2006-05-25,33.63227462768555,39.36000061035156,39.380001068115234,38.81999969482422,39.11000061035156,123510900
2006-05-26,33.74335861206055,39.4900016784668,39.58000183105469,39.22999954223633,39.45000076293945,91319600
2006-05-30,33.01707077026367,38.63999938964844,39.33000183105469,38.61000061035156,39.29999923706055,105606200
2006-05-31,33.170875549316406,38.81999969482422,39.060001373291016,38.540000915527344,38.709999084472656,137066200
2006-06-01,33.95698165893555,39.7400016784668,39.7400016784668,38.84000015258789,38.93000030517578,119357400
2006-06-02,33.871517181396484,39.63999938964844,40.0,39.310001373291016,39.959999084472656,128864100
2006-06-05,33.13666915893555,38.779998779296875,39.560001373291016,38.779998779296875,39.560001373291016,103190600
2006-06-06,33.11103057861328,38.75,38.95000076293945,38.349998474121094,38.849998474121094,127271000
2006-06-07,32.86325454711914,38.459999084472656,39.16999816894531,38.45000076293945,38.79999923706055,130754700
2006-06-08,32.811988830566406,38.400001525878906,38.560001373291016,37.4900016784668,38.27000045776367,280562200
2006-06-09,32.5983772277832,38.150001525878906,38.7400016784668,38.11000061035156,38.560001373291016,144146200
2006-06-12,31.957509994506836,37.400001525878906,38.2599983215332,37.38999938964844,38.20000076293945,145607500
2006-06-13,31.82932472229004,37.25,37.79999923706055,37.15999984741211,37.4900016784668,207099500
2006-06-14,32.15401077270508,37.630001068115234,37.709999084472656,37.20000076293945,37.36000061035156,201876800
2006-06-15,33.025611877441406,38.650001525878906,38.790000915527344,37.79999923706055,37.849998474121094,200700400
2006-06-16,32.782745361328125,38.34000015258789,38.68000030517578,38.20000076293945,38.54999923706055,120006100
2006-06-19,32.517704010009766,38.029998779296875,38.540000915527344,37.90999984741211,38.5,129450100
2006-06-20,32.560462951660156,38.08000183105469,38.47999954223633,37.939998626708984,38.09000015258789,102871700
2006-06-21,33.07347869873047,38.68000030517578,38.9900016784668,38.130001068115234,38.13999938964844,129548100
2006-06-22,32.65449905395508,38.189998626708984,38.68000030517578,37.9900016784668,38.59000015258789,143100500
2006-06-23,32.62031555175781,38.150001525878906,38.529998779296875,37.93000030517578,38.15999984741211,88050200
2006-06-26,32.705806732177734,38.25,38.38999938964844,38.06999969482422,38.16999816894531,65157700
2006-06-27,32.09014892578125,37.529998779296875,38.33000183105469,37.4900016784668,38.27000045776367,128227500
2006-06-28,32.32958221435547,37.810001373291016,37.84000015258789,37.380001068115234,37.619998931884766,91576300
2006-06-29,33.312889099121094,38.959999084472656,38.959999084472656,37.900001525878906,37.97999954223633,181997200
2006-06-30,33.15043640136719,38.77000045776367,39.13999938964844,38.68000030517578,39.119998931884766,82719200
2006-07-03,33.34709930419922,39.0,39.0,38.810001373291016,38.88999938964844,21598500
2006-07-05,32.62031555175781,38.150001525878906,38.68000030517578,38.09000015258789,38.63999938964844,93724000
2006-07-06,32.58610153198242,38.11000061035156,38.47999954223633,38.0099983215332,38.27000045776367,70615200
2006-07-07,32.226985931396484,37.689998626708984,38.16999816894531,37.56999969482422,37.900001525878906,108063300
2006-07-10,31.9448184967041,37.36000061035156,37.93000030517578,37.16999816894531,37.790000915527344,105109800
2006-07-11,32.184226989746094,37.63999938964844,37.7400016784668,37.08000183105469,37.279998779296875,136114200
2006-07-12,31.577138900756836,36.93000030517578,37.63999938964844,36.84000015258789,37.560001373291016,154458900
2006-07-13,31.047006607055664,36.310001373291016,37.040000915527344,36.310001373291016,36.63999938964844,177745500
2006-07-14,30.73063850402832,35.939998626708984,36.380001068115234,35.790000915527344,36.29999923706055,172448500
2006-07-17,30.807586669921875,36.029998779296875,36.25,35.869998931884766,35.95000076293945,134311000
2006-07-18,30.91019630432129,36.150001525878906,36.33000183105469,35.540000915527344,36.220001220703125,206964900
2006-07-19,31.31206512451172,36.619998931884766,36.83000183105469,36.09000015258789,36.119998931884766,192517600
2006-07-20,30.850330352783203,36.08000183105469,36.79999923706055,36.040000915527344,36.75,152292100
2006-07-21,30.525415420532227,35.70000076293945,35.959999084472656,35.619998931884766,35.880001068115234,119343000
2006-07-24,31.132505416870117,36.40999984741211,36.43000030517578,35.79999923706055,35.84000015258789,130269300
2006-07-25,31.31206512451172,36.619998931884766,36.7400016784668,36.2400016784668,36.4900016784668,108869600
2006-07-26,31.286420822143555,36.59000015258789,36.869998931884766,36.22999954223633,36.5099983215332,107170500
2006-07-27,31.08120346069336,36.349998474121094,37.040000915527344,36.25,36.7400016784668,99698700
2006-07-28,31.731050491333008,37.11000061035156,37.13999938964844,36.5,36.529998779296875,93556100
2006-07-31,31.722501754760742,37.099998474121094,37.31999969482422,36.88999938964844,37.08000183105469,78015300
2006-08-01,31.19235610961914,36.47999954223633,36.79999923706055,36.2599983215332,36.77000045776367,98552800
2006-08-02,31.542924880981445,36.88999938964844,37.130001068115234,36.61000061035156,36.61000061035156,87370600
2006-08-03,31.739585876464844,37.119998931884766,37.34000015258789,36.47999954223633,36.52000045776367,99205600
2006-08-04,31.594226837158203,36.95000076293945,37.630001068115234,36.619998931884766,37.45000076293945,123493800
2006-08-07,31.389022827148438,36.709999084472656,36.939998626708984,36.529998779296875,36.90999984741211,69634800
2006-08-08,31.19235610961914,36.47999954223633,36.900001525878906,36.2599983215332,36.810001373291016,124139900
2006-08-09,31.235109329223633,36.529998779296875,37.310001373291016,36.43000030517578,36.9900016784668,145342200
2006-08-10,31.45743751525879,36.790000915527344,36.880001068115234,36.310001373291016,36.43000030517578,102481300
2006-08-11,31.235109329223633,36.529998779296875,36.689998626708984,36.369998931884766,36.650001525878906,86903200
2006-08-14,31.44033432006836,36.77000045776367,37.27000045776367,36.70000076293945,36.84000015258789,109281100
2006-08-15,32.23552322387695,37.70000076293945,37.75,37.09000015258789,37.20000076293945,133712100
2006-08-16,32.99652862548828,38.59000015258789,38.61000061035156,37.84000015258789,37.97999954223633,135452100
2006-08-17,33.116233825683594,38.72999954223633,38.97999954223633,38.439998626708984,38.459999084472656,129492200
2006-08-18,33.16753387451172,38.790000915527344,38.83000183105469,38.279998779296875,38.630001068115234,97754500
2006-08-21,32.85116195678711,38.41999816894531,38.560001373291016,38.2599983215332,38.5,66668400
2006-08-22,32.859718322753906,38.43000030517578,38.810001373291016,38.20000076293945,38.36000061035156,102058600
2006-08-23,32.61174011230469,38.13999938964844,38.66999816894531,37.91999816894531,38.459999084472656,96056300
2006-08-24,32.705806732177734,38.25,38.349998474121094,37.91999816894531,38.25,78985300
2006-08-25,32.76566696166992,38.31999969482422,38.63999938964844,38.060001373291016,38.16999816894531,73572900
2006-08-28,33.013633728027344,38.61000061035156,38.790000915527344,38.2400016784668,38.290000915527344,80035000
2006-08-29,33.116233825683594,38.72999954223633,38.7599983215332,38.18000030517578,38.58000183105469,104842000
2006-08-30,33.270137786865234,38.90999984741211,39.029998779296875,38.599998474121094,38.720001220703125,75687200
2006-08-31,33.23594665527344,38.869998931884766,39.029998779296875,38.7599983215332,38.959999084472656,61207200
2006-09-01,33.415489196777344,39.08000183105469,39.209999084472656,38.900001525878906,39.08000183105469,69388500
2006-09-05,33.740421295166016,39.459999084472656,39.47999954223633,38.849998474121094,39.099998474121094,85582800
2006-09-06,33.06492614746094,38.66999816894531,39.189998626708984,38.61000061035156,39.099998474121094,97888600
2006-09-07,32.91102600097656,38.4900016784668,38.900001525878906,38.36000061035156,38.54999923706055,115877400
2006-09-08,33.107669830322266,38.720001220703125,38.81999969482422,38.459999084472656,38.540000915527344,96627000
2006-09-11,33.312889099121094,38.959999084472656,39.150001525878906,38.31999969482422,38.40999984741211,142377500
2006-09-12,33.928531646728516,39.68000030517578,39.79999923706055,38.95000076293945,38.95000076293945,124102400
2006-09-13,34.15940475463867,39.95000076293945,39.97999954223633,39.630001068115234,39.709999084472656,116054300
2006-09-14,34.193607330322266,39.9900016784668,40.220001220703125,39.7599983215332,39.849998474121094,98116000
2006-09-15,34.31595230102539,40.11000061035156,40.459999084472656,40.0,40.29999923706055,137825600
2006-09-18,34.324493408203125,40.119998931884766,40.400001525878906,39.939998626708984,40.119998931884766,117806700
2006-09-19,34.09348678588867,39.849998474121094,40.25,39.52000045776367,40.220001220703125,159060800
2006-09-20,34.5897331237793,40.43000030517578,40.540000915527344,40.189998626708984,40.20000076293945,116635500
2006-09-21,34.37582015991211,40.18000030517578,40.66999816894531,40.08000183105469,40.529998779296875,121886900
2006-09-22,34.11061096191406,39.869998931884766,40.15999984741211,39.70000076293945,40.150001525878906,100996400
2006-09-25,34.70949935913086,40.56999969482422,40.65999984741211,39.68000030517578,40.040000915527344,136473400
2006-09-26,34.88059997558594,40.77000045776367,40.79999923706055,40.400001525878906,40.52000045776367,113375600
2006-09-27,34.83781051635742,40.720001220703125,40.95000076293945,40.5,40.66999816894531,113003800
2006-09-28,34.93193054199219,40.83000183105469,40.88999938964844,40.43000030517578,40.77000045776367,85943600
2006-09-29,34.77793502807617,40.650001525878906,40.93000030517578,40.619998931884766,40.900001525878906,85438200
2006-10-02,34.34162521362305,40.13999938964844,40.70000076293945,40.08000183105469,40.599998474121094,97068800
2006-10-03,34.48705291748047,40.310001373291016,40.47999954223633,39.880001068115234,40.02000045776367,116261400
2006-10-04,35.334041595458984,41.29999923706055,41.310001373291016,40.13999938964844,40.2400016784668,149209500
2006-10-05,35.50514602661133,41.5,41.560001373291016,41.18000030517578,41.29999923706055,91799900
2006-10-06,35.42814636230469,41.40999984741211,41.560001373291016,41.2400016784668,41.36000061035156,85450400
2006-10-09,35.54790496826172,41.54999923706055,41.7400016784668,41.31999969482422,41.36000061035156,62786100
2006-10-10,35.607810974121094,41.619998931884766,41.75,41.310001373291016,41.599998474121094,98181800
2006-10-11,35.53937911987305,41.540000915527344,41.83000183105469,41.16999816894531,41.43000030517578,136561300
2006-10-12,36.10405349731445,42.20000076293945,42.25,41.70000076293945,41.7599983215332,95260200
2006-10-13,36.30078887939453,42.43000030517578,42.52000045776367,42.13999938964844,42.22999954223633,80470200
2006-10-16,36.335018157958984,42.470001220703125,42.619998931884766,42.400001525878906,42.43000030517578,62017400
2006-10-17,35.93292236328125,42.0,42.20000076293945,41.7599983215332,42.16999816894531,146149100
2006-10-18,35.761802673339844,41.79999923706055,42.310001373291016,41.650001525878906,42.220001220703125,120366100
2006-10-19,35.84738540649414,41.900001525878906,42.11000061035156,41.59000015258789,41.689998626708984,108198400
2006-10-20,35.93292236328125,42.0,42.08000183105469,41.63999938964844,42.040000915527344,105454300
2006-10-23,36.30078887939453,42.43000030517578,42.58000183105469,41.81999969482422,41.91999816894531,126960500
2006-10-24,36.052703857421875,42.13999938964844,42.45000076293945,41.91999816894531,42.279998779296875,103541700
2006-10-25,36.30078887939453,42.43000030517578,42.52000045776367,42.04999923706055,42.15999984741211,125399500
2006-10-26,36.63445281982422,42.81999969482422,42.91999816894531,42.220001220703125,42.58000183105469,130260700
2006-10-27,36.11259460449219,42.209999084472656,42.81999969482422,42.08000183105469,42.720001220703125,129375000
2006-10-30,36.34358215332031,42.47999954223633,42.650001525878906,42.060001373291016,42.15999984741211,103899900
2006-10-31,36.42913055419922,42.58000183105469,42.7599983215332,42.310001373291016,42.560001373291016,135811800
2006-11-01,35.93292236328125,42.0,42.77000045776367,41.81999969482422,42.72999954223633,148960600
2006-11-02,35.967140197753906,42.040000915527344,42.13999938964844,41.7400016784668,41.810001373291016,100216400
2006-11-03,35.8730583190918,41.93000030517578,42.189998626708984,41.61000061035156,42.099998474121094,119263300
2006-11-06,36.39493942260742,42.540000915527344,42.709999084472656,42.060001373291016,42.06999969482422,101283300
2006-11-07,36.643028259277344,42.83000183105469,43.09000015258789,42.470001220703125,42.540000915527344,139706500
2006-11-08,36.81413650512695,43.029998779296875,43.20000076293945,42.470001220703125,42.59000015258789,180245700
2006-11-09,36.643028259277344,42.83000183105469,43.349998474121094,42.66999816894531,43.2599983215332,124278000
2006-11-10,36.81413650512695,43.029998779296875,43.040000915527344,42.66999816894531,42.84000015258789,82419400
2006-11-13,37.190582275390625,43.470001220703125,43.540000915527344,43.0,43.04999923706055,89146200
2006-11-14,37.58412551879883,43.93000030517578,43.970001220703125,43.2400016784668,43.5,121962800
2006-11-15,37.738121032714844,44.11000061035156,44.400001525878906,43.91999816894531,43.9900016784668,116565900
2006-11-16,37.90068054199219,44.29999923706055,44.41999816894531,44.02000045776367,44.2599983215332,113513200
2006-11-17,37.90068054199219,44.29999923706055,44.29999923706055,43.95000076293945,44.060001373291016,95162500
2006-11-20,37.977684020996094,44.38999938964844,44.47999954223633,44.0099983215332,44.15999984741211,107184100
2006-11-21,38.029014587402344,44.45000076293945,44.5099983215332,44.25,44.41999816894531,68092200
2006-11-22,38.268558502197266,44.72999954223633,44.75,44.2599983215332,44.58000183105469,69852700
2006-11-24,38.20011520385742,44.650001525878906,44.86000061035156,44.380001068115234,44.400001525878906,51762900
2006-11-27,37.336021423339844,43.63999938964844,44.61000061035156,43.63999938964844,44.5099983215332,159506300
2006-11-28,37.447235107421875,43.77000045776367,43.84000015258789,43.34000015258789,43.5099983215332,118268400
2006-11-29,37.70391845703125,44.06999969482422,44.18000030517578,43.65999984741211,44.0,139515500
2006-11-30,37.67821502685547,44.040000915527344,44.279998779296875,43.790000915527344,44.04999923706055,123457100
2006-12-01,37.35313034057617,43.65999984741211,44.349998474121094,43.2599983215332,44.0,144559600
2006-12-04,37.8664665222168,44.2599983215332,44.47999954223633,43.790000915527344,43.790000915527344,89782400
2006-12-05,38.00335693359375,44.41999816894531,44.54999923706055,44.189998626708984,44.38999938964844,84697500
2006-12-06,37.8664665222168,44.2599983215332,44.400001525878906,44.06999969482422,44.279998779296875,78207500
2006-12-07,37.38736343383789,43.70000076293945,44.47999954223633,43.70000076293945,44.34000015258789,124936100
2006-12-08,37.55846405029297,43.900001525878906,44.2599983215332,43.470001220703125,43.560001373291016,133798700
2006-12-11,37.695350646972656,44.060001373291016,44.369998931884766,43.75,43.83000183105469,72931300
2006-12-12,37.472904205322266,43.79999923706055,44.130001068115234,43.560001373291016,44.04999923706055,110985900
2006-12-13,37.541343688964844,43.880001068115234,44.11000061035156,43.619998931884766,44.099998474121094,79035500
2006-12-14,37.9605712890625,44.369998931884766,44.56999969482422,43.939998626708984,43.970001220703125,109104200
2006-12-15,38.05820846557617,44.43000030517578,44.7599983215332,44.349998474121094,44.68000030517578,99942300
2006-12-18,37.68132781982422,43.9900016784668,44.75,43.79999923706055,44.58000183105469,121588700
2006-12-19,37.5614013671875,43.849998474121094,44.060001373291016,43.380001068115234,43.650001525878906,136535200
2006-12-20,37.42432403564453,43.689998626708984,44.11000061035156,43.66999816894531,43.900001525878906,67213400
2006-12-21,37.15880584716797,43.380001068115234,43.790000915527344,43.209999084472656,43.7400016784668,102952300
2006-12-22,36.77333450317383,42.93000030517578,43.40999984741211,42.93000030517578,43.400001525878906,92858600
2006-12-26,36.927528381347656,43.11000061035156,43.119998931884766,42.880001068115234,42.93000030517578,50848600
2006-12-27,37.115970611572266,43.33000183105469,43.400001525878906,43.099998474121094,43.209999084472656,54129200
2006-12-28,36.936092376708984,43.119998931884766,43.380001068115234,43.04999923706055,43.20000076293945,69016000
2006-12-29,36.97036361694336,43.15999984741211,43.61000061035156,43.119998931884766,43.189998626708984,75152500
2007-01-03,37.03888702392578,43.2400016784668,44.060001373291016,42.52000045776367,43.459999084472656,167689500
2007-01-04,37.74129104614258,44.060001373291016,44.209999084472656,43.150001525878906,43.29999923706055,136853500
2007-01-05,37.5614013671875,43.849998474121094,43.95000076293945,43.47999954223633,43.95000076293945,138958800
2007-01-08,37.587093353271484,43.880001068115234,44.119998931884766,43.63999938964844,43.88999938964844,106401600
2007-01-09,37.77553939819336,44.099998474121094,44.290000915527344,43.630001068115234,44.0099983215332,121577500
2007-01-10,38.220970153808594,44.619998931884766,44.65999984741211,43.81999969482422,43.959999084472656,121070100
2007-01-11,38.61500549316406,45.08000183105469,45.2400016784668,44.650001525878906,44.709999084472656,174029800
2007-01-12,38.8120002746582,45.310001373291016,45.349998474121094,44.970001220703125,45.02000045776367,104217300
2007-01-16,38.78633499145508,45.279998779296875,45.400001525878906,45.130001068115234,45.349998474121094,95690500
2007-01-17,38.46937561035156,44.90999984741211,45.290000915527344,44.83000183105469,45.09000015258789,127142600
2007-01-18,37.7584114074707,44.08000183105469,44.84000015258789,43.95000076293945,44.790000915527344,189029800
2007-01-19,37.83549880981445,44.16999816894531,44.279998779296875,43.90999984741211,43.970001220703125,127544300
2007-01-22,37.42432403564453,43.689998626708984,44.22999954223633,43.5099983215332,44.209999084472656,123441700
2007-01-23,37.33012008666992,43.58000183105469,43.97999954223633,43.5,43.65999984741211,133103600
2007-01-24,37.94685745239258,44.29999923706055,44.31999969482422,43.77000045776367,43.86000061035156,117615300
2007-01-25,37.4586067199707,43.72999954223633,44.470001220703125,43.58000183105469,44.36000061035156,158337600
2007-01-26,37.3215446472168,43.56999969482422,43.83000183105469,43.290000915527344,43.810001373291016,146284300
2007-01-29,37.35580825805664,43.61000061035156,43.90999984741211,43.400001525878906,43.459999084472656,104191500
2007-01-30,37.3729362487793,43.630001068115234,43.790000915527344,43.52000045776367,43.68000030517578,69605900
2007-01-31,37.749847412109375,44.06999969482422,44.189998626708984,43.33000183105469,43.58000183105469,157772500
2007-02-01,37.68988037109375,44.0,44.400001525878906,43.849998474121094,44.27000045776367,147365600
2007-02-02,37.82693862915039,44.15999984741211,44.25,43.939998626708984,44.119998931884766,98189200
2007-02-05,37.79268264770508,44.119998931884766,44.36000061035156,43.959999084472656,44.13999938964844,96347800
2007-02-06,37.74129104614258,44.060001373291016,44.22999954223633,43.63999938964844,44.20000076293945,121110200
2007-02-07,38.08391571044922,44.459999084472656,44.650001525878906,44.119998931884766,44.279998779296875,117823800
2007-02-08,38.075347900390625,44.45000076293945,44.599998474121094,44.22999954223633,44.400001525878906,89521900
2007-02-09,37.587093353271484,43.880001068115234,44.720001220703125,43.72999954223633,44.56999969482422,133472000
2007-02-12,37.441471099853516,43.709999084472656,43.88999938964844,43.59000015258789,43.869998931884766,126940000
2007-02-13,37.56995391845703,43.86000061035156,44.0,43.70000076293945,43.779998779296875,93648000
2007-02-14,38.20383834838867,44.599998474121094,44.709999084472656,44.040000915527344,44.040000915527344,133370000
2007-02-15,38.42654800415039,44.86000061035156,44.86000061035156,44.54999923706055,44.630001068115234,110452500
2007-02-16,38.29806900024414,44.709999084472656,44.83000183105469,44.56999969482422,44.65999984741211,72342200
2007-02-20,38.58930587768555,45.04999923706055,45.119998931884766,44.43000030517578,44.63999938964844,93629000
2007-02-21,38.70922088623047,45.189998626708984,45.209999084472656,44.83000183105469,44.91999816894531,95864000
2007-02-22,38.90625,45.41999816894531,45.54999923706055,45.06999969482422,45.36000061035156,116344400
2007-02-23,38.7691764831543,45.2599983215332,45.459999084472656,45.060001373291016,45.41999816894531,113467100
2007-02-26,38.580718994140625,45.040000915527344,45.5,44.7599983215332,45.47999954223633,101623700
2007-02-27,36.99604034423828,43.189998626708984,44.47999954223633,43.060001373291016,44.369998931884766,317813200
2007-02-28,37.115970611572266,43.33000183105469,43.7599983215332,42.93000030517578,43.150001525878906,214978700
2007-03-01,36.94464874267578,43.130001068115234,43.540000915527344,42.2400016784668,42.54999923706055,231806500
2007-03-02,36.38786697387695,42.47999954223633,43.13999938964844,42.470001220703125,42.779998779296875,183359400
2007-03-05,36.10519790649414,42.150001525878906,42.79999923706055,42.060001373291016,42.150001525878906,171885400
2007-03-06,36.70479965209961,42.849998474121094,42.9900016784668,42.5,42.529998779296875,155551800
2007-03-07,36.55919647216797,42.68000030517578,42.97999954223633,42.650001525878906,42.86000061035156,119979300
2007-03-08,36.807586669921875,42.970001220703125,43.2400016784668,42.84000015258789,43.130001068115234,120900700
2007-03-09,36.77333450317383,42.93000030517578,43.34000015258789,42.650001525878906,43.33000183105469,128597600
2007-03-12,37.0131950378418,43.209999084472656,43.279998779296875,42.83000183105469,42.869998931884766,81310100
2007-03-13,36.29365158081055,42.369998931884766,43.2400016784668,42.36000061035156,43.0,171231800
2007-03-14,36.82473373413086,42.9900016784668,43.0,42.099998474121094,42.43000030517578,192586700
2007-03-15,36.739051818847656,42.88999938964844,43.060001373291016,42.720001220703125,42.900001525878906,111627400
2007-03-16,36.710784912109375,42.83000183105469,43.040000915527344,42.61000061035156,42.939998626708984,108328800
2007-03-19,37.08792495727539,43.27000045776367,43.38999938964844,42.95000076293945,43.060001373291016,95913200
2007-03-20,37.35364532470703,43.58000183105469,43.59000015258789,43.209999084472656,43.2599983215332,78755700
2007-03-21,38.07362365722656,44.41999816894531,44.439998626708984,43.349998474121094,43.63999938964844,173333500
2007-03-22,37.936485290527344,44.2599983215332,44.45000076293945,44.09000015258789,44.439998626708984,114856300
2007-03-23,37.816490173339844,44.119998931884766,44.369998931884766,44.06999969482422,44.2599983215332,68530300
2007-03-26,37.97076416015625,44.29999923706055,44.31999969482422,43.630001068115234,44.13999938964844,114237300
2007-03-27,37.70505142211914,43.9900016784668,44.2400016784668,43.95000076293945,44.22999954223633,76419200
2007-03-28,37.30221176147461,43.52000045776367,44.029998779296875,43.5099983215332,43.79999923706055,142795000
2007-03-29,37.34505844116211,43.56999969482422,43.849998474121094,43.099998474121094,43.81999969482422,124407000
2007-03-30,37.31078338623047,43.529998779296875,43.869998931884766,43.220001220703125,43.560001373291016,120418700
2007-04-02,37.362220764160156,43.59000015258789,43.7599983215332,43.29999923706055,43.66999816894531,89617700
2007-04-03,37.85076904296875,44.15999984741211,44.310001373291016,43.790000915527344,43.81999969482422,105814500
2007-04-04,38.00505828857422,44.34000015258789,44.380001068115234,44.130001068115234,44.189998626708984,85147200
2007-04-05,38.19362258911133,44.560001373291016,44.58000183105469,44.22999954223633,44.290000915527344,54220200
2007-04-09,38.099334716796875,44.45000076293945,44.75,44.380001068115234,44.709999084472656,63050200
2007-04-10,38.296470642089844,44.68000030517578,44.68000030517578,44.40999984741211,44.439998626708984,76364500
2007-04-11,37.89362716674805,44.209999084472656,44.65999984741211,44.06999969482422,44.63999938964844,114012300
2007-04-12,38.19362258911133,44.560001373291016,44.619998931884766,43.95000076293945,44.13999938964844,113801300
2007-04-13,38.2707633972168,44.650001525878906,44.720001220703125,44.290000915527344,44.56999969482422,94572000
2007-04-16,38.622196197509766,45.060001373291016,45.150001525878906,44.83000183105469,44.83000183105469,72803200
2007-04-17,38.7078857421875,45.15999984741211,45.20000076293945,44.959999084472656,45.150001525878906,81852300
2007-04-18,38.579322814941406,45.0099983215332,45.22999954223633,44.83000183105469,44.93000030517578,82002500
2007-04-19,38.69933319091797,45.150001525878906,45.25,44.720001220703125,44.810001373291016,95413000
2007-04-20,38.91360855102539,45.400001525878906,45.66999816894531,45.20000076293945,45.52000045776367,122377400
2007-04-23,38.973602294921875,45.470001220703125,45.599998474121094,45.34000015258789,45.459999084472656,85303300
2007-04-24,39.170753479003906,45.70000076293945,45.83000183105469,45.33000183105469,45.630001068115234,108143700
2007-04-25,39.69357681274414,46.310001373291016,46.31999969482422,45.70000076293945,45.849998474121094,106818100
2007-04-26,39.89930725097656,46.54999923706055,46.650001525878906,46.33000183105469,46.41999816894531,99308300
2007-04-27,39.91646194458008,46.56999969482422,46.70000076293945,46.290000915527344,46.369998931884766,96536500
2007-04-30,39.39360046386719,45.959999084472656,46.529998779296875,45.91999816894531,46.4900016784668,93290500
2007-05-01,39.35930633544922,45.91999816894531,46.13999938964844,45.65999984741211,45.970001220703125,135044400
2007-05-02,39.78787612915039,46.41999816894531,46.58000183105469,46.04999923706055,46.09000015258789,91971600
2007-05-03,39.93358612060547,46.59000015258789,46.720001220703125,46.43000030517578,46.5099983215332,98003600
2007-05-04,39.96787643432617,46.630001068115234,46.88999938964844,46.41999816894531,46.77000045776367,93591800
2007-05-07,39.96787643432617,46.630001068115234,46.779998779296875,46.56999969482422,46.65999984741211,47487900
2007-05-08,40.053585052490234,46.72999954223633,46.77000045776367,46.29999923706055,46.470001220703125,95138900
2007-05-09,40.1392936706543,46.83000183105469,46.970001220703125,46.459999084472656,46.4900016784668,116021000
2007-05-10,39.59072494506836,46.189998626708984,46.779998779296875,46.06999969482422,46.66999816894531,171196300
2007-05-11,40.096435546875,46.779998779296875,46.779998779296875,46.18000030517578,46.2400016784668,104767900
2007-05-14,39.82217025756836,46.459999084472656,46.880001068115234,46.189998626708984,46.77000045776367,118899200
2007-05-15,39.51359558105469,46.099998474121094,46.70000076293945,45.9900016784668,46.41999816894531,179438500
2007-05-16,39.89930725097656,46.54999923706055,46.560001373291016,45.90999984741211,46.20000076293945,144420500
2007-05-17,39.71074295043945,46.33000183105469,46.56999969482422,46.290000915527344,46.4900016784668,109869100
2007-05-18,40.03644561767578,46.709999084472656,46.709999084472656,46.380001068115234,46.47999954223633,104961700
2007-05-21,40.2935905456543,47.0099983215332,47.2400016784668,46.66999816894531,46.7400016784668,112831400
2007-05-22,40.327877044677734,47.04999923706055,47.279998779296875,46.869998931884766,47.040000915527344,98029100
2007-05-23,40.1392936706543,46.83000183105469,47.369998931884766,46.79999923706055,47.189998626708984,119220600
2007-05-24,39.56502151489258,46.15999984741211,47.040000915527344,45.970001220703125,46.86000061035156,206268600
2007-05-25,39.8135871887207,46.45000076293945,46.560001373291016,46.18000030517578,46.2599983215332,87143200
2007-05-29,40.12215042114258,46.810001373291016,46.86000061035156,46.40999984741211,46.5,99702400
2007-05-30,40.44784927368164,47.189998626708984,47.20000076293945,46.349998474121094,46.47999954223633,132036500
2007-05-31,40.63643264770508,47.40999984741211,47.52000045776367,47.209999084472656,47.31999969482422,109457700
2007-06-01,40.66212844848633,47.439998626708984,47.77000045776367,47.369998931884766,47.58000183105469,125089800
2007-06-04,40.78213882446289,47.58000183105469,47.63999938964844,47.2400016784668,47.27000045776367,64782700
2007-06-05,40.78213882446289,47.58000183105469,47.58000183105469,47.0,47.45000076293945,151160400
2007-06-06,40.34502029418945,47.06999969482422,47.380001068115234,46.959999084472656,47.369998931884766,183166500
2007-06-07,39.71930694580078,46.34000015258789,47.209999084472656,46.31999969482422,46.90999984741211,221373300
2007-06-08,40.207855224609375,46.90999984741211,46.93000030517578,46.15999984741211,46.31999969482422,177587800
2007-06-11,40.13072967529297,46.81999969482422,47.189998626708984,46.7599983215332,46.880001068115234,97100400
2007-06-12,39.8907356262207,46.540000915527344,47.040000915527344,46.45000076293945,46.56999969482422,153967700
2007-06-13,40.327877044677734,47.04999923706055,47.09000015258789,46.540000915527344,46.7400016784668,147985300
2007-06-14,40.59358596801758,47.36000061035156,47.4900016784668,47.09000015258789,47.099998474121094,101531900
2007-06-15,40.96844482421875,47.7599983215332,47.869998931884766,47.650001525878906,47.7599983215332,100378400
2007-06-18,40.97700881958008,47.77000045776367,47.869998931884766,47.66999816894531,47.849998474121094,75713200
2007-06-19,40.96844482421875,47.7599983215332,47.86000061035156,47.5099983215332,47.630001068115234,109621300
2007-06-20,40.58242416381836,47.310001373291016,47.91999816894531,47.2400016784668,47.83000183105469,161889500
2007-06-21,40.95128631591797,47.7400016784668,47.790000915527344,47.08000183105469,47.290000915527344,143181300
2007-06-22,40.565269470214844,47.290000915527344,47.709999084472656,47.13999938964844,47.63999938964844,153328700
2007-06-25,40.393707275390625,47.09000015258789,47.58000183105469,46.81999969482422,47.29999923706055,136602600
2007-06-26,40.162105560302734,46.81999969482422,47.31999969482422,46.7400016784668,47.310001373291016,128211900
2007-06-27,40.77971649169922,47.540000915527344,47.560001373291016,46.70000076293945,46.77000045776367,141196200
2007-06-28,40.7625617980957,47.52000045776367,47.849998474121094,47.470001220703125,47.52000045776367,116546300
2007-06-29,40.83119583129883,47.599998474121094,47.880001068115234,47.209999084472656,47.779998779296875,124794700
2007-07-02,41.2000617980957,48.029998779296875,48.04999923706055,47.68000030517578,47.709999084472656,80863100
2007-07-03,41.44021987915039,48.310001373291016,48.31999969482422,48.040000915527344,48.09000015258789,34803300
2007-07-05,41.74045181274414,48.65999984741211,48.77000045776367,48.290000915527344,48.34000015258789,73588500
2007-07-06,41.91200637817383,48.86000061035156,48.90999984741211,48.5,48.709999084472656,65804300
2007-07-09,41.93776321411133,48.88999938964844,48.97999954223633,48.720001220703125,48.900001525878906,66768800
2007-07-10,41.586063385009766,48.47999954223633,48.900001525878906,48.43000030517578,48.619998931884766,104383100
2007-07-11,41.869136810302734,48.810001373291016,48.810001373291016,48.31999969482422,48.369998931884766,99637600
2007-07-12,42.51248550415039,49.560001373291016,49.66999816894531,48.91999816894531,48.970001220703125,107667100
2007-07-13,42.80412673950195,49.900001525878906,49.970001220703125,49.56999969482422,49.630001068115234,74232200
2007-07-16,42.76121520996094,49.849998474121094,50.08000183105469,49.7599983215332,49.88999938964844,77799500
2007-07-17,43.087188720703125,50.22999954223633,50.29999923706055,49.91999816894531,49.959999084472656,124833700
2007-07-18,43.035728454589844,50.16999816894531,50.16999816894531,49.63999938964844,49.95000076293945,144915900
2007-07-19,43.16440200805664,50.31999969482422,50.65999984741211,50.310001373291016,50.40999984741211,116563800
2007-07-20,42.932804107666016,50.04999923706055,50.36000061035156,49.7400016784668,50.290000915527344,163721300
2007-07-23,42.94997024536133,50.06999969482422,50.310001373291016,49.91999816894531,50.220001220703125,107464100
2007-07-24,42.31517791748047,49.33000183105469,50.099998474121094,49.04999923706055,49.70000076293945,175496200
2007-07-25,42.37522888183594,49.400001525878906,49.66999816894531,49.060001373291016,49.58000183105469,170258700
2007-07-26,42.01494598388672,48.97999954223633,49.470001220703125,48.04999923706055,49.060001373291016,318522000
2007-07-27,41.16574478149414,47.9900016784668,49.119998931884766,47.9900016784668,48.88999938964844,246387600
2007-07-30,41.64609146118164,48.54999923706055,48.72999954223633,47.95000076293945,48.220001220703125,166517200
2007-07-31,40.77112579345703,47.529998779296875,48.9900016784668,47.43000030517578,48.970001220703125,260224500
2007-08-01,41.088523864746094,47.900001525878906,47.93000030517578,46.97999954223633,47.38999938964844,301153900
2007-08-02,41.4659423828125,48.34000015258789,48.43000030517578,47.790000915527344,47.93000030517578,177369900
2007-08-03,40.67679214477539,47.41999816894531,48.310001373291016,47.150001525878906,48.25,166048400
2007-08-06,41.14859390258789,47.970001220703125,48.02000045776367,47.029998779296875,47.470001220703125,190869100
2007-08-07,41.44021987915039,48.310001373291016,48.619998931884766,47.47999954223633,47.880001068115234,167109700
2007-08-08,41.89484786987305,48.84000015258789,49.060001373291016,48.400001525878906,48.5099983215332,164831200
2007-08-09,40.9255256652832,47.709999084472656,48.970001220703125,47.689998626708984,48.189998626708984,242418200
2007-08-10,40.556678771972656,47.279998779296875,47.83000183105469,46.630001068115234,47.20000076293945,247006400
2007-08-13,40.83119583129883,47.599998474121094,47.880001068115234,47.47999954223633,47.68000030517578,116935100
2007-08-14,40.13637161254883,46.790000915527344,47.7400016784668,46.72999954223633,47.70000076293945,153529800
2007-08-15,39.3729362487793,45.900001525878906,47.09000015258789,45.810001373291016,46.68000030517578,214854100
2007-08-16,38.986915588378906,45.45000076293945,45.90999984741211,44.38999938964844,45.529998779296875,362468700
2007-08-17,39.7246208190918,46.310001373291016,46.59000015258789,45.59000015258789,46.310001373291016,223246600
2007-08-20,39.9133415222168,46.529998779296875,46.720001220703125,46.08000183105469,46.4900016784668,144715100
2007-08-21,40.33366012573242,47.02000045776367,47.130001068115234,46.38999938964844,46.47999954223633,115027200
2007-08-22,40.88264846801758,47.65999984741211,47.70000076293945,47.27000045776367,47.380001068115234,115814100
2007-08-23,40.77112579345703,47.529998779296875,47.849998474121094,47.22999954223633,47.790000915527344,118663400
2007-08-24,41.345855712890625,48.20000076293945,48.22999954223633,47.31999969482422,47.380001068115234,88189200
2007-08-27,41.07137680053711,47.880001068115234,48.20000076293945,47.84000015258789,48.060001373291016,72490400
2007-08-28,40.093482971191406,46.7400016784668,47.70000076293945,46.709999084472656,47.599998474121094,106024800
2007-08-29,41.24292755126953,48.08000183105469,48.119998931884766,47.04999923706055,47.04999923706055,113201000
2007-08-30,41.45738983154297,48.33000183105469,48.7400016784668,47.75,47.83000183105469,138930000
2007-08-31,41.920589447021484,48.869998931884766,49.060001373291016,48.61000061035156,48.86000061035156,94687200
2007-09-04,42.61540603637695,49.68000030517578,50.0,48.90999984741211,48.93000030517578,98480900
2007-09-05,42.186519622802734,49.18000030517578,49.650001525878906,48.869998931884766,49.560001373291016,114049300
2007-09-06,42.152198791503906,49.13999938964844,49.36000061035156,48.810001373291016,49.22999954223633,99222600
2007-09-07,41.371604919433594,48.22999954223633,48.599998474121094,47.95000076293945,48.529998779296875,152438000
2007-09-10,41.345855712890625,48.20000076293945,48.75,47.810001373291016,48.619998931884766,125199400
2007-09-11,41.97208023071289,48.93000030517578,48.9900016784668,48.43000030517578,48.5099983215332,103064500
2007-09-12,41.98062515258789,48.939998626708984,49.369998931884766,48.779998779296875,48.84000015258789,93993400
2007-09-13,42.186519622802734,49.18000030517578,49.349998474121094,48.939998626708984,49.290000915527344,80807500
2007-09-14,42.220829010009766,49.220001220703125,49.310001373291016,48.72999954223633,48.79999923706055,99801200
2007-09-17,41.869136810302734,48.810001373291016,49.099998474121094,48.59000015258789,49.0,84882300
2007-09-18,42.924217224121094,50.040000915527344,50.08000183105469,48.83000183105469,49.09000015258789,151452100
2007-09-19,43.035728454589844,50.16999816894531,50.59000015258789,49.97999954223633,50.290000915527344,127025800
2007-09-20,42.9156379699707,50.029998779296875,50.2599983215332,49.91999816894531,50.060001373291016,109970600
2007-09-21,43.22117233276367,50.36000061035156,50.52000045776367,50.0099983215332,50.279998779296875,86829500
2007-09-24,43.4185676574707,50.59000015258789,50.959999084472656,50.33000183105469,50.4900016784668,107226800
2007-09-25,43.83053970336914,51.06999969482422,51.06999969482422,50.36000061035156,50.41999816894531,101102200
2007-09-26,44.045066833496094,51.31999969482422,51.5099983215332,51.119998931884766,51.36000061035156,96124600
2007-09-27,44.26822280883789,51.58000183105469,51.650001525878906,51.36000061035156,51.619998931884766,73423200
2007-09-28,44.1223258972168,51.40999984741211,51.68000030517578,51.18000030517578,51.540000915527344,75546000
2007-10-01,44.62870788574219,52.0,52.15999984741211,51.380001068115234,51.45000076293945,100404100
2007-10-02,44.63727951049805,52.0099983215332,52.060001373291016,51.720001220703125,52.040000915527344,71046000
2007-10-03,44.328304290771484,51.650001525878906,52.06999969482422,51.5,51.84000015258789,106785000
2007-10-04,44.43130111694336,51.77000045776367,51.83000183105469,51.34000015258789,51.75,84129300
2007-10-05,45.332435607910156,52.81999969482422,52.900001525878906,52.060001373291016,52.16999816894531,115674700
2007-10-08,45.615684509277344,53.150001525878906,53.15999984741211,52.709999084472656,52.79999923706055,63022400
2007-10-09,45.81306838989258,53.380001068115234,53.45000076293945,53.029998779296875,53.27000045776367,93965600
2007-10-10,45.92463302612305,53.5099983215332,53.56999969482422,53.209999084472656,53.38999938964844,91777500
2007-10-11,45.19512939453125,52.65999984741211,53.939998626708984,52.279998779296875,53.790000915527344,239786700
2007-10-12,45.94181442260742,53.529998779296875,53.540000915527344,52.79999923706055,52.900001525878906,131676000
2007-10-15,45.58991622924805,53.119998931884766,53.709999084472656,52.70000076293945,53.61000061035156,121578700
2007-10-16,45.375362396240234,52.869998931884766,53.279998779296875,52.68000030517578,52.790000915527344,193676600
2007-10-17,45.9589729309082,53.54999923706055,53.65999984741211,52.68000030517578,53.619998931884766,183985200
2007-10-18,46.156375885009766,53.779998779296875,53.88999938964844,53.119998931884766,53.33000183105469,144491200
2007-10-19,45.00632095336914,52.439998626708984,53.77000045776367,52.38999938964844,53.77000045776367,245111500
2007-10-22,45.5470085144043,53.06999969482422,53.119998931884766,52.02000045776367,52.15999984741211,207052100
2007-10-23,46.49966812133789,54.18000030517578,54.209999084472656,53.34000015258789,53.61000061035156,162360600
2007-10-24,46.14777755737305,53.77000045776367,53.939998626708984,52.599998474121094,53.7400016784668,298293400
2007-10-25,45.52986145019531,53.04999923706055,53.97999954223633,52.75,53.88999938964844,233833100
2007-10-26,46.285099029541016,53.93000030517578,54.20000076293945,53.439998626708984,54.08000183105469,146690300
2007-10-29,46.47392654418945,54.150001525878906,54.33000183105469,53.84000015258789,54.189998626708984,101896600
2007-10-30,46.56830596923828,54.2599983215332,54.560001373291016,53.900001525878906,53.939998626708984,114616600
2007-10-31,47.22918701171875,55.029998779296875,55.06999969482422,54.040000915527344,54.470001220703125,148431900
2007-11-01,46.34517288208008,54.0,54.77000045776367,53.970001220703125,54.68000030517578,181974200
2007-11-02,46.705623626708984,54.41999816894531,54.54999923706055,53.599998474121094,54.41999816894531,217882900
2007-11-05,46.40526580810547,54.06999969482422,54.400001525878906,53.59000015258789,53.86000061035156,150588900
2007-11-06,46.92878341674805,54.68000030517578,54.689998626708984,53.779998779296875,54.33000183105469,131884700
2007-11-07,45.78731155395508,53.349998474121094,54.58000183105469,53.310001373291016,54.220001220703125,197908200
2007-11-08,44.3969612121582,51.72999954223633,53.33000183105469,50.79999923706055,53.13999938964844,380626400
2007-11-09,42.91220474243164,50.0,51.119998931884766,50.0,50.72999954223633,309414900
2007-11-12,41.82221984863281,48.72999954223633,50.2400016784668,48.650001525878906,49.91999816894531,283216000
2007-11-13,43.54728698730469,50.7400016784668,50.790000915527344,49.349998474121094,49.38999938964844,255625900
2007-11-14,42.98945236206055,50.09000015258789,51.439998626708984,49.900001525878906,51.38999938964844,263284100
2007-11-15,42.75773239135742,49.81999969482422,50.540000915527344,49.369998931884766,50.0,251548800
2007-11-16,43.15251922607422,50.279998779296875,50.4900016784668,49.34000015258789,50.15999984741211,263623700
2007-11-19,42.654727935791016,49.70000076293945,50.45000076293945,49.40999984741211,50.15999984741211,198651100
2007-11-20,42.82638168334961,49.900001525878906,50.779998779296875,48.93000030517578,49.959999084472656,300763600
2007-11-21,42.32001876831055,49.310001373291016,50.16999816894531,48.849998474121094,49.45000076293945,212225400
2007-11-23,42.774898529052734,49.84000015258789,49.970001220703125,49.369998931884766,49.630001068115234,46463300
2007-11-26,42.036781311035156,48.97999954223633,50.369998931884766,48.900001525878906,49.970001220703125,150352100
2007-11-27,42.877872467041016,49.959999084472656,50.04999923706055,49.099998474121094,49.400001525878906,211369300
2007-11-28,44.182395935058594,51.47999954223633,51.70000076293945,50.599998474121094,50.630001068115234,216868100
2007-11-29,44.3712272644043,51.70000076293945,51.88999938964844,51.20000076293945,51.279998779296875,172087300
2007-11-30,44.0364990234375,51.310001373291016,52.25,50.95000076293945,52.209999084472656,171417400
2007-12-03,43.66746139526367,50.880001068115234,51.529998779296875,50.81999969482422,51.09000015258789,108625700
2007-12-04,43.48720932006836,50.66999816894531,50.939998626708984,50.380001068115234,50.4900016784668,113374100
2007-12-05,44.26822280883789,51.58000183105469,52.0,51.15999984741211,51.20000076293945,137614200
2007-12-06,44.9033317565918,52.31999969482422,52.369998931884766,51.61000061035156,51.630001068115234,99724500
2007-12-07,44.91191864013672,52.33000183105469,52.540000915527344,52.08000183105469,52.290000915527344,88992300
2007-12-10,45.09212875366211,52.540000915527344,52.689998626708984,52.31999969482422,52.459999084472656,75657900
2007-12-11,44.045066833496094,51.31999969482422,52.84000015258789,51.209999084472656,52.619998931884766,167064300
2007-12-12,44.43988037109375,51.779998779296875,52.43000030517578,50.88999938964844,52.25,162975200
2007-12-13,44.19956970214844,51.5,51.630001068115234,50.97999954223633,51.33000183105469,153476200
2007-12-14,43.74470901489258,50.970001220703125,51.599998474121094,50.91999816894531,51.09000015258789,128396700
2007-12-17,42.680484771728516,49.72999954223633,50.9900016784668,49.709999084472656,50.779998779296875,134377000
2007-12-18,42.817787170410156,49.88999938964844,50.27000045776367,49.18000030517578,50.2400016784668,154251700
2007-12-19,42.8092155456543,49.880001068115234,50.20000076293945,49.61000061035156,49.88999938964844,137970900
2007-12-20,43.68462371826172,50.900001525878906,50.959999084472656,50.20000076293945,50.619998931884766,167341700
2007-12-21,44.54633331298828,51.849998474121094,51.900001525878906,51.47999954223633,51.68000030517578,107573500
2007-12-24,44.88139343261719,52.2400016784668,52.400001525878906,51.95000076293945,52.0099983215332,34499800
2007-12-26,45.104793548583984,52.5,52.630001068115234,52.0,52.130001068115234,58492100
2007-12-27,44.56352233886719,51.869998931884766,52.5,51.709999084472656,52.33000183105469,65778900
2007-12-28,44.52054977416992,51.81999969482422,52.15999984741211,51.43000030517578,52.040000915527344,67545400
2007-12-31,44.00507736206055,51.220001220703125,51.68000030517578,51.209999084472656,51.56999969482422,70135600
2008-01-02,43.30917739868164,50.40999984741211,51.470001220703125,50.130001068115234,51.27000045776367,152344100
2008-01-03,43.48957824707031,50.619998931884766,50.7599983215332,50.150001525878906,50.40999984741211,114103700
2008-01-04,41.58229446411133,48.400001525878906,49.83000183105469,48.209999084472656,49.810001373291016,212617600
2008-01-07,41.38471603393555,48.16999816894531,48.599998474121094,47.43000030517578,48.400001525878906,235083600
2008-01-08,40.31078338623047,46.91999816894531,48.7599983215332,46.91999816894531,48.27000045776367,261669800
2008-01-09,41.169918060302734,47.91999816894531,47.959999084472656,46.459999084472656,47.11000061035156,254011800
2008-01-10,41.230064392089844,47.9900016784668,48.40999984741211,47.290000915527344,47.43000030517578,249958500
2008-01-11,40.42247009277344,47.04999923706055,47.77000045776367,46.70000076293945,47.72999954223633,211685200
2008-01-14,41.12696075439453,47.869998931884766,48.0099983215332,47.310001373291016,47.689998626708984,168048500
2008-01-15,39.99290084838867,46.54999923706055,47.52000045776367,46.349998474121094,47.369998931884766,241094900
2008-01-16,39.56333541870117,46.04999923706055,46.90999984741211,45.459999084472656,46.189998626708984,265625900
2008-01-17,39.013484954833984,45.40999984741211,46.58000183105469,45.20000076293945,46.2400016784668,254098800
2008-01-18,38.96193313598633,45.349998474121094,46.13999938964844,44.97999954223633,45.63999938964844,273063300
2008-01-22,37.95673751831055,44.18000030517578,44.77000045776367,42.72999954223633,42.83000183105469,325732000
2008-01-23,37.81069564819336,44.0099983215332,44.150001525878906,41.61000061035156,42.540000915527344,390129000
2008-01-24,38.583919525146484,44.90999984741211,44.93000030517578,44.060001373291016,44.189998626708984,250249100
2008-01-25,37.79350280761719,43.9900016784668,45.869998931884766,43.939998626708984,45.869998931884766,199299100
2008-01-28,38.085601806640625,44.33000183105469,44.439998626708984,43.56999969482422,44.02000045776367,163711200
2008-01-29,38.15434646606445,44.40999984741211,44.68000030517578,44.040000915527344,44.560001373291016,138520000
2008-01-30,38.11996841430664,44.369998931884766,45.31999969482422,44.18000030517578,44.25,220824400
2008-01-31,38.772911071777344,45.130001068115234,45.59000015258789,43.81999969482422,43.869998931884766,246824100
2008-02-01,39.16811752319336,45.59000015258789,45.880001068115234,44.880001068115234,45.5,161920300
2008-02-04,38.6182861328125,44.95000076293945,45.61000061035156,44.939998626708984,45.58000183105469,100209900
2008-02-05,37.51856994628906,43.66999816894531,44.599998474121094,43.63999938964844,44.16999816894531,188990400
2008-02-06,36.77971649169922,42.810001373291016,44.16999816894531,42.77000045776367,43.91999816894531,178285000
2008-02-07,37.0374641418457,43.11000061035156,43.790000915527344,42.150001525878906,42.33000183105469,286254800
2008-02-08,37.458431243896484,43.599998474121094,43.77000045776367,42.939998626708984,43.20000076293945,173781300
2008-02-11,37.862220764160156,44.06999969482422,44.220001220703125,43.540000915527344,43.77000045776367,119562300
2008-02-12,37.647457122802734,43.81999969482422,44.68000030517578,43.5099983215332,44.34000015258789,145412400
2008-02-13,38.472225189208984,44.779998779296875,44.880001068115234,44.15999984741211,44.38999938964844,148685900
2008-02-14,37.776329040527344,43.970001220703125,44.849998474121094,43.88999938964844,44.849998474121094,170868900
2008-02-15,37.647457122802734,43.81999969482422,43.97999954223633,43.45000076293945,43.72999954223633,100053300
2008-02-19,37.5787239074707,43.7400016784668,44.5,43.27000045776367,44.400001525878906,110507600
2008-02-20,37.75054168701172,43.939998626708984,44.09000015258789,43.2400016784668,43.2599983215332,137338800
2008-02-21,37.389705657958984,43.52000045776367,44.470001220703125,43.34000015258789,44.36000061035156,127857000
2008-02-22,37.527164459228516,43.68000030517578,43.689998626708984,42.599998474121094,43.66999816894531,157364700
2008-02-25,37.71619415283203,43.900001525878906,44.06999969482422,43.34000015258789,43.630001068115234,121444300
2008-02-26,37.862220764160156,44.06999969482422,44.47999954223633,43.369998931884766,43.650001525878906,148375900
2008-02-27,38.05126190185547,44.290000915527344,44.459999084472656,43.66999816894531,43.77000045776367,125682600
2008-02-28,37.90519714355469,44.119998931884766,44.529998779296875,43.95000076293945,44.119998931884766,129196700
2008-02-29,36.900020599365234,42.95000076293945,43.77000045776367,42.849998474121094,43.650001525878906,188724500
2008-03-03,36.65943908691406,42.66999816894531,42.9900016784668,42.2400016784668,42.91999816894531,132963800
2008-03-04,36.86565017700195,42.90999984741211,43.040000915527344,42.02000045776367,42.400001525878906,183851000
2008-03-05,37.04605484008789,43.119998931884766,43.540000915527344,42.75,42.9900016784668,183208300
2008-03-06,36.229881286621094,42.16999816894531,43.27000045776367,42.099998474121094,43.09000015258789,152752200
2008-03-07,36.14396286010742,42.06999969482422,42.63999938964844,41.380001068115234,41.91999816894531,242552400
2008-03-10,35.44804382324219,41.2599983215332,42.13999938964844,41.16999816894531,42.0099983215332,146801900
2008-03-11,36.79692459106445,42.83000183105469,42.849998474121094,41.5099983215332,41.86000061035156,196755300
2008-03-12,36.693817138671875,42.709999084472656,43.439998626708984,42.599998474121094,43.0,155566100
2008-03-13,36.97732162475586,43.040000915527344,43.33000183105469,41.810001373291016,42.22999954223633,208967900
2008-03-14,36.298622131347656,42.25,43.380001068115234,41.7400016784668,43.33000183105469,309589800
2008-03-17,35.63706588745117,41.47999954223633,42.0099983215332,41.04999923706055,41.290000915527344,193130600
2008-03-18,37.22648620605469,43.33000183105469,43.34000015258789,42.11000061035156,42.2400016784668,216300400
2008-03-19,36.30720901489258,42.2599983215332,43.599998474121094,42.22999954223633,43.5099983215332,216157200
2008-03-20,37.04922103881836,43.09000015258789,43.099998474121094,42.099998474121094,42.349998474121094,128397000
2008-03-24,38.330326080322266,44.58000183105469,44.7599983215332,43.279998779296875,43.279998779296875,125018000
2008-03-25,38.54529571533203,44.83000183105469,45.06999969482422,44.279998779296875,44.70000076293945,118107500
2008-03-26,38.433509826660156,44.70000076293945,44.849998474121094,44.279998779296875,44.66999816894531,124824600
2008-03-27,37.58230209350586,43.709999084472656,44.5099983215332,43.709999084472656,44.439998626708984,143868600
2008-03-28,37.39313888549805,43.4900016784668,44.34000015258789,43.33000183105469,44.02000045776367,111822300
2008-03-31,37.59089660644531,43.720001220703125,44.02000045776367,43.45000076293945,43.650001525878906,113644800
2008-04-01,39.198726654052734,45.59000015258789,45.61000061035156,44.40999984741211,44.41999816894531,137494400
2008-04-02,39.11276626586914,45.4900016784668,46.02000045776367,45.16999816894531,45.70000076293945,132486800
2008-04-03,39.198726654052734,45.59000015258789,45.90999984741211,45.13999938964844,45.290000915527344,140033800
2008-04-04,39.430877685546875,45.86000061035156,46.349998474121094,45.400001525878906,45.77000045776367,139261000
2008-04-07,39.344905853271484,45.7599983215332,46.40999984741211,45.650001525878906,46.13999938964844,102297100
2008-04-08,39.04396057128906,45.40999984741211,45.720001220703125,45.18000030517578,45.40999984741211,97435200
2008-04-09,38.6054801940918,44.900001525878906,45.4900016784668,44.630001068115234,45.470001220703125,127182300
2008-04-10,39.155757904052734,45.540000915527344,45.84000015258789,44.93000030517578,44.93000030517578,112773800
2008-04-11,38.07237243652344,44.279998779296875,45.099998474121094,44.119998931884766,45.02000045776367,120135400
2008-04-14,37.900421142578125,44.08000183105469,44.47999954223633,43.95000076293945,44.209999084472656,89274600
2008-04-15,37.95201110839844,44.13999938964844,44.349998474121094,43.68000030517578,44.2400016784668,124232300
2008-04-16,39.009578704833984,45.369998931884766,45.47999954223633,44.650001525878906,44.689998626708984,134027900
2008-04-17,38.92361068725586,45.27000045776367,45.470001220703125,44.97999954223633,45.41999816894531,124953100
2008-04-18,40.16172409057617,46.709999084472656,46.93000030517578,46.220001220703125,46.470001220703125,133022500
2008-04-21,40.445465087890625,47.040000915527344,47.08000183105469,46.4900016784668,46.619998931884766,83303200
2008-04-22,39.843597412109375,46.34000015258789,46.77000045776367,45.93000030517578,46.75,104689600
2008-04-23,40.28209686279297,46.849998474121094,47.060001373291016,46.27000045776367,46.68000030517578,131086200
2008-04-24,40.643226623535156,47.27000045776367,47.790000915527344,46.38999938964844,46.869998931884766,166509000
2008-04-25,40.54005813598633,47.150001525878906,47.349998474121094,46.56999969482422,47.31999969482422,121945400
2008-04-28,40.6174201965332,47.2400016784668,47.619998931884766,47.130001068115234,47.2599983215332,71244000
2008-04-29,40.926937103271484,47.599998474121094,47.7599983215332,47.060001373291016,47.150001525878906,91270600
2008-04-30,40.59162521362305,47.209999084472656,48.060001373291016,47.029998779296875,47.70000076293945,132152700
2008-05-01,41.872737884521484,48.70000076293945,48.720001220703125,47.220001220703125,47.22999954223633,143596900
2008-05-02,41.93293762207031,48.77000045776367,49.189998626708984,48.34000015258789,49.15999984741211,124990000
2008-05-05,41.81254959106445,48.630001068115234,49.029998779296875,48.400001525878906,48.77000045776367,75624700
2008-05-06,42.07050323486328,48.93000030517578,49.130001068115234,48.13999938964844,48.4900016784668,139582600
2008-05-07,41.305267333984375,48.040000915527344,49.22999954223633,47.869998931884766,48.939998626708984,140008300
2008-05-08,41.614810943603516,48.400001525878906,48.70000076293945,48.060001373291016,48.2400016784668,128058700
2008-05-09,41.4514274597168,48.209999084472656,48.459999084472656,47.900001525878906,48.040000915527344,97062000
2008-05-12,42.20806884765625,49.09000015258789,49.189998626708984,48.20000076293945,48.279998779296875,89606500
2008-05-13,42.319854736328125,49.220001220703125,49.33000183105469,48.7599983215332,49.11000061035156,85448100
2008-05-14,42.22527313232422,49.11000061035156,49.93000030517578,49.040000915527344,49.40999984741211,143598200
2008-05-15,42.96471405029297,49.970001220703125,50.02000045776367,48.97999954223633,49.119998931884766,157248900
2008-05-16,42.99909973144531,50.0099983215332,50.11000061035156,49.45000076293945,50.06999969482422,146563200
2008-05-19,42.6895751953125,49.650001525878906,50.470001220703125,49.34000015258789,50.04999923706055,140048700
2008-05-20,42.362850189208984,49.27000045776367,49.470001220703125,48.88999938964844,49.470001220703125,137163700
2008-05-21,41.42564392089844,48.18000030517578,49.599998474121094,48.02000045776367,49.33000183105469,192806700
2008-05-22,41.571807861328125,48.349998474121094,48.689998626708984,48.11000061035156,48.29999923706055,153198200
2008-05-23,41.44285583496094,48.20000076293945,48.349998474121094,47.81999969482422,48.18000030517578,121698400
2008-05-27,42.173667907714844,49.04999923706055,49.11000061035156,48.290000915527344,48.29999923706055,106984300
2008-05-28,42.34565353393555,49.25,49.36000061035156,48.75,49.279998779296875,121363000
2008-05-29,42.723968505859375,49.689998626708984,49.970001220703125,49.25,49.279998779296875,143993000
2008-05-30,42.99909973144531,50.0099983215332,50.2400016784668,49.75,49.880001068115234,94153600
2008-06-02,42.4746208190918,49.400001525878906,49.91999816894531,48.959999084472656,49.91999816894531,144359900
2008-06-03,42.242469787597656,49.130001068115234,49.900001525878906,48.66999816894531,49.59000015258789,167606900
2008-06-04,42.784141540527344,49.7599983215332,50.099998474121094,48.939998626708984,48.97999954223633,174870800
2008-06-05,43.46342086791992,50.54999923706055,50.61000061035156,49.70000076293945,49.88999938964844,126653700
2008-06-06,42.156471252441406,49.029998779296875,50.209999084472656,49.02000045776367,50.11000061035156,189136000
2008-06-09,41.93293762207031,48.77000045776367,49.189998626708984,47.95000076293945,49.130001068115234,208897300
2008-06-10,41.735172271728516,48.540000915527344,48.939998626708984,48.15999984741211,48.27000045776367,162798500
2008-06-11,40.729217529296875,47.369998931884766,48.52000045776367,47.349998474121094,48.439998626708984,170366900
2008-06-12,40.77219009399414,47.41999816894531,48.11000061035156,47.0,47.709999084472656,189913200
2008-06-13,41.58899688720703,48.369998931884766,48.470001220703125,47.459999084472656,47.709999084472656,167855000
2008-06-16,41.95872497558594,48.79999923706055,49.02000045776367,48.06999969482422,48.119998931884766,136343900
2008-06-17,41.735172271728516,48.540000915527344,49.060001373291016,48.470001220703125,48.95000076293945,122932000
2008-06-18,41.288082122802734,48.02000045776367,48.45000076293945,47.83000183105469,48.2599983215332,169338100
2008-06-19,41.93293762207031,48.77000045776367,49.0099983215332,47.61000061035156,47.93000030517578,221304200
2008-06-20,40.800636291503906,47.41999816894531,48.349998474121094,47.209999084472656,48.33000183105469,197434200
2008-06-23,40.482276916503906,47.04999923706055,47.7400016784668,46.97999954223633,47.61000061035156,131488800
2008-06-24,40.27579879760742,46.810001373291016,47.369998931884766,46.40999984741211,46.83000183105469,178293800
2008-06-25,40.929683685302734,47.56999969482422,48.0,46.939998626708984,47.0099983215332,179023400
2008-06-26,39.277713775634766,45.650001525878906,46.70000076293945,45.63999938964844,46.689998626708984,190028300
2008-06-27,39.277713775634766,45.650001525878906,45.900001525878906,44.970001220703125,45.599998474121094,181351800
2008-06-30,38.86471176147461,45.16999816894531,45.83000183105469,45.150001525878906,45.5099983215332,132912400
2008-07-01,39.415367126464844,45.810001373291016,45.86000061035156,44.68000030517578,44.810001373291016,245494300
2008-07-02,38.468929290771484,44.709999084472656,46.130001068115234,44.63999938964844,45.95000076293945,199576400
2008-07-03,38.40009307861328,44.630001068115234,45.08000183105469,44.279998779296875,44.97999954223633,123118300
2008-07-07,38.63241195678711,44.900001525878906,45.459999084472656,44.2400016784668,45.040000915527344,181011300
2008-07-08,39.55304718017578,45.970001220703125,46.0099983215332,44.77000045776367,44.95000076293945,206151200
2008-07-09,38.50334930419922,44.75,46.029998779296875,44.72999954223633,45.959999084472656,168500300
2008-07-10,38.95936584472656,45.279998779296875,45.41999816894531,44.380001068115234,44.81999969482422,238811500
2008-07-11,38.33987045288086,44.560001373291016,45.27000045776367,43.849998474121094,44.810001373291016,265514700
2008-07-14,38.055931091308594,44.22999954223633,45.18000030517578,44.06999969482422,45.13999938964844,177389800
2008-07-15,38.064537048339844,44.2400016784668,44.93000030517578,43.29999923706055,44.0099983215332,283891100
2008-07-16,39.010982513427734,45.34000015258789,45.380001068115234,43.91999816894531,44.36000061035156,186047800
2008-07-17,39.26908874511719,45.63999938964844,45.81999969482422,44.97999954223633,45.61000061035156,197555100
2008-07-18,38.36567306518555,44.59000015258789,45.16999816894531,44.59000015258789,45.13999938964844,160661000
2008-07-21,38.52915573120117,44.779998779296875,45.189998626708984,44.4900016784668,45.0,128107800
2008-07-22,38.52915573120117,44.779998779296875,44.810001373291016,43.86000061035156,44.029998779296875,152524500
2008-07-23,39.03679656982422,45.369998931884766,45.88999938964844,44.720001220703125,44.849998474121094,169259100
2008-07-24,38.45172119140625,44.689998626708984,45.61000061035156,44.650001525878906,45.58000183105469,145561000
2008-07-25,38.95076370239258,45.27000045776367,45.47999954223633,44.7599983215332,44.97999954223633,111616700
2008-07-28,38.21940612792969,44.41999816894531,45.52000045776367,44.209999084472656,45.2599983215332,124028500
2008-07-29,39.010982513427734,45.34000015258789,45.540000915527344,44.56999969482422,44.61000061035156,142290900
2008-07-30,39.208892822265625,45.56999969482422,45.81999969482422,44.880001068115234,45.470001220703125,165679900
2008-07-31,39.114234924316406,45.459999084472656,46.150001525878906,45.02000045776367,45.119998931884766,180473100
2008-08-01,38.615196228027344,44.880001068115234,45.54999923706055,44.400001525878906,45.5099983215332,180350400
2008-08-04,38.22800827026367,44.43000030517578,44.91999816894531,44.29999923706055,44.869998931884766,116298000
2008-08-05,39.51862716674805,45.93000030517578,45.970001220703125,44.84000015258789,44.88999938964844,151657400
2008-08-06,40.120906829833984,46.630001068115234,46.810001373291016,45.58000183105469,45.95000076293945,133463700
2008-08-07,39.811161041259766,46.27000045776367,46.849998474121094,46.08000183105469,46.349998474121094,152805800
2008-08-08,40.714595794677734,47.31999969482422,47.439998626708984,46.150001525878906,46.2400016784668,143121500
2008-08-11,41.08457565307617,47.75,48.279998779296875,47.13999938964844,47.29999923706055,157290100
2008-08-12,41.12759017944336,47.79999923706055,48.15999984741211,47.5099983215332,47.7400016784668,140549300
2008-08-13,41.04155349731445,47.70000076293945,48.119998931884766,47.25,47.720001220703125,169652100
2008-08-14,41.514774322509766,48.25,48.459999084472656,47.4900016784668,47.540000915527344,158069200
2008-08-15,41.43734359741211,48.15999984741211,48.56999969482422,47.959999084472656,48.33000183105469,123115900
2008-08-18,40.95548629760742,47.599998474121094,48.310001373291016,47.2599983215332,48.29999923706055,151399100
2008-08-19,40.44788360595703,47.0099983215332,47.59000015258789,46.75,47.36000061035156,155410600
2008-08-20,40.51670837402344,47.09000015258789,47.560001373291016,46.7400016784668,47.34000015258789,155466700
2008-08-21,40.32740020751953,46.869998931884766,47.08000183105469,46.380001068115234,46.7400016784668,118916200
2008-08-22,40.86086654663086,47.4900016784668,47.68000030517578,47.08000183105469,47.119998931884766,96515500
2008-08-25,40.0004768371582,46.4900016784668,47.209999084472656,46.369998931884766,47.15999984741211,128076500
2008-08-26,39.94882583618164,46.43000030517578,46.77000045776367,46.119998931884766,46.52000045776367,107225500
2008-08-27,40.20695114135742,46.72999954223633,47.09000015258789,46.290000915527344,46.45000076293945,108489900
2008-08-28,40.53390884399414,47.11000061035156,47.279998779296875,46.83000183105469,46.91999816894531,112808600
2008-08-29,39.68210983276367,46.119998931884766,47.119998931884766,45.91999816894531,46.61000061035156,133184300
2008-09-02,39.19165802001953,45.54999923706055,47.08000183105469,45.34000015258789,46.869998931884766,162277500
2008-09-03,38.82170867919922,45.119998931884766,45.63999938964844,44.790000915527344,45.45000076293945,161682900
2008-09-04,37.56547927856445,43.65999984741211,44.90999984741211,43.65999984741211,44.86000061035156,219004700
2008-09-05,37.38480758666992,43.45000076293945,43.779998779296875,42.810001373291016,43.279998779296875,247977500
2008-09-08,37.31596755981445,43.369998931884766,44.220001220703125,42.68000030517578,44.02000045776367,311065100
2008-09-09,36.52439498901367,42.45000076293945,43.790000915527344,42.349998474121094,43.349998474121094,214180600
2008-09-10,36.82554244995117,42.79999923706055,43.18000030517578,42.45000076293945,42.86000061035156,160658100
2008-09-11,37.51386260986328,43.599998474121094,43.689998626708984,42.16999816894531,42.20000076293945,203398200
2008-09-12,37.36762237548828,43.43000030517578,43.709999084472656,42.900001525878906,43.22999954223633,172094300
2008-09-15,36.206050872802734,42.08000183105469,43.290000915527344,42.029998779296875,42.400001525878906,616772300
2008-09-16,36.48997116088867,42.40999984741211,42.84000015258789,41.43000030517578,41.47999954223633,349506500
2008-09-17,34.597076416015625,40.209999084472656,42.41999816894531,40.189998626708984,41.869998931884766,340088000
2008-09-18,35.76723861694336,41.56999969482422,41.970001220703125,39.5,41.099998474121094,423934000
2008-09-19,36.93647384643555,42.900001525878906,43.83000183105469,42.099998474121094,43.77000045776367,263394000
2008-09-22,35.1972541809082,40.880001068115234,42.84000015258789,40.79999923706055,42.7400016784668,164698200
2008-09-23,34.930362701416016,40.56999969482422,41.75,40.439998626708984,41.20000076293945,184011200
2008-09-24,35.17143249511719,40.849998474121094,41.2599983215332,40.52000045776367,40.810001373291016,159270800
2008-09-25,35.73109436035156,41.5,42.02000045776367,41.029998779296875,41.22999954223633,148586800
2008-09-26,35.36945724487305,41.08000183105469,41.4900016784668,40.220001220703125,40.310001373291016,182678600
2008-09-29,32.5626335144043,37.81999969482422,40.380001068115234,37.18000030517578,40.2599983215332,307954400
2008-09-30,33.50112533569336,38.90999984741211,39.29999923706055,37.599998474121094,37.720001220703125,195436700
2008-10-01,33.14811706542969,38.5,38.970001220703125,38.029998779296875,38.84000015258789,174033300
2008-10-02,31.641366958618164,36.75,38.25,36.63999938964844,38.25,192124000
2008-10-03,31.15062141418457,36.18000030517578,38.18000030517578,36.099998474121094,37.2599983215332,272116100
2008-10-06,30.014097213745117,34.86000061035156,35.529998779296875,32.90999984741211,35.2599983215332,394046600
2008-10-07,28.111316680908203,32.650001525878906,35.20000076293945,32.27000045776367,35.13999938964844,329365700
2008-10-08,27.887460708618164,32.38999938964844,34.119998931884766,31.84000015258789,31.950000762939453,452066500
2008-10-09,27.138402938842773,31.520000457763672,33.68000030517578,30.969999313354492,33.150001525878906,352433900
2008-10-10,26.96619987487793,31.31999969482422,32.47999954223633,29.3799991607666,30.520000457763672,472339100
2008-10-13,30.2465763092041,35.130001068115234,35.25,32.400001525878906,32.86000061035156,276998700
2008-10-14,28.937868118286133,33.61000061035156,36.150001525878906,33.189998626708984,36.150001525878906,341595900
2008-10-15,26.346298217773438,30.600000381469727,33.349998474121094,30.540000915527344,33.22999954223633,312088500
2008-10-16,27.775524139404297,32.2599983215332,32.27000045776367,29.25,30.809999465942383,494783500
2008-10-17,27.809972763061523,32.29999923706055,33.650001525878906,31.40999984741211,31.670000076293945,326571300
2008-10-20,28.584871292114258,33.20000076293945,33.2599983215332,31.700000762939453,32.7599983215332,232783400
2008-10-21,27.103965759277344,31.479999542236328,33.2599983215332,31.479999542236328,32.65999984741211,239932400
2008-10-22,26.35489845275879,30.610000610351562,31.600000381469727,29.709999084472656,31.3700008392334,289993600
2008-10-23,26.25157928466797,30.489999771118164,31.09000015258789,28.899999618530273,30.489999771118164,377966900
2008-10-24,25.407808303833008,29.510000228881836,30.25,28.09000015258789,28.229999542236328,322129500
2008-10-27,24.701793670654297,28.690000534057617,30.200000762939453,28.65999984741211,29.170000076293945,239302300
2008-10-28,27.431137084960938,31.860000610351562,31.8799991607666,28.850000381469727,29.68000030517578,327239500
2008-10-29,27.362258911132812,31.780000686645508,33.08000183105469,31.25,31.90999984741211,341316000
2008-10-30,28.274906158447266,32.84000015258789,33.060001373291016,31.979999542236328,32.66999816894531,255292100
2008-10-31,28.317951202392578,32.88999938964844,33.43000030517578,32.09000015258789,32.369998931884766,224261000
2008-11-03,28.25768280029297,32.81999969482422,33.290000915527344,32.5099983215332,32.810001373291016,128455500
2008-11-04,29.058414459228516,33.75,34.0099983215332,32.97999954223633,33.459999084472656,182487600
2008-11-05,27.54306411743164,31.989999771118164,33.599998474121094,31.920000076293945,33.529998779296875,183893900
2008-11-06,26.311843872070312,30.559999465942383,31.8700008392334,30.399999618530273,31.489999771118164,220677200
2008-11-07,26.854272842407227,31.190000534057617,31.479999542236328,30.59000015258789,30.920000076293945,176946200
2008-11-10,26.492660522460938,30.770000457763672,31.969999313354492,30.399999618530273,31.969999313354492,142584500
2008-11-11,25.91579818725586,30.100000381469727,30.760000228881836,29.719999313354492,30.479999542236328,162869800
2008-11-12,24.71901512145996,28.709999084472656,29.799999237060547,28.649999618530273,29.649999618530273,184946400
2008-11-13,26.225757598876953,30.459999084472656,30.530000686645508,27.280000686645508,28.610000610351562,317943900
2008-11-14,24.95148468017578,28.979999542236328,30.420000076293945,28.8700008392334,29.780000686645508,259407000
2008-11-17,24.42627716064453,28.3700008392334,29.229999542236328,28.260000228881836,28.489999771118164,202835200
2008-11-18,24.400455474853516,28.34000015258789,28.75,27.389999389648438,28.559999465942383,252661800
2008-11-19,23.126192092895508,26.860000610351562,28.780000686645508,26.790000915527344,28.399999618530273,244180600
2008-11-20,22.006900787353516,25.559999465942383,27.450000762939453,25.469999313354492,26.530000686645508,342472400
2008-11-21,22.962594985961914,26.670000076293945,26.68000030517578,25.049999237060547,26.010000228881836,282746800
2008-11-24,24.366008758544922,28.299999237060547,28.639999389648438,26.979999542236328,27.219999313354492,225058200
2008-11-25,24.25407600402832,28.170000076293945,28.639999389648438,27.520000457763672,28.610000610351562,202968700
2008-11-26,25.270057678222656,29.350000381469727,29.360000610351562,27.809999465942383,27.8799991607666,164912000
2008-11-28,25.072021484375,29.1200008392334,29.190000534057617,28.829999923706055,29.020000457763672,41238200
2008-12-01,23.18645477294922,26.93000030517578,28.510000228881836,26.889999389648438,28.5,149161500
2008-12-02,23.96135139465332,27.829999923706055,27.889999389648438,26.84000015258789,27.299999237060547,181743000
2008-12-03,24.641523361206055,28.6200008392334,28.709999084472656,27.06999969482422,27.1299991607666,230944900
2008-12-04,23.944124221801758,27.809999465942383,28.780000686645508,27.31999969482422,28.170000076293945,188868700
2008-12-05,24.917051315307617,28.940000534057617,29.06999969482422,26.950000762939453,27.5,212283700
2008-12-08,25.898578643798828,30.079999923706055,30.459999084472656,29.440000534057617,29.59000015258789,185782500
2008-12-09,25.838302612304688,30.010000228881836,30.829999923706055,29.56999969482422,29.68000030517578,178148300
2008-12-10,25.752208709716797,29.90999984741211,30.459999084472656,29.6200008392334,30.100000381469727,162335100
2008-12-11,25.046192169189453,29.09000015258789,30.270000457763672,28.940000534057617,29.809999465942383,167161400
2008-12-12,25.55417823791504,29.68000030517578,29.860000610351562,28.469999313354492,28.690000534057617,158600100
2008-12-15,25.106464385986328,29.15999984741211,29.760000228881836,28.739999771118164,29.729999542236328,107887000
2008-12-16,26.311843872070312,30.559999465942383,30.65999984741211,29.100000381469727,29.420000076293945,169300100
2008-12-17,25.9932861328125,30.190000534057617,30.600000381469727,29.81999969482422,30.25,159813500
2008-12-18,25.536956787109375,29.65999984741211,30.399999618530273,29.360000610351562,30.190000534057617,142656400
2008-12-19,25.746488571166992,29.860000610351562,30.3700008392334,29.65999984741211,29.93000030517578,118308900
2008-12-22,25.186037063598633,29.209999084472656,29.920000076293945,28.739999771118164,29.860000610351562,95379600
2008-12-23,25.05668830871582,29.059999465942383,29.6200008392334,28.889999389648438,29.329999923706055,68764800
2008-12-24,25.125669479370117,29.139999389648438,29.209999084472656,28.979999542236328,29.200000762939453,27194700
2008-12-26,25.11704444885254,29.1299991607666,29.229999542236328,28.969999313354492,29.200000762939453,20937000
2008-12-29,24.910112380981445,28.889999389648438,29.239999771118164,28.459999084472656,29.209999084472656,52688300
2008-12-30,25.427461624145508,29.489999771118164,29.59000015258789,28.940000534057617,28.969999313354492,77089500
2008-12-31,25.643016815185547,29.739999771118164,30.079999923706055,29.450000762939453,29.459999084472656,89189700
2009-01-02,26.75530433654785,31.030000686645508,31.1299991607666,29.690000534057617,29.75,107891500
2009-01-05,26.746686935424805,31.020000457763672,31.329999923706055,30.59000015258789,30.829999923706055,91751900
2009-01-06,27.01396942138672,31.329999923706055,31.6299991607666,31.110000610351562,31.25,136791700
2009-01-07,26.246591567993164,30.440000534057617,30.899999618530273,30.190000534057617,30.729999542236328,133879800
2009-01-08,26.52249526977539,30.760000228881836,30.799999237060547,30.079999923706055,30.3799991607666,131926600
2009-01-09,25.92755699157715,30.06999969482422,30.790000915527344,29.920000076293945,30.770000457763672,117137900
2009-01-12,25.453323364257812,29.520000457763672,30.149999618530273,29.200000762939453,30.110000610351562,102726200
2009-01-13,25.46194839477539,29.530000686645508,29.979999542236328,29.18000030517578,29.510000228881836,186266700
2009-01-14,24.68592071533203,28.6299991607666,29.280000686645508,28.469999313354492,29.190000534057617,136294000
2009-01-15,25.091176986694336,29.100000381469727,29.34000015258789,28.06999969482422,28.56999969482422,192567200
2009-01-16,25.367103576660156,29.420000076293945,29.600000381469727,28.700000762939453,29.5,175478100
2009-01-20,24.10822868347168,27.959999084472656,29.43000030517578,27.959999084472656,29.299999237060547,135105800
2009-01-21,25.134292602539062,29.149999618530273,29.190000534057617,28.100000381469727,28.43000030517578,149179600
2009-01-22,24.79802131652832,28.760000228881836,29.229999542236328,28.260000228881836,28.520000457763672,200602700
2009-01-23,24.91872787475586,28.899999618530273,29.350000381469727,28.139999389648438,28.290000915527344,170164100
2009-01-26,25.099802017211914,29.110000610351562,29.59000015258789,28.75,28.940000534057617,140398700
2009-01-27,25.28087615966797,29.31999969482422,29.56999969482422,29.1200008392334,29.1200008392334,110591300
2009-01-28,26.168975830078125,30.350000381469727,30.649999618530273,29.809999465942383,29.809999465942383,139722800
2009-01-29,25.50505256652832,29.579999923706055,30.399999618530273,29.479999542236328,29.979999542236328,130731800
2009-01-30,25.05668830871582,29.059999465942383,29.93000030517578,28.940000534057617,29.799999237060547,140334200
2009-02-02,25.358478546142578,29.40999984741211,29.610000610351562,28.739999771118164,28.780000686645508,126796100
2009-02-03,25.755111694335938,29.8700008392334,30.43000030517578,29.030000686645508,29.469999313354492,120541100
2009-02-04,25.789588928222656,29.90999984741211,30.8700008392334,29.790000915527344,29.940000534057617,175780900
2009-02-05,26.358671188354492,30.56999969482422,30.770000457763672,29.459999084472656,29.479999542236328,217578900
2009-02-06,27.04846954345703,31.3700008392334,31.510000228881836,30.579999923706055,30.68000030517578,164513200
2009-02-09,27.160551071166992,31.5,31.670000076293945,31.190000534057617,31.389999389648438,98856900
2009-02-10,26.160362243652344,30.34000015258789,31.68000030517578,30.100000381469727,31.299999237060547,232795200
2009-02-11,26.039642333984375,30.200000762939453,30.530000686645508,29.729999542236328,30.3799991607666,169117200
2009-02-12,26.358671188354492,30.56999969482422,30.610000610351562,29.639999389648438,29.850000381469727,201151400
2009-02-13,26.237958908081055,30.43000030517578,30.780000686645508,30.290000915527344,30.479999542236328,145066700
2009-02-17,25.194650650024414,29.219999313354492,29.670000076293945,29.059999465942383,29.489999771118164,157783300
2009-02-18,25.21189308166504,29.239999771118164,29.670000076293945,28.8700008392334,29.40999984741211,161271900
2009-02-19,24.823881149291992,28.790000915527344,29.610000610351562,28.719999313354492,29.420000076293945,155322400
2009-02-20,24.89286994934082,28.8700008392334,29.149999618530273,28.389999389648438,28.469999313354492,210752400
2009-02-23,24.022003173828125,27.860000610351562,29.049999237060547,27.729999542236328,29.030000686645508,169473500
2009-02-24,24.815256118774414,28.780000686645508,28.979999542236328,27.959999084472656,28.010000228881836,181337300
2009-02-25,24.65144920349121,28.59000015258789,29.170000076293945,28.139999389648438,28.610000610351562,220224700
2009-02-26,23.961654663085938,27.790000915527344,28.950000762939453,27.700000762939453,28.780000686645508,211218500
2009-02-27,23.73746681213379,27.530000686645508,27.979999542236328,27.389999389648438,27.5,204492600
2009-03-02,22.970073699951172,26.639999389648438,27.510000228881836,26.469999313354492,27.1200008392334,188180400
2009-03-03,22.95281982421875,26.6200008392334,27.15999984741211,26.420000076293945,26.860000610351562,158758800
2009-03-04,23.56500816345215,27.329999923706055,27.709999084472656,26.920000076293945,27.010000228881836,164911000
2009-03-05,22.857982635498047,26.510000228881836,27.239999771118164,26.420000076293945,27.030000686645508,199626900
2009-03-06,22.676910400390625,26.299999237060547,26.809999465942383,25.709999084472656,26.649999618530273,218421600
2009-03-09,22.194049835205078,25.739999771118164,26.809999465942383,25.6299991607666,26.09000015258789,181098800
2009-03-10,23.56500816345215,27.329999923706055,27.389999389648438,26.15999984741211,26.25,175068200
2009-03-11,23.927152633666992,27.75,27.989999771118164,27.260000228881836,27.610000610351562,173094900
2009-03-12,24.720420837402344,28.670000076293945,28.760000228881836,27.440000534057617,27.729999542236328,184395100
2009-03-13,24.780773162841797,28.739999771118164,28.84000015258789,28.31999969482422,28.65999984741211,156783500
2009-03-16,24.366893768310547,28.260000228881836,28.979999542236328,28.190000534057617,28.93000030517578,190269800
2009-03-17,25.289499282836914,29.329999923706055,29.329999923706055,28.299999237060547,28.399999618530273,169773800
2009-03-18,25.608531951904297,29.700000762939453,30.200000762939453,29.079999923706055,29.209999084472656,208033900
2009-03-19,25.591279983520508,29.68000030517578,30.1299991607666,29.459999084472656,30.110000610351562,146753400
2009-03-20,25.201766967773438,29.18000030517578,30.030000686645508,28.979999542236328,29.690000534057617,149410800
2009-03-23,26.68726921081543,30.899999618530273,30.940000534057617,29.200000762939453,29.899999618530273,179499000
2009-03-24,26.19498062133789,30.329999923706055,30.8799991607666,30.309999465942383,30.639999389648438,118757600
2009-03-25,26.315898895263672,30.469999313354492,31.049999237060547,29.65999984741211,30.59000015258789,190555200
2009-03-26,27.127750396728516,31.40999984741211,31.459999084472656,30.420000076293945,30.799999237060547,182459500
2009-03-27,26.61817741394043,30.81999969482422,31.18000030517578,30.709999084472656,31.0,156108100
2009-03-30,25.961795806884766,30.059999465942383,30.31999969482422,29.6200008392334,30.299999237060547,162919700
2009-03-31,26.186349868774414,30.31999969482422,30.950000762939453,30.270000457763672,30.290000915527344,150243800
2009-04-01,26.574989318847656,30.770000457763672,30.8799991607666,29.790000915527344,29.940000534057617,137950000
2009-04-02,27.430021286010742,31.760000228881836,32.27000045776367,31.229999542236328,31.31999969482422,212272400
2009-04-03,27.939590454101562,32.349998474121094,32.400001525878906,31.829999923706055,32.09000015258789,134577300
2009-04-06,27.870492935180664,32.27000045776367,32.33000183105469,31.649999618530273,31.989999771118164,160413700
2009-04-07,27.13637924194336,31.420000076293945,31.920000076293945,31.209999084472656,31.920000076293945,147531200
2009-04-08,27.594120025634766,31.950000762939453,32.150001525878906,31.489999771118164,31.729999542236328,126126000
2009-04-09,28.44915008544922,32.939998626708984,33.0099983215332,32.43000030517578,32.54999923706055,131871500
2009-04-13,28.405963897705078,32.88999938964844,33.06999969482422,32.529998779296875,32.84000015258789,119310500
2009-04-14,28.060503005981445,32.4900016784668,32.880001068115234,32.27000045776367,32.689998626708984,124069000
2009-04-15,27.982772827148438,32.400001525878906,32.43000030517578,31.850000381469727,32.2599983215332,124808200
2009-04-16,28.708250045776367,33.2400016784668,33.43000030517578,32.5099983215332,32.849998474121094,171168000
2009-04-17,28.768709182739258,33.310001373291016,33.5,32.93000030517578,33.16999816894531,129835400
2009-04-20,27.844587326049805,32.2400016784668,32.81999969482422,32.060001373291016,32.709999084472656,123080500
2009-04-21,28.233234405517578,32.689998626708984,32.7400016784668,32.08000183105469,32.119998931884766,145490200
2009-04-22,28.319595336914062,32.790000915527344,33.529998779296875,32.38999938964844,32.5,165040500
2009-04-23,28.59597396850586,33.11000061035156,33.13999938964844,32.4900016784668,33.0,181666600
2009-04-24,29.096900939941406,33.689998626708984,33.93000030517578,33.06999969482422,33.34000015258789,141170000
2009-04-27,29.131446838378906,33.72999954223633,34.060001373291016,33.349998474121094,33.41999816894531,120749100
2009-04-28,28.91553497314453,33.47999954223633,33.90999984741211,33.36000061035156,33.52000045776367,108968000
2009-04-29,29.312814712524414,33.939998626708984,34.400001525878906,33.70000076293945,33.75,141413600
2009-04-30,29.606456756591797,34.279998779296875,34.900001525878906,34.040000915527344,34.38999938964844,144120400
2009-05-01,29.684192657470703,34.369998931884766,34.540000915527344,34.0099983215332,34.27000045776367,100112000
2009-05-04,30.271469116210938,35.04999923706055,35.09000015258789,34.52000045776367,34.68000030517578,119317400
2009-05-05,30.245567321777344,35.02000045776367,35.060001373291016,34.630001068115234,34.9900016784668,113569500
2009-05-06,30.254215240478516,35.029998779296875,35.34000015258789,34.459999084472656,35.290000915527344,178840500
2009-05-07,29.546001434326172,34.209999084472656,35.27000045776367,33.880001068115234,35.27000045776367,216484700
2009-05-08,29.56328773498535,34.22999954223633,34.7400016784668,33.880001068115234,34.470001220703125,183507300
2009-05-11,29.666913986206055,34.349998474121094,34.720001220703125,33.68000030517578,33.790000915527344,142775900
2009-05-12,29.30417823791504,33.93000030517578,34.47999954223633,33.52000045776367,34.41999816894531,147842200
2009-05-13,28.518234252929688,33.02000045776367,33.650001525878906,32.959999084472656,33.630001068115234,175548300
2009-05-14,28.83780288696289,33.38999938964844,33.70000076293945,33.08000183105469,33.099998474121094,140021700
2009-05-15,28.820528030395508,33.369998931884766,33.81999969482422,33.22999954223633,33.34000015258789,121326400
2009-05-18,29.571916580200195,34.2400016784668,34.279998779296875,33.38999938964844,33.599998474121094,114333400
2009-05-19,29.71010398864746,34.400001525878906,34.7400016784668,33.95000076293945,34.15999984741211,129086400
2009-05-20,29.606456756591797,34.279998779296875,35.040000915527344,34.18000030517578,34.529998779296875,131873700
2009-05-21,29.062349319458008,33.650001525878906,34.2599983215332,33.310001373291016,34.02000045776367,139253200
2009-05-22,28.96734619140625,33.540000915527344,33.970001220703125,33.31999969482422,33.779998779296875,83510600
2009-05-26,30.04694366455078,34.790000915527344,34.83000183105469,33.18000030517578,33.25,144857200
2009-05-27,29.839649200439453,34.54999923706055,35.189998626708984,34.43000030517578,34.689998626708984,121348800
2009-05-28,30.18512725830078,34.95000076293945,35.06999969482422,34.209999084472656,34.7599983215332,118931300
2009-05-29,30.556493759155273,35.380001068115234,35.5,34.7599983215332,34.970001220703125,111535700
2009-06-01,31.428796768188477,36.38999938964844,36.5,35.61000061035156,35.7599983215332,119126200
2009-06-02,31.47197723388672,36.439998626708984,36.790000915527344,36.11000061035156,36.189998626708984,126858600
2009-06-03,31.376972198486328,36.33000183105469,36.369998931884766,35.93000030517578,36.33000183105469,93329800
2009-06-04,31.73108673095703,36.7400016784668,36.790000915527344,36.34000015258789,36.40999984741211,89280600
2009-06-05,31.765625,36.779998779296875,37.08000183105469,36.41999816894531,36.959999084472656,121958800
2009-06-08,31.67062759399414,36.66999816894531,36.95000076293945,36.119998931884766,36.54999923706055,89194100
2009-06-09,31.91244125366211,36.95000076293945,37.16999816894531,36.66999816894531,36.84000015258789,109187800
2009-06-10,31.800159454345703,36.81999969482422,37.16999816894531,36.290000915527344,37.15999984741211,133404700
2009-06-11,31.800159454345703,36.81999969482422,37.22999954223633,36.75,36.77000045776367,147909800
2009-06-12,31.653352737426758,36.650001525878906,36.720001220703125,36.20000076293945,36.66999816894531,109452500
2009-06-15,31.00560760498047,35.900001525878906,36.33000183105469,35.58000183105469,36.29999923706055,112152900
2009-06-16,30.703323364257812,35.54999923706055,36.189998626708984,35.52000045776367,36.040000915527344,110550300
2009-06-17,30.996957778930664,35.88999938964844,36.209999084472656,35.45000076293945,35.70000076293945,153421800
2009-06-18,30.936500549316406,35.81999969482422,36.060001373291016,35.56999969482422,35.83000183105469,126266700
2009-06-19,31.268564224243164,36.15999984741211,36.36000061035156,35.90999984741211,36.04999923706055,122044700
2009-06-22,30.334659576416016,35.08000183105469,35.88999938964844,35.02000045776367,35.83000183105469,137714900
2009-06-23,30.265472412109375,35.0,35.2599983215332,34.77000045776367,35.18000030517578,114903100
2009-06-24,30.775671005249023,35.59000015258789,35.869998931884766,35.279998779296875,35.29999923706055,103314600
2009-06-25,31.38098907470703,36.290000915527344,36.36000061035156,35.279998779296875,35.36000061035156,112538200
2009-06-26,31.450157165527344,36.369998931884766,36.5,36.04999923706055,36.119998931884766,87677300
2009-06-29,31.519323348999023,36.45000076293945,36.75,36.119998931884766,36.470001220703125,93817600
2009-06-30,31.45880889892578,36.380001068115234,36.72999954223633,36.11000061035156,36.54999923706055,97843000
2009-07-01,31.476104736328125,36.400001525878906,36.84000015258789,36.38999938964844,36.560001373291016,85976000
2009-07-02,30.784299850463867,35.599998474121094,36.099998474121094,35.5,36.09000015258789,113309800
2009-07-06,30.620014190673828,35.40999984741211,35.540000915527344,35.040000915527344,35.380001068115234,107632500
2009-07-07,29.859052658081055,34.529998779296875,35.4900016784668,34.5099983215332,35.41999816894531,149773000
2009-07-08,30.014699935913086,34.709999084472656,34.869998931884766,34.29999923706055,34.7400016784668,152776400
2009-07-09,30.066593170166016,34.77000045776367,35.0099983215332,34.650001525878906,34.84000015258789,97851500
2009-07-10,30.1962890625,34.91999816894531,35.13999938964844,34.560001373291016,34.66999816894531,108482000
2009-07-13,30.775671005249023,35.59000015258789,35.599998474121094,34.47999954223633,34.95000076293945,127140300
2009-07-14,30.888086318969727,35.720001220703125,35.790000915527344,35.400001525878906,35.54999923706055,115631700
2009-07-15,31.925735473632812,36.91999816894531,36.93000030517578,36.13999938964844,36.31999969482422,160869700
2009-07-16,32.30623245239258,37.36000061035156,37.439998626708984,36.720001220703125,36.75,120142500
2009-07-17,32.47917556762695,37.560001373291016,37.56999969482422,37.16999816894531,37.349998474121094,104906500
2009-07-20,32.79048156738281,37.91999816894531,38.0,37.61000061035156,37.7599983215332,97168800
2009-07-21,33.01530838012695,38.18000030517578,38.18000030517578,37.63999938964844,38.06999969482422,130587600
2009-07-22,33.29203796386719,38.5,38.689998626708984,38.130001068115234,38.209999084472656,113808600
2009-07-23,34.02705001831055,39.349998474121094,39.4900016784668,38.38999938964844,38.459999084472656,160239300
2009-07-24,33.76762771606445,39.04999923706055,39.369998931884766,38.779998779296875,38.93000030517578,109312300
2009-07-27,34.02705001831055,39.349998474121094,39.40999984741211,38.869998931884766,39.33000183105469,94718600
2009-07-28,33.7935905456543,39.08000183105469,39.59000015258789,38.93000030517578,39.18000030517578,111564300
2009-07-29,34.01840591430664,39.34000015258789,39.43000030517578,39.0,39.31999969482422,126538200
2009-07-30,34.217288970947266,39.56999969482422,40.18000030517578,39.5099983215332,39.75,108969900
2009-07-31,34.11353302001953,39.45000076293945,39.849998474121094,39.40999984741211,39.56999969482422,78208300
2009-08-03,34.623722076416016,40.040000915527344,40.060001373291016,39.63999938964844,39.869998931884766,111722800
2009-08-04,34.623722076416016,40.040000915527344,40.189998626708984,39.77000045776367,39.849998474121094,100690800
2009-08-05,34.35563278198242,39.72999954223633,40.13999938964844,39.459999084472656,40.130001068115234,118093000
2009-08-06,34.05299758911133,39.380001068115234,39.93000030517578,39.2400016784668,39.81999969482422,116937500
2009-08-07,34.485347747802734,39.880001068115234,40.06999969482422,39.59000015258789,39.91999816894531,107442100
2009-08-10,34.24320983886719,39.599998474121094,39.849998474121094,39.34000015258789,39.7400016784668,87163200
2009-08-11,33.94921875,39.2599983215332,39.5,39.04999923706055,39.470001220703125,91922700
2009-08-12,34.476688385009766,39.869998931884766,40.220001220703125,39.20000076293945,39.22999954223633,147240000
2009-08-13,34.666954040527344,40.09000015258789,40.15999984741211,39.63999938964844,40.11000061035156,110107000
2009-08-14,34.26915740966797,39.630001068115234,39.959999084472656,39.279998779296875,39.869998931884766,124480200
2009-08-17,33.27473449707031,38.47999954223633,39.0099983215332,38.459999084472656,38.959999084472656,131797200
2009-08-18,33.75032424926758,39.029998779296875,39.11000061035156,38.61000061035156,38.720001220703125,84496200
2009-08-19,33.983802795410156,39.29999923706055,39.400001525878906,38.540000915527344,38.56999969482422,88036300
2009-08-20,34.3815803527832,39.7599983215332,39.84000015258789,39.20000076293945,39.279998779296875,81473500
2009-08-21,34.83987045288086,40.290000915527344,40.36000061035156,39.7400016784668,39.9900016784668,114660200
2009-08-24,34.80530548095703,40.25,40.56999969482422,40.099998474121094,40.36000061035156,109904900
2009-08-25,34.90907287597656,40.369998931884766,40.7599983215332,40.25,40.34000015258789,92900400
2009-08-26,34.84853744506836,40.29999923706055,40.599998474121094,40.08000183105469,40.279998779296875,96407500
2009-08-27,34.93500900268555,40.400001525878906,40.470001220703125,39.66999816894531,40.290000915527344,121957800
2009-08-28,34.9696044921875,40.439998626708984,41.08000183105469,40.15999984741211,40.900001525878906,114300900
2009-08-31,34.615055084228516,40.029998779296875,40.20000076293945,39.790000915527344,40.13999938964844,96415300
2009-09-01,33.96650695800781,39.279998779296875,40.59000015258789,39.15999984741211,39.88999938964844,162958900
2009-09-02,33.94057083129883,39.25,39.470001220703125,39.040000915527344,39.06999969482422,92757200
2009-09-03,34.165401458740234,39.5099983215332,39.56999969482422,39.02000045776367,39.439998626708984,76783100
2009-09-04,34.900428771972656,40.36000061035156,40.380001068115234,39.52000045776367,39.58000183105469,74866600
2009-09-08,35.22903060913086,40.7400016784668,40.779998779296875,40.459999084472656,40.68000030517578,71024400
2009-09-09,35.53166580200195,41.09000015258789,41.290000915527344,40.59000015258789,40.77000045776367,99280800
2009-09-10,35.86891174316406,41.47999954223633,41.529998779296875,41.0,41.11000061035156,99289100
2009-09-11,35.903499603271484,41.52000045776367,41.619998931884766,41.220001220703125,41.5099983215332,93868400
2009-09-14,36.041866302490234,41.68000030517578,41.709999084472656,41.209999084472656,41.25,90435600
2009-09-15,36.154273986816406,41.810001373291016,41.95000076293945,41.56999969482422,41.650001525878906,91594600
2009-09-16,36.68174362182617,42.41999816894531,42.47999954223633,41.84000015258789,42.0,96888500
2009-09-17,36.673091888427734,42.40999984741211,42.65999984741211,42.209999084472656,42.310001373291016,102169600
2009-09-18,36.73456573486328,42.439998626708984,42.619998931884766,42.209999084472656,42.540000915527344,87444200
2009-09-21,36.84708786010742,42.56999969482422,42.70000076293945,42.15999984741211,42.20000076293945,71351400
2009-09-22,36.916324615478516,42.650001525878906,42.83000183105469,42.439998626708984,42.810001373291016,75638400
2009-09-23,36.74321365356445,42.45000076293945,43.16999816894531,42.380001068115234,42.83000183105469,143924100
2009-09-24,36.414302825927734,42.06999969482422,42.689998626708984,41.77000045776367,42.619998931884766,111016400
2009-09-25,36.09404373168945,41.70000076293945,42.09000015258789,41.58000183105469,41.7599983215332,109216000
2009-09-28,36.708580017089844,42.40999984741211,42.65999984741211,41.88999938964844,41.93000030517578,84478500
2009-09-29,36.54414367675781,42.220001220703125,42.619998931884766,42.029998779296875,42.40999984741211,106686400
2009-09-30,36.57010269165039,42.25,42.599998474121094,41.599998474121094,42.38999938964844,173102700
2009-10-01,35.48814392089844,41.0,42.130001068115234,41.0,42.099998474121094,140119100
2009-10-02,35.3842887878418,40.880001068115234,41.25,40.720001220703125,40.720001220703125,145286400
2009-10-05,35.669918060302734,41.209999084472656,41.400001525878906,40.83000183105469,41.09000015258789,97054200
2009-10-06,36.30178451538086,41.939998626708984,42.13999938964844,41.41999816894531,41.439998626708984,124628000
2009-10-07,36.40565872192383,42.060001373291016,42.08000183105469,41.77000045776367,41.88999938964844,93787600
2009-10-08,36.56145477294922,42.2400016784668,42.619998931884766,42.13999938964844,42.310001373291016,107850400
2009-10-09,36.769187927246094,42.47999954223633,42.54999923706055,42.060001373291016,42.150001525878906,62828000
2009-10-12,36.84708786010742,42.56999969482422,42.869998931884766,42.279998779296875,42.650001525878906,53221900
2009-10-13,36.855735778808594,42.58000183105469,42.75,42.369998931884766,42.529998779296875,70939300
2009-10-14,37.3577766418457,43.15999984741211,43.209999084472656,42.849998474121094,43.11000061035156,91004900
2009-10-15,37.27121353149414,43.060001373291016,43.119998931884766,42.869998931884766,42.93000030517578,85772800
2009-10-16,37.02885818481445,42.779998779296875,42.9900016784668,42.47999954223633,42.900001525878906,111859300
2009-10-19,37.40105438232422,43.209999084472656,43.27000045776367,42.59000015258789,42.810001373291016,83512000
2009-10-20,37.40970230102539,43.220001220703125,43.459999084472656,42.939998626708984,43.459999084472656,89847900
2009-10-21,37.34046936035156,43.13999938964844,43.81999969482422,43.060001373291016,43.209999084472656,110397400
2009-10-22,37.48760986328125,43.310001373291016,43.4900016784668,42.790000915527344,43.060001373291016,85871800
2009-10-23,37.33180618286133,43.130001068115234,43.72999954223633,43.02000045776367,43.72999954223633,117020400
2009-10-26,37.21063232421875,42.9900016784668,43.7599983215332,42.790000915527344,43.20000076293945,107068600
2009-10-27,36.64801788330078,42.34000015258789,43.11000061035156,42.18000030517578,42.93000030517578,121438200
2009-10-28,35.82572555541992,41.38999938964844,42.31999969482422,41.29999923706055,42.189998626708984,143553600
2009-10-29,36.43161392211914,42.09000015258789,42.189998626708984,41.540000915527344,41.630001068115234,85207600
2009-10-30,35.45353317260742,40.959999084472656,42.150001525878906,40.91999816894531,42.060001373291016,162796500
2009-11-02,35.60067367553711,41.130001068115234,41.56999969482422,40.63999938964844,41.0,142456600
2009-11-03,35.71318817138672,41.2599983215332,41.31999969482422,40.84000015258789,40.90999984741211,95107000
2009-11-04,35.77377700805664,41.33000183105469,41.869998931884766,41.279998779296875,41.529998779296875,107970600
2009-11-05,36.65665817260742,42.349998474121094,42.400001525878906,41.779998779296875,41.810001373291016,135204800
2009-11-06,36.87305450439453,42.599998474121094,42.650001525878906,42.08000183105469,42.119998931884766,96312300
2009-11-09,37.66071319580078,43.5099983215332,43.52000045776367,42.880001068115234,42.93000030517578,101620800
2009-11-10,37.75590515136719,43.619998931884766,43.77000045776367,43.400001525878906,43.459999084472656,72846500
2009-11-11,37.998291015625,43.900001525878906,44.13999938964844,43.61000061035156,43.95000076293945,84676200
2009-11-12,37.781917572021484,43.650001525878906,44.15999984741211,43.54999923706055,43.93000030517578,92426100
2009-11-13,38.093509674072266,44.0099983215332,44.13999938964844,43.630001068115234,43.779998779296875,87959500
2009-11-16,38.48301315307617,44.459999084472656,44.650001525878906,44.119998931884766,44.20000076293945,87776100
2009-11-17,38.60417938232422,44.599998474121094,44.599998474121094,44.25,44.34000015258789,81884000
2009-11-18,38.3878059387207,44.349998474121094,44.4900016784668,44.04999923706055,44.459999084472656,100240800
2009-11-19,37.790550231933594,43.65999984741211,44.08000183105469,43.349998474121094,44.04999923706055,114558000
2009-11-20,37.60013198852539,43.439998626708984,43.54999923706055,43.279998779296875,43.43000030517578,70912100
2009-11-23,38.20603561401367,44.13999938964844,44.400001525878906,43.86000061035156,43.88999938964844,91621500
2009-11-24,38.07619094848633,43.9900016784668,44.150001525878906,43.72999954223633,44.119998931884766,60670000
2009-11-25,38.240657806396484,44.18000030517578,44.220001220703125,44.0099983215332,44.13999938964844,37630100
2009-11-27,37.66071319580078,43.5099983215332,43.83000183105469,42.900001525878906,42.970001220703125,61230000
2009-11-30,37.70399475097656,43.560001373291016,43.619998931884766,43.11000061035156,43.40999984741211,84819400
2009-12-01,38.093509674072266,44.0099983215332,44.29999923706055,43.880001068115234,43.88999938964844,81817800
2009-12-02,38.14542007446289,44.06999969482422,44.4900016784668,43.97999954223633,44.15999984741211,81653600
2009-12-03,37.9896354675293,43.88999938964844,44.5,43.880001068115234,44.22999954223633,72460400
2009-12-04,38.188716888427734,44.119998931884766,44.72999954223633,43.65999984741211,44.45000076293945,125062600
2009-12-07,38.0069465637207,43.90999984741211,44.290000915527344,43.81999969482422,44.09000015258789,67471900
2009-12-08,37.77326202392578,43.63999938964844,44.0,43.36000061035156,43.65999984741211,86621400
2009-12-09,38.15409469604492,44.08000183105469,44.119998931884766,43.31999969482422,43.599998474121094,78820500
2009-12-10,38.344512939453125,44.29999923706055,44.540000915527344,44.2400016784668,44.27000045776367,76722400
2009-12-11,38.1973762512207,44.130001068115234,44.59000015258789,43.95000076293945,44.540000915527344,66643700
2009-12-14,38.560890197753906,44.54999923706055,44.599998474121094,44.189998626708984,44.43000030517578,47965500
2009-12-15,38.344512939453125,44.29999923706055,44.66999816894531,44.16999816894531,44.40999984741211,61171100
2009-12-16,38.39645004272461,44.36000061035156,44.70000076293945,44.290000915527344,44.470001220703125,61629700
2009-12-17,37.929054260253906,43.81999969482422,44.209999084472656,43.7599983215332,44.15999984741211,90440900
2009-12-18,38.547218322753906,44.459999084472656,44.47999954223633,44.0,44.15999984741211,96442600
2009-12-21,38.980716705322266,44.959999084472656,45.130001068115234,44.66999816894531,44.689998626708984,82357400
2009-12-22,39.21482849121094,45.22999954223633,45.290000915527344,45.029998779296875,45.11000061035156,51569100
2009-12-23,39.50091552734375,45.560001373291016,45.56999969482422,45.209999084472656,45.31999969482422,73932200
2009-12-24,39.865081787109375,45.97999954223633,45.97999954223633,45.599998474121094,45.61000061035156,31770400
2009-12-28,40.073143005371094,46.220001220703125,46.29999923706055,45.939998626708984,46.09000015258789,49381400
2009-12-29,39.90843200683594,46.029998779296875,46.25,45.9900016784668,46.22999954223633,32410200
2009-12-30,40.029815673828125,46.16999816894531,46.2599983215332,45.959999084472656,45.97999954223633,57612700
2009-12-31,39.665679931640625,45.75,46.279998779296875,45.75,46.2599983215332,50079200
2010-01-04,40.246551513671875,46.41999816894531,46.4900016784668,46.27000045776367,46.33000183105469,62822800
2010-01-05,40.246551513671875,46.41999816894531,46.5,46.15999984741211,46.38999938964844,62935600
2010-01-06,40.00379180908203,46.13999938964844,46.54999923706055,46.06999969482422,46.400001525878906,96033000
2010-01-07,40.029815673828125,46.16999816894531,46.27000045776367,45.91999816894531,46.209999084472656,77094100
2010-01-08,40.359275817871094,46.54999923706055,46.54999923706055,45.93000030517578,46.06999969482422,88886600
2010-01-11,40.19454574584961,46.36000061035156,46.63999938964844,46.119998931884766,46.61000061035156,104673400
2010-01-12,39.691680908203125,45.779998779296875,46.13999938964844,45.529998779296875,46.08000183105469,90673900
2010-01-13,40.18586730957031,46.349998474121094,46.4900016784668,45.61000061035156,45.91999816894531,100661000
2010-01-14,40.220550537109375,46.38999938964844,46.52000045776367,46.220001220703125,46.2599983215332,75209000
2010-01-15,39.75235366821289,45.849998474121094,46.54999923706055,45.650001525878906,46.470001220703125,126849300
2010-01-19,40.39394760131836,46.59000015258789,46.63999938964844,45.95000076293945,45.959999084472656,84388200
2010-01-20,39.81306076049805,45.91999816894531,46.599998474121094,45.43000030517578,46.2599983215332,145680000
2010-01-21,39.44025421142578,45.4900016784668,46.349998474121094,45.29999923706055,46.04999923706055,204939600
2010-01-22,38.28711700439453,44.15999984741211,45.47999954223633,44.040000915527344,45.34000015258789,171098700
2010-01-25,38.417171478271484,44.310001373291016,44.599998474121094,44.119998931884766,44.43000030517578,154218700
2010-01-26,38.45185089111328,44.349998474121094,44.88999938964844,44.04999923706055,44.2599983215332,140816500
2010-01-27,38.755313873291016,44.70000076293945,44.849998474121094,44.0099983215332,44.27000045776367,161632700
2010-01-28,37.758235931396484,43.54999923706055,44.43000030517578,43.31999969482422,44.400001525878906,221439800
2010-01-29,37.09931564331055,42.790000915527344,44.02000045776367,42.630001068115234,43.90999984741211,212099600
2010-02-01,37.50682067871094,43.2599983215332,43.279998779296875,42.880001068115234,42.900001525878906,136827100
2010-02-02,37.84492874145508,43.650001525878906,43.779998779296875,43.029998779296875,43.33000183105469,110727700
2010-02-03,38.05303955078125,43.88999938964844,43.970001220703125,43.41999816894531,43.439998626708984,93581600
2010-02-04,36.95191192626953,42.619998931884766,43.65999984741211,42.619998931884766,43.56999969482422,151652500
2010-02-05,37.26404571533203,42.97999954223633,43.02000045776367,42.119998931884766,42.72999954223633,213618600
2010-02-08,36.99525833129883,42.66999816894531,43.18000030517578,42.63999938964844,42.90999984741211,94354400
2010-02-09,37.37674331665039,43.11000061035156,43.5099983215332,42.7599983215332,43.18000030517578,118956000
2010-02-10,37.298736572265625,43.02000045776367,43.310001373291016,42.75,43.11000061035156,94102900
2010-02-11,37.862281799316406,43.66999816894531,43.790000915527344,42.7599983215332,43.029998779296875,93050800
2010-02-12,37.940311431884766,43.7599983215332,43.880001068115234,43.15999984741211,43.279998779296875,93938500
2010-02-16,38.42586135864258,44.31999969482422,44.349998474121094,43.849998474121094,44.08000183105469,83861400
2010-02-17,38.64259719848633,44.56999969482422,44.56999969482422,44.2599983215332,44.52000045776367,82691700
2010-02-18,38.8853645324707,44.849998474121094,44.93000030517578,44.45000076293945,44.540000915527344,65752600
2010-02-19,38.86802673339844,44.83000183105469,45.04999923706055,44.619998931884766,44.72999954223633,80416500
2010-02-22,38.78999710083008,44.7400016784668,45.029998779296875,44.560001373291016,45.0099983215332,72055000
2010-02-23,38.28711700439453,44.15999984741211,44.7400016784668,43.95000076293945,44.709999084472656,95814400
2010-02-24,38.677276611328125,44.61000061035156,44.790000915527344,44.31999969482422,44.38999938964844,86591000
2010-02-25,38.66860580444336,44.599998474121094,44.70000076293945,43.83000183105469,44.13999938964844,97961300
2010-02-26,38.80732727050781,44.7599983215332,44.86000061035156,44.400001525878906,44.59000015258789,66222400
2010-03-01,39.37089157104492,45.40999984741211,45.4900016784668,44.95000076293945,44.959999084472656,77290100
2010-03-02,39.492252349853516,45.54999923706055,45.849998474121094,45.45000076293945,45.56999969482422,76368500
2010-03-03,39.53559494018555,45.599998474121094,45.81999969482422,45.43000030517578,45.65999984741211,65735500
2010-03-04,39.665679931640625,45.75,45.810001373291016,45.400001525878906,45.630001068115234,54470900
2010-03-05,40.263912200927734,46.439998626708984,46.540000915527344,45.9900016784668,46.09000015258789,68136300
2010-03-08,40.341922760009766,46.529998779296875,46.63999938964844,46.439998626708984,46.459999084472656,58712400
2010-03-09,40.567352294921875,46.790000915527344,47.04999923706055,46.400001525878906,46.43000030517578,98002800
2010-03-10,40.89682388305664,47.16999816894531,47.279998779296875,46.79999923706055,46.81999969482422,102578900
2010-03-11,41.05287551879883,47.349998474121094,47.349998474121094,46.97999954223633,47.060001373291016,67510300
2010-03-12,41.06153106689453,47.36000061035156,47.529998779296875,47.099998474121094,47.5,64068300
2010-03-15,40.95750427246094,47.2400016784668,47.380001068115234,46.90999984741211,47.2599983215332,60150500
2010-03-16,41.21760177612305,47.540000915527344,47.61000061035156,47.22999954223633,47.38999938964844,74950600
2010-03-17,41.33031463623047,47.66999816894531,47.900001525878906,47.529998779296875,47.61000061035156,75643500
2010-03-18,41.469024658203125,47.83000183105469,47.880001068115234,47.599998474121094,47.709999084472656,77829400
2010-03-19,41.21821212768555,47.4900016784668,47.95000076293945,47.31999969482422,47.91999816894531,86337100
2010-03-22,41.59142303466797,47.91999816894531,48.11000061035156,47.25,47.29999923706055,71902800
2010-03-23,41.8778190612793,48.25,48.29999923706055,47.77000045776367,47.9900016784668,59182600
2010-03-24,41.67820358276367,48.02000045776367,48.16999816894531,47.90999984741211,48.16999816894531,62995700
2010-03-25,41.61745071411133,47.95000076293945,48.599998474121094,47.900001525878906,48.41999816894531,76294800
2010-03-26,41.66085433959961,48.0,48.33000183105469,47.7400016784668,48.150001525878906,78067900
2010-03-29,41.86049270629883,48.22999954223633,48.400001525878906,48.099998474121094,48.2400016784668,57993300
2010-03-30,41.99934387207031,48.38999938964844,48.54999923706055,48.060001373291016,48.380001068115234,49437300
2010-03-31,41.799747467041016,48.15999984741211,48.45000076293945,48.06999969482422,48.2400016784668,59947400
2010-04-01,41.799747467041016,48.15999984741211,48.70000076293945,47.790000915527344,48.36000061035156,83728600
2010-04-05,42.1902961730957,48.61000061035156,48.720001220703125,48.13999938964844,48.27000045776367,56220300
2010-04-06,42.31179428100586,48.75,48.900001525878906,48.38999938964844,48.5,54097100
2010-04-07,42.207645416259766,48.630001068115234,48.869998931884766,48.369998931884766,48.68000030517578,77211500
2010-04-08,42.30311584472656,48.7400016784668,48.81999969482422,48.2400016784668,48.4900016784668,68314300
2010-04-09,42.55482482910156,49.029998779296875,49.04999923706055,48.630001068115234,48.75,54227300
2010-04-12,42.58954620361328,49.06999969482422,49.20000076293945,48.939998626708984,49.04999923706055,44280600
2010-04-13,42.80651092529297,49.31999969482422,49.349998474121094,48.86000061035156,49.02000045776367,59376000
2010-04-14,43.31862258911133,49.90999984741211,49.91999816894531,49.5,49.58000183105469,69004800
2010-04-15,43.509559631347656,50.130001068115234,50.189998626708984,49.869998931884766,49.869998931884766,72254200
2010-04-16,42.98878860473633,49.529998779296875,50.119998931884766,49.20000076293945,49.95000076293945,127388000
2010-04-19,42.96275329589844,49.5,49.65999984741211,48.900001525878906,49.349998474121094,98251700
2010-04-20,43.17974853515625,49.75,49.880001068115234,49.43000030517578,49.77000045776367,69543700
2010-04-21,43.42276382446289,50.029998779296875,50.189998626708984,49.720001220703125,50.09000015258789,74748700
2010-04-22,43.66579055786133,50.310001373291016,50.36000061035156,49.2599983215332,49.54999923706055,110477200
2010-04-23,43.848060607910156,50.52000045776367,50.56999969482422,50.09000015258789,50.29999923706055,77205200
2010-04-26,43.7525749206543,50.40999984741211,50.650001525878906,50.29999923706055,50.56999969482422,67361000
2010-04-27,42.82390213012695,49.34000015258789,50.43000030517578,49.209999084472656,50.209999084472656,112608000
2010-04-28,42.84992218017578,49.369998931884766,49.630001068115234,48.97999954223633,49.599998474121094,130082100
2010-04-29,43.59635925292969,50.22999954223633,50.33000183105469,49.61000061035156,49.650001525878906,84180200
2010-04-30,42.73708724975586,49.2400016784668,50.290000915527344,49.20000076293945,50.209999084472656,110897000
2010-05-03,43.33597946166992,49.93000030517578,50.16999816894531,49.43000030517578,49.45000076293945,74169700
2010-05-04,42.0340576171875,48.43000030517578,49.31999969482422,48.08000183105469,49.31999969482422,141136500
2010-05-05,41.81708526611328,48.18000030517578,48.5,47.63999938964844,47.91999816894531,128560200
2010-05-06,40.41971206665039,46.56999969482422,48.31999969482422,42.63999938964844,47.849998474121094,274356800
2010-05-07,39.41291427612305,45.40999984741211,46.79999923706055,44.279998779296875,46.220001220703125,288200400
2010-05-10,41.461219787597656,47.77000045776367,47.79999923706055,47.310001373291016,47.43000030517578,136041600
2010-05-11,41.41782760620117,47.720001220703125,48.38999938964844,47.20000076293945,47.290000915527344,113016100
2010-05-12,42.198970794677734,48.619998931884766,48.65999984741211,47.900001525878906,47.97999954223633,85462400
2010-05-13,41.530677795410156,47.849998474121094,48.790000915527344,47.72999954223633,48.40999984741211,102844300
2010-05-14,40.732177734375,46.93000030517578,47.52000045776367,46.380001068115234,47.4900016784668,147386100
2010-05-17,40.86235809326172,47.08000183105469,47.27000045776367,46.06999969482422,47.02000045776367,120969600
2010-05-18,40.298194885253906,46.43000030517578,47.58000183105469,46.220001220703125,47.47999954223633,153072100
2010-05-19,39.97705078125,46.060001373291016,46.630001068115234,45.54999923706055,46.2599983215332,159000300
2010-05-20,38.49290084838867,44.349998474121094,45.279998779296875,44.25,45.15999984741211,189289800
2010-05-21,38.918182373046875,44.84000015258789,45.63999938964844,43.4900016784668,43.65999984741211,190631100
2010-05-24,38.761940002441406,44.65999984741211,45.33000183105469,44.63999938964844,44.81999969482422,113038000
2010-05-25,38.79667282104492,44.70000076293945,44.7599983215332,43.22999954223633,43.68000030517578,155643000
2010-05-26,38.362701416015625,44.20000076293945,45.56999969482422,44.119998931884766,45.0099983215332,140203200
2010-05-27,39.812156677246094,45.869998931884766,45.88999938964844,45.09000015258789,45.20000076293945,110671600
2010-05-28,39.577816009521484,45.599998474121094,45.9900016784668,45.20000076293945,45.95000076293945,128535300
2010-06-01,39.21329879760742,45.18000030517578,46.25,45.130001068115234,45.43000030517578,104242700
2010-06-02,40.14197540283203,46.25,46.279998779296875,45.130001068115234,45.439998626708984,97249300
2010-06-03,40.523860931396484,46.689998626708984,46.77000045776367,46.08000183105469,46.380001068115234,98928400
2010-06-04,39.135154724121094,45.09000015258789,46.290000915527344,44.939998626708984,45.70000076293945,112849900
2010-06-07,38.4234504699707,44.27000045776367,45.459999084472656,44.220001220703125,45.31999969482422,88436600
2010-06-08,38.35403060913086,44.189998626708984,44.47999954223633,43.59000015258789,44.349998474121094,133030100
2010-06-09,38.032894134521484,43.81999969482422,44.90999984741211,43.689998626708984,44.5,101949200
2010-06-10,39.1178092956543,45.06999969482422,45.119998931884766,44.2400016784668,44.36000061035156,76892300
2010-06-11,39.491024017333984,45.5,45.540000915527344,44.61000061035156,44.61000061035156,74346800
2010-06-14,39.48235321044922,45.4900016784668,46.2400016784668,45.40999984741211,45.91999816894531,68085000
2010-06-15,40.54122543334961,46.709999084472656,46.77000045776367,45.45000076293945,45.72999954223633,76332600
2010-06-16,40.706119537353516,46.900001525878906,47.13999938964844,46.5,46.58000183105469,78399700
2010-06-17,40.83631134033203,47.04999923706055,47.18000030517578,46.63999938964844,47.15999984741211,77111900
2010-06-18,40.87023162841797,47.0,47.34000015258789,46.86000061035156,47.04999923706055,75921400
2010-06-21,40.522403717041016,46.599998474121094,47.68000030517578,46.33000183105469,47.599998474121094,95488100
2010-06-22,40.209346771240234,46.2400016784668,47.13999938964844,46.150001525878906,46.79999923706055,94493400
2010-06-23,40.04412841796875,46.04999923706055,46.470001220703125,45.689998626708984,46.290000915527344,92397600
2010-06-24,39.435420989990234,45.349998474121094,45.9900016784668,45.20000076293945,45.849998474121094,114145900
2010-06-25,39.44327163696289,45.27000045776367,45.65999984741211,44.95000076293945,45.5099983215332,88740300
2010-06-28,39.303855895996094,45.11000061035156,45.54999923706055,44.810001373291016,45.27000045776367,71350000
2010-06-29,37.787811279296875,43.369998931884766,44.459999084472656,43.06999969482422,44.41999816894531,136384200
2010-06-30,37.212772369384766,42.709999084472656,43.66999816894531,42.63999938964844,43.22999954223633,101313200
2010-07-01,37.10821533203125,42.59000015258789,42.959999084472656,41.77000045776367,42.84000015258789,158695000
2010-07-02,37.00366973876953,42.470001220703125,42.81999969482422,42.09000015258789,42.65999984741211,78565300
2010-07-06,37.11693572998047,42.599998474121094,43.369998931884766,42.25,43.099998474121094,88591900
2010-07-07,38.3018798828125,43.959999084472656,44.0099983215332,42.70000076293945,42.7400016784668,72448400
2010-07-08,38.51099395751953,44.20000076293945,44.380001068115234,43.68000030517578,44.310001373291016,78264600
2010-07-09,38.876930236816406,44.619998931884766,44.630001068115234,44.08000183105469,44.18000030517578,47851200
2010-07-12,38.99020767211914,44.75,45.029998779296875,44.459999084472656,44.58000183105469,60927500
2010-07-13,39.49553680419922,45.33000183105469,45.5,44.79999923706055,45.13999938964844,93310500
2010-07-14,39.69593048095703,45.560001373291016,45.810001373291016,45.2400016784668,45.41999816894531,87687100
2010-07-15,39.73078536987305,45.599998474121094,45.7400016784668,44.9900016784668,45.470001220703125,95992500
2010-07-16,38.632965087890625,44.34000015258789,45.630001068115234,44.29999923706055,45.439998626708984,98831900
2010-07-19,38.96406173706055,44.720001220703125,44.810001373291016,44.099998474121094,44.470001220703125,81800800
2010-07-20,39.43454360961914,45.2599983215332,45.2599983215332,43.86000061035156,44.0,89061200
2010-07-21,38.89436340332031,44.63999938964844,45.7599983215332,44.560001373291016,45.7400016784668,83577000
2010-07-22,39.878902435302734,45.77000045776367,45.97999954223633,45.2400016784668,45.27000045776367,82890300
2010-07-23,40.13158416748047,46.060001373291016,46.099998474121094,45.380001068115234,45.459999084472656,81056100
2010-07-26,40.46268844604492,46.439998626708984,46.459999084472656,45.90999984741211,46.119998931884766,64850900
2010-07-27,40.44524002075195,46.41999816894531,46.720001220703125,46.209999084472656,46.63999938964844,67655600
2010-07-28,40.12288284301758,46.04999923706055,46.58000183105469,45.880001068115234,46.369998931884766,51988200
2010-07-29,39.826656341552734,45.709999084472656,46.40999984741211,45.25,46.31999969482422,85669500
2010-07-30,39.91375732421875,45.810001373291016,46.09000015258789,45.06999969482422,45.33000183105469,98958100
2010-08-02,40.66307067871094,46.66999816894531,46.790000915527344,46.209999084472656,46.38999938964844,68706800
2010-08-03,40.48883056640625,46.470001220703125,46.70000076293945,46.25,46.63999938964844,60856600
2010-08-04,40.898311614990234,46.939998626708984,46.9900016784668,46.5,46.68000030517578,43820600
2010-08-05,40.8024787902832,46.83000183105469,46.91999816894531,46.52000045776367,46.709999084472656,39150200
2010-08-06,40.741493225097656,46.7599983215332,46.849998474121094,46.04999923706055,46.31999969482422,71339200
2010-08-09,41.020294189453125,47.08000183105469,47.189998626708984,46.790000915527344,47.0,26927600
2010-08-10,40.66307067871094,46.66999816894531,46.95000076293945,46.279998779296875,46.70000076293945,86694500
2010-08-11,39.556549072265625,45.400001525878906,45.91999816894531,45.209999084472656,45.900001525878906,92219700
2010-08-12,39.24287414550781,45.040000915527344,45.2400016784668,44.45000076293945,44.529998779296875,66000200
2010-08-13,38.96406173706055,44.720001220703125,45.060001373291016,44.709999084472656,44.869998931884766,46387300
2010-08-16,39.033782958984375,44.79999923706055,45.11000061035156,44.29999923706055,44.5,55472900
2010-08-17,39.53041076660156,45.369998931884766,45.779998779296875,45.029998779296875,45.119998931884766,56927100
2010-08-18,39.687225341796875,45.54999923706055,45.81999969482422,45.11000061035156,45.279998779296875,61835400
2010-08-19,39.0860481262207,44.86000061035156,45.459999084472656,44.560001373291016,45.279998779296875,82969500
2010-08-20,39.1383171081543,44.91999816894531,45.029998779296875,44.540000915527344,44.790000915527344,65806700
2010-08-23,38.754947662353516,44.47999954223633,45.34000015258789,44.459999084472656,45.20000076293945,69612200
2010-08-24,38.03177261352539,43.650001525878906,44.119998931884766,43.470001220703125,43.970001220703125,79095800
2010-08-25,38.397727966308594,44.06999969482422,44.2599983215332,43.27000045776367,43.34000015258789,87247900
2010-08-26,37.935943603515625,43.540000915527344,44.31999969482422,43.5,44.220001220703125,91199000
2010-08-27,38.397727966308594,44.06999969482422,44.15999984741211,42.970001220703125,43.86000061035156,109568800
2010-08-30,37.9969367980957,43.61000061035156,44.25,43.599998474121094,43.86000061035156,49373200
2010-08-31,37.86625289916992,43.459999084472656,43.849998474121094,43.18000030517578,43.380001068115234,72066900
2010-09-01,38.99890899658203,44.7599983215332,44.90999984741211,44.06999969482422,44.099998474121094,83523100
2010-09-02,39.43454360961914,45.2599983215332,45.279998779296875,44.72999954223633,44.84000015258789,41816800
2010-09-03,40.08803176879883,46.0099983215332,46.02000045776367,45.54999923706055,45.7599983215332,64041100
2010-09-07,39.81792068481445,45.70000076293945,46.029998779296875,45.630001068115234,45.81999969482422,51195200
2010-09-08,40.297142028808594,46.25,46.45000076293945,45.81999969482422,45.83000183105469,66879800
2010-09-09,40.45396041870117,46.43000030517578,46.70000076293945,46.31999969482422,46.65999984741211,61476400
2010-09-10,40.602088928222656,46.599998474121094,46.66999816894531,46.25,46.47999954223633,66995700
2010-09-13,41.16843032836914,47.25,47.369998931884766,46.939998626708984,46.959999084472656,64523400
2010-09-14,41.34268569946289,47.45000076293945,47.70000076293945,47.08000183105469,47.189998626708984,91405800
2010-09-15,41.604061126708984,47.75,47.79999923706055,47.189998626708984,47.33000183105469,67108200
2010-09-16,41.76960372924805,47.939998626708984,47.97999954223633,47.540000915527344,47.65999984741211,66885800
2010-09-17,41.911094665527344,47.9900016784668,48.13999938964844,47.75,48.13999938964844,76372600
2010-09-20,42.644691467285156,48.83000183105469,48.93000030517578,48.11000061035156,48.16999816894531,84475000
2010-09-21,42.635948181152344,48.81999969482422,49.16999816894531,48.61000061035156,48.86000061035156,82272000
2010-09-22,42.52241516113281,48.689998626708984,49.02000045776367,48.41999816894531,48.619998931884766,88315900
2010-09-23,42.504947662353516,48.66999816894531,49.15999984741211,48.31999969482422,48.369998931884766,85040000
2010-09-24,43.36955261230469,49.65999984741211,49.689998626708984,49.150001525878906,49.220001220703125,79495900
2010-09-27,43.133750915527344,49.38999938964844,49.75,49.349998474121094,49.630001068115234,43859800
2010-09-28,43.116294860839844,49.369998931884766,49.540000915527344,48.59000015258789,49.5099983215332,104922900
2010-09-29,43.04640579223633,49.290000915527344,49.529998779296875,49.11000061035156,49.29999923706055,81679200
2010-09-30,42.854286193847656,49.06999969482422,49.84000015258789,48.75,49.540000915527344,122458600
2010-10-01,42.80188751220703,49.0099983215332,49.529998779296875,48.779998779296875,49.47999954223633,77675400
2010-10-04,42.339019775390625,48.47999954223633,49.04999923706055,48.20000076293945,48.869998931884766,71359900
2010-10-05,43.36955261230469,49.65999984741211,49.7599983215332,49.0,49.029998779296875,99301300
2010-10-06,42.9940299987793,49.22999954223633,49.709999084472656,48.90999984741211,49.599998474121094,81831200
2010-10-07,43.15122604370117,49.40999984741211,49.540000915527344,49.0,49.5099983215332,75693300
2010-10-08,43.448158264160156,49.75,49.869998931884766,49.08000183105469,49.43000030517578,83223900
2010-10-11,43.46561813354492,49.77000045776367,50.02000045776367,49.619998931884766,49.779998779296875,46880000
2010-10-12,43.76255416870117,50.11000061035156,50.209999084472656,49.2599983215332,49.689998626708984,88571700
2010-10-13,44.12063217163086,50.52000045776367,50.75,50.279998779296875,50.43000030517578,71122900
2010-10-14,44.03327178955078,50.41999816894531,50.63999938964844,50.16999816894531,50.54999923706055,68464000
2010-10-15,44.96774673461914,51.4900016784668,51.5,50.630001068115234,51.040000915527344,104654000
2010-10-18,44.80181884765625,51.29999923706055,51.720001220703125,51.29999923706055,51.5,72399400
2010-10-19,44.38260269165039,50.81999969482422,51.29999923706055,50.41999816894531,50.81999969482422,105739800
2010-10-20,44.70573806762695,51.189998626708984,51.56999969482422,50.869998931884766,50.959999084472656,80861400
2010-10-21,44.79307556152344,51.290000915527344,51.709999084472656,50.790000915527344,51.5099983215332,85885400
2010-10-22,45.09873962402344,51.63999938964844,51.689998626708984,51.209999084472656,51.29999923706055,47406900
2010-10-25,45.31707763671875,51.88999938964844,52.22999954223633,51.849998474121094,51.849998474121094,51413900
2010-10-26,45.439353942871094,52.029998779296875,52.150001525878906,51.41999816894531,51.630001068115234,60498300
2010-10-27,45.579078674316406,52.189998626708984,52.22999954223633,51.65999984741211,51.7599983215332,57483400
2010-10-28,45.675148010253906,52.29999923706055,52.45000076293945,51.84000015258789,52.40999984741211,61220000
2010-10-29,45.570335388183594,52.18000030517578,52.4900016784668,52.16999816894531,52.29999923706055,46668700
2010-11-01,45.60527420043945,52.220001220703125,52.75,51.97999954223633,52.369998931884766,60555600
2010-11-02,46.09434127807617,52.779998779296875,52.93000030517578,52.58000183105469,52.650001525878906,48137500
2010-11-03,46.30393600463867,53.02000045776367,53.040000915527344,52.36000061035156,52.83000183105469,126225800
2010-11-04,46.8715934753418,53.66999816894531,53.86000061035156,53.5,53.599998474121094,84201000
2010-11-05,46.8715934753418,53.66999816894531,53.810001373291016,53.5099983215332,53.70000076293945,77937100
2010-11-08,46.932743072509766,53.7400016784668,53.83000183105469,53.45000076293945,53.58000183105469,39623500
2010-11-09,46.67947006225586,53.45000076293945,54.040000915527344,53.209999084472656,53.95000076293945,66828700
2010-11-10,46.91526794433594,53.720001220703125,53.77000045776367,53.099998474121094,53.52000045776367,83553700
2010-11-11,46.61834716796875,53.380001068115234,53.47999954223633,52.65999984741211,52.90999984741211,85163600
2010-11-12,45.8585319519043,52.5099983215332,53.369998931884766,52.11000061035156,53.099998474121094,99164300
2010-11-15,45.683868408203125,52.310001373291016,52.880001068115234,52.290000915527344,52.779998779296875,56723400
2010-11-16,44.93282699584961,51.45000076293945,52.25,50.849998474121094,51.939998626708984,101097000
2010-11-17,45.06380844116211,51.599998474121094,51.869998931884766,51.349998474121094,51.47999954223633,77836200
2010-11-18,45.7886962890625,52.43000030517578,52.790000915527344,52.130001068115234,52.15999984741211,71488300
2010-11-19,45.82361602783203,52.470001220703125,52.59000015258789,52.13999938964844,52.36000061035156,54506100
2010-11-22,46.20785903930664,52.90999984741211,52.90999984741211,52.16999816894531,52.2599983215332,69918900
2010-11-23,45.47426986694336,52.06999969482422,52.45000076293945,51.77000045776367,52.369998931884766,76818300
2010-11-24,46.39126205444336,53.119998931884766,53.25,52.560001373291016,52.58000183105469,53444200
2010-11-26,46.08561325073242,52.77000045776367,53.130001068115234,52.66999816894531,52.779998779296875,23640300
2010-11-29,46.05068588256836,52.72999954223633,52.900001525878906,52.099998474121094,52.70000076293945,89269100
2010-11-30,45.491737365722656,52.09000015258789,52.7400016784668,51.880001068115234,52.18000030517578,118862100
2010-12-01,46.452423095703125,53.189998626708984,53.459999084472656,52.84000015258789,52.86000061035156,81758800
2010-12-02,46.92401123046875,53.72999954223633,53.810001373291016,53.209999084472656,53.27000045776367,56844600
2010-12-03,47.046268463134766,53.869998931884766,53.939998626708984,53.5,53.5,38014200
2010-12-06,47.02880096435547,53.849998474121094,53.95000076293945,53.68000030517578,53.880001068115234,39312000
2010-12-07,47.05500411987305,53.880001068115234,54.52000045776367,53.81999969482422,54.5,59067300
2010-12-08,47.22967529296875,54.08000183105469,54.150001525878906,53.689998626708984,54.02000045776367,48066900
2010-12-09,47.2733268737793,54.130001068115234,54.439998626708984,53.95000076293945,54.40999984741211,51679800
2010-12-10,47.587738037109375,54.4900016784668,54.54999923706055,54.09000015258789,54.290000915527344,44696200
2010-12-13,47.421810150146484,54.29999923706055,54.7400016784668,54.27000045776367,54.70000076293945,53110200
2010-12-14,47.509132385253906,54.400001525878906,54.619998931884766,54.22999954223633,54.439998626708984,69884800
2010-12-15,47.299530029296875,54.15999984741211,54.70000076293945,54.029998779296875,54.369998931884766,76951900
2010-12-16,47.666343688964844,54.58000183105469,54.65999984741211,54.060001373291016,54.209999084472656,65519400
2010-12-17,47.70832824707031,54.52000045776367,54.68000030517578,54.40999984741211,54.540000915527344,36844200
2010-12-20,47.74333953857422,54.560001373291016,54.7599983215332,54.15999984741211,54.619998931884766,48159600
2010-12-21,48.0321044921875,54.88999938964844,54.88999938964844,54.619998931884766,54.77000045776367,35775400
2010-12-22,48.023353576660156,54.880001068115234,54.959999084472656,54.790000915527344,54.869998931884766,35766500
2010-12-23,47.90086364746094,54.7400016784668,54.869998931884766,54.61000061035156,54.779998779296875,21664800
2010-12-27,47.927093505859375,54.77000045776367,54.86000061035156,54.209999084472656,54.58000183105469,29263700
2010-12-28,47.8396110534668,54.66999816894531,54.91999816894531,54.54999923706055,54.880001068115234,24160500
2010-12-29,47.94459915161133,54.790000915527344,54.900001525878906,54.72999954223633,54.81999969482422,24132700
2010-12-30,47.830848693847656,54.65999984741211,54.79999923706055,54.54999923706055,54.790000915527344,27553300
2010-12-31,47.655826568603516,54.459999084472656,54.619998931884766,54.209999084472656,54.59000015258789,38540100
2011-01-03,48.39963912963867,55.310001373291016,55.689998626708984,54.95000076293945,54.970001220703125,90994300
2011-01-04,48.36463928222656,55.27000045776367,55.54999923706055,54.91999816894531,55.5099983215332,43851500
2011-01-05,48.77591323852539,55.7400016784668,55.7599983215332,55.06999969482422,55.099998474121094,43787400
2011-01-06,48.93342208862305,55.91999816894531,55.959999084472656,55.68000030517578,55.79999923706055,46139600
2011-01-07,48.88966369628906,55.869998931884766,56.04999923706055,55.31999969482422,56.02000045776367,72261700
2011-01-10,49.07345962524414,56.08000183105469,56.18000030517578,55.58000183105469,55.75,55551800
2011-01-11,49.1434440612793,56.15999984741211,56.36000061035156,55.95000076293945,56.310001373291016,56663800
2011-01-12,49.49347686767578,56.560001373291016,56.560001373291016,56.20000076293945,56.43000030517578,51979300
2011-01-13,49.510963439941406,56.58000183105469,56.72999954223633,56.40999984741211,56.599998474121094,47364500
2011-01-14,49.878501892089844,57.0,57.02000045776367,56.459999084472656,56.599998474121094,43867400
2011-01-18,50.018497467041016,57.15999984741211,57.22999954223633,56.4900016784668,56.56999969482422,65805600
2011-01-19,49.449703216552734,56.5099983215332,57.2599983215332,56.31999969482422,57.2599983215332,67767200
2011-01-20,49.09968185424805,56.11000061035156,56.349998474121094,55.68000030517578,56.27000045776367,92357800
2011-01-21,48.72342300415039,55.68000030517578,56.4900016784668,55.650001525878906,56.38999938964844,59673300
2011-01-24,49.397216796875,56.45000076293945,56.459999084472656,55.68000030517578,55.790000915527344,64103300
2011-01-25,49.46720504760742,56.529998779296875,56.54999923706055,56.04999923706055,56.16999816894531,55305100
2011-01-26,49.729713439941406,56.83000183105469,56.97999954223633,56.45000076293945,56.61000061035156,60547700
2011-01-27,50.036014556884766,57.18000030517578,57.349998474121094,56.91999816894531,57.0099983215332,53656100
2011-01-28,48.76716613769531,55.72999954223633,57.220001220703125,55.470001220703125,57.16999816894531,123359900
2011-01-31,49.003421783447266,56.0,56.15999984741211,55.38999938964844,55.810001373291016,70571300
2011-02-01,49.922237396240234,57.04999923706055,57.18000030517578,56.36000061035156,56.41999816894531,76952900
2011-02-02,49.84347915649414,56.959999084472656,57.16999816894531,56.84000015258789,56.93000030517578,48661000
2011-02-03,49.93099594116211,57.060001373291016,57.13999938964844,56.400001525878906,56.849998474121094,45341900
2011-02-04,50.21100616455078,57.380001068115234,57.41999816894531,56.900001525878906,57.04999923706055,47647800
2011-02-07,50.44727325439453,57.650001525878906,57.970001220703125,57.400001525878906,57.4900016784668,45627100
2011-02-08,50.779808044433594,58.029998779296875,58.06999969482422,57.560001373291016,57.66999816894531,38099900
2011-02-09,50.69229507446289,57.93000030517578,58.119998931884766,57.75,57.939998626708984,62540800
2011-02-10,50.771053314208984,58.02000045776367,58.099998474121094,57.4900016784668,57.54999923706055,70194700
2011-02-11,51.138580322265625,58.439998626708984,58.47999954223633,57.77000045776367,57.849998474121094,47853500
2011-02-14,51.26110076904297,58.58000183105469,58.65999984741211,58.380001068115234,58.439998626708984,48506100
2011-02-15,51.19109344482422,58.5,58.56999969482422,58.22999954223633,58.439998626708984,39723800
2011-02-16,51.523616790771484,58.880001068115234,59.040000915527344,58.630001068115234,58.650001525878906,53061700
2011-02-17,51.506099700927734,58.86000061035156,58.970001220703125,58.54999923706055,58.59000015258789,38361900
2011-02-18,51.39234924316406,58.72999954223633,58.970001220703125,58.5099983215332,58.86000061035156,44334300
2011-02-22,49.90473937988281,57.029998779296875,58.130001068115234,56.939998626708984,57.93000030517578,92598100
2011-02-23,49.49347686767578,56.560001373291016,57.22999954223633,56.130001068115234,57.029998779296875,97842900
2011-02-24,49.75597381591797,56.86000061035156,57.029998779296875,56.13999938964844,56.68000030517578,98716100
2011-02-25,50.44727325439453,57.650001525878906,57.720001220703125,57.119998931884766,57.18000030517578,54094600
2011-02-28,50.55228805541992,57.77000045776367,58.04999923706055,57.43000030517578,57.880001068115234,51402800
2011-03-01,49.73846435546875,56.84000015258789,58.02000045776367,56.70000076293945,58.02000045776367,91993900
2011-03-02,50.00100326538086,57.13999938964844,57.5099983215332,56.790000915527344,56.810001373291016,61552900
2011-03-03,50.989810943603516,58.27000045776367,58.369998931884766,57.66999816894531,57.66999816894531,64146600
2011-03-04,50.72728729248047,57.970001220703125,58.2599983215332,57.59000015258789,58.25,62328400
2011-03-07,50.04475402832031,57.189998626708984,58.2599983215332,56.66999816894531,58.209999084472656,98470000
2011-03-08,50.24601364135742,57.41999816894531,57.68000030517578,56.77000045776367,57.119998931884766,62399100
2011-03-09,49.90473937988281,57.029998779296875,57.27000045776367,56.720001220703125,57.209999084472656,84764200
2011-03-10,49.125946044921875,56.13999938964844,56.52000045776367,55.90999984741211,56.38999938964844,102894400
2011-03-11,49.43222427368164,56.4900016784668,56.65999984741211,55.81999969482422,55.81999969482422,81679400
2011-03-14,49.2571907043457,56.290000915527344,56.59000015258789,55.86000061035156,56.18000030517578,73565800
2011-03-15,48.557159423828125,55.4900016784668,55.81999969482422,54.470001220703125,54.63999938964844,101276500
2011-03-16,47.38456726074219,54.150001525878906,55.34000015258789,53.77000045776367,55.029998779296875,176507700
2011-03-17,47.82210159301758,54.650001525878906,55.2400016784668,54.130001068115234,55.0099983215332,94434500
2011-03-18,47.714298248291016,54.45000076293945,55.220001220703125,54.40999984741211,55.220001220703125,94887200
2011-03-21,48.634422302246094,55.5,55.779998779296875,54.5,55.279998779296875,57423000
2011-03-22,48.54679489135742,55.400001525878906,55.61000061035156,55.279998779296875,55.58000183105469,36162100
2011-03-23,48.81844711303711,55.709999084472656,55.869998931884766,54.81999969482422,55.20000076293945,60365100
2011-03-24,49.685997009277344,56.70000076293945,56.81999969482422,55.81999969482422,56.130001068115234,69502400
2011-03-25,49.808650970458984,56.84000015258789,57.220001220703125,56.72999954223633,56.880001068115234,74131100
2011-03-28,49.53700637817383,56.529998779296875,57.099998474121094,56.5,57.09000015258789,37824000
2011-03-29,50.01897430419922,57.08000183105469,57.08000183105469,56.22999954223633,56.400001525878906,47994800
2011-03-30,50.25556945800781,57.349998474121094,57.43000030517578,57.08000183105469,57.36000061035156,44935900
2011-03-31,50.32569885253906,57.43000030517578,57.47999954223633,57.150001525878906,57.25,50004300
2011-04-01,50.351966857910156,57.459999084472656,57.900001525878906,57.290000915527344,57.720001220703125,68031800
2011-04-04,50.185455322265625,57.27000045776367,57.68000030517578,57.02000045776367,57.619998931884766,48659100
2011-04-05,50.05402755737305,57.119998931884766,57.4900016784668,57.0,57.15999984741211,55349400
2011-04-06,50.17671203613281,57.2599983215332,57.72999954223633,56.93000030517578,57.560001373291016,49532100
2011-04-07,50.141658782958984,57.220001220703125,57.599998474121094,56.810001373291016,57.2400016784668,60697000
2011-04-08,49.905059814453125,56.95000076293945,57.56999969482422,56.650001525878906,57.47999954223633,42782200
2011-04-11,49.73854446411133,56.7599983215332,57.290000915527344,56.560001373291016,57.16999816894531,42451700
2011-04-12,49.39678955078125,56.369998931884766,56.63999938964844,56.150001525878906,56.5,50422800
2011-04-13,49.81741714477539,56.849998474121094,57.0,56.400001525878906,56.790000915527344,49979800
2011-04-14,49.72977828979492,56.75,56.83000183105469,56.22999954223633,56.459999084472656,53544100
2011-04-15,49.64216232299805,56.650001525878906,56.869998931884766,56.279998779296875,56.529998779296875,68530000
2011-04-18,49.29164123535156,56.25,56.27000045776367,55.31999969482422,56.08000183105469,69065000
2011-04-19,49.59834671020508,56.599998474121094,56.599998474121094,56.099998474121094,56.400001525878906,38608400
2011-04-20,50.719993591308594,57.880001068115234,57.939998626708984,57.529998779296875,57.599998474121094,67397500
2011-04-21,51.123111724853516,58.34000015258789,58.470001220703125,58.15999984741211,58.439998626708984,43666800
2011-04-25,51.254547119140625,58.4900016784668,58.52000045776367,58.279998779296875,58.38999938964844,25376800
2011-04-26,51.54372787475586,58.81999969482422,59.029998779296875,58.5099983215332,58.63999938964844,49400000
2011-04-27,51.89423370361328,59.220001220703125,59.290000915527344,58.65999984741211,58.93000030517578,56465500
2011-04-28,51.81537628173828,59.130001068115234,59.22999954223633,58.880001068115234,59.040000915527344,48100000
2011-04-29,51.77156448364258,59.08000183105469,59.290000915527344,58.97999954223633,59.02000045776367,44831200
2011-05-02,51.67518615722656,58.970001220703125,59.34000015258789,58.81999969482422,59.16999816894531,48149400
2011-05-03,51.4297981262207,58.689998626708984,59.0,58.33000183105469,58.939998626708984,38100000
2011-05-04,51.3509407043457,58.599998474121094,58.869998931884766,58.11000061035156,58.720001220703125,53097200
2011-05-05,51.070526123046875,58.279998779296875,58.970001220703125,58.08000183105469,58.310001373291016,72200000
2011-05-06,51.23701858520508,58.470001220703125,59.20000076293945,58.310001373291016,58.86000061035156,72507000
2011-05-09,51.4297981262207,58.689998626708984,58.91999816894531,58.34000015258789,58.56999969482422,40022000
2011-05-10,51.86795425415039,59.189998626708984,59.279998779296875,58.779998779296875,58.86000061035156,38053600
2011-05-11,51.49114990234375,58.7599983215332,59.310001373291016,58.36000061035156,59.099998474121094,61900000
2011-05-12,51.797847747802734,59.11000061035156,59.189998626708984,58.2400016784668,58.58000183105469,66100000
2011-05-13,51.1844482421875,58.40999984741211,59.06999969482422,58.38999938964844,58.970001220703125,63506600
2011-05-16,50.299381256103516,57.400001525878906,58.31999969482422,57.27000045776367,58.13999938964844,73115300
2011-05-17,50.43958282470703,57.560001373291016,57.56999969482422,56.97999954223633,57.099998474121094,63136000
2011-05-18,50.86020278930664,58.040000915527344,58.13999938964844,57.40999984741211,57.47999954223633,42351100
2011-05-19,51.009178161621094,58.209999084472656,58.34000015258789,57.849998474121094,58.220001220703125,35015800
2011-05-20,50.62362289428711,57.77000045776367,58.209999084472656,57.689998626708984,58.150001525878906,44703300
2011-05-23,49.878753662109375,56.91999816894531,57.150001525878906,56.650001525878906,56.97999954223633,43700000
2011-05-24,49.572078704833984,56.56999969482422,57.06999969482422,56.560001373291016,57.060001373291016,39314800
2011-05-25,49.76484298706055,56.790000915527344,57.060001373291016,56.470001220703125,56.5,41369000
2011-05-26,50.07154083251953,57.13999938964844,57.29999923706055,56.61000061035156,56.619998931884766,40564100
2011-05-27,50.32569885253906,57.43000030517578,57.4900016784668,57.189998626708984,57.2400016784668,30127200
2011-05-31,51.14061737060547,58.36000061035156,58.36000061035156,57.66999816894531,57.970001220703125,47590100
2011-06-01,50.02773666381836,57.09000015258789,58.36000061035156,57.040000915527344,58.220001220703125,51795000
2011-06-02,50.13288879394531,57.209999084472656,57.40999984741211,56.88999938964844,57.20000076293945,50198100
2011-06-03,49.379276275634766,56.349998474121094,56.9900016784668,56.27000045776367,56.54999923706055,57773700
2011-06-06,48.976158142089844,55.88999938964844,56.529998779296875,55.86000061035156,56.220001220703125,50175600
2011-06-07,48.8885383605957,55.790000915527344,56.2599983215332,55.75,56.040000915527344,46311100
2011-06-08,48.538047790527344,55.38999938964844,55.77000045776367,55.22999954223633,55.66999816894531,46426400
2011-06-09,48.62566375732422,55.4900016784668,55.7599983215332,55.22999954223633,55.40999984741211,45307500
2011-06-10,47.88080596923828,54.63999938964844,55.34000015258789,54.59000015258789,55.22999954223633,53740600
2011-06-13,47.88080596923828,54.63999938964844,54.93000030517578,54.45000076293945,54.66999816894531,37736800
2011-06-14,48.49422073364258,55.34000015258789,55.470001220703125,55.029998779296875,55.060001373291016,40565300
2011-06-15,47.57411575317383,54.290000915527344,55.150001525878906,54.18000030517578,54.810001373291016,59022400
2011-06-16,47.39008712768555,54.08000183105469,54.5,53.619998931884766,54.31999969482422,66316200
2011-06-17,47.24165344238281,53.790000915527344,54.599998474121094,53.630001068115234,54.400001525878906,70337000
2011-06-20,47.48757553100586,54.06999969482422,54.22999954223633,53.63999938964844,53.63999938964844,37402900
2011-06-21,48.5063591003418,55.22999954223633,55.290000915527344,54.029998779296875,54.2599983215332,55892800
2011-06-22,48.155059814453125,54.83000183105469,55.31999969482422,54.81999969482422,55.0,36833300
2011-06-23,48.60296630859375,55.34000015258789,55.369998931884766,54.060001373291016,54.2400016784668,80743300
2011-06-24,47.75983428955078,54.380001068115234,55.130001068115234,54.27000045776367,55.08000183105469,56298300
2011-06-27,48.52391052246094,55.25,55.529998779296875,54.31999969482422,54.439998626708984,49968900
2011-06-28,49.24408721923828,56.06999969482422,56.08000183105469,55.290000915527344,55.369998931884766,47028800
2011-06-29,49.44610595703125,56.29999923706055,56.40999984741211,55.900001525878906,56.20000076293945,65407300
2011-06-30,50.10478210449219,57.04999923706055,57.09000015258789,56.470001220703125,56.5,50347200
2011-07-01,50.8600959777832,57.90999984741211,57.9900016784668,56.91999816894531,57.08000183105469,53203900
2011-07-05,51.11479187011719,58.20000076293945,58.2599983215332,57.83000183105469,57.970001220703125,43128800
2011-07-06,51.281673431396484,58.38999938964844,58.4900016784668,57.939998626708984,58.130001068115234,49282700
2011-07-07,51.98426818847656,59.189998626708984,59.36000061035156,58.7400016784668,58.83000183105469,54799800
2011-07-08,51.843746185302734,59.029998779296875,59.040000915527344,58.369998931884766,58.68000030517578,69519500
2011-07-11,50.90400695800781,57.959999084472656,58.709999084472656,57.7599983215332,58.40999984741211,52080800
2011-07-12,50.51757049560547,57.52000045776367,58.06999969482422,57.459999084472656,57.95000076293945,84000700
2011-07-13,50.728363037109375,57.7599983215332,58.34000015258789,57.54999923706055,57.939998626708984,82378100
2011-07-14,50.139915466308594,57.09000015258789,58.18000030517578,56.869998931884766,57.90999984741211,98774200
2011-07-15,50.807395935058594,57.849998474121094,57.849998474121094,57.310001373291016,57.72999954223633,68281500
2011-07-18,50.53513717651367,57.540000915527344,57.790000915527344,56.97999954223633,57.529998779296875,59512200
2011-07-19,51.6856575012207,58.849998474121094,58.900001525878906,58.09000015258789,58.09000015258789,73904600
2011-07-20,51.466094970703125,58.599998474121094,59.189998626708984,58.5,59.18000030517578,57085500
2011-07-21,51.808616638183594,58.9900016784668,59.31999969482422,58.34000015258789,58.65999984741211,70148800
2011-07-22,52.344364166259766,59.599998474121094,59.70000076293945,58.91999816894531,58.959999084472656,43620400
2011-07-25,52.238956451416016,59.47999954223633,59.810001373291016,59.02000045776367,59.130001068115234,48916100
2011-07-26,52.370704650878906,59.630001068115234,59.83000183105469,59.31999969482422,59.439998626708984,40918900
2011-07-27,51.018184661865234,58.09000015258789,59.290000915527344,57.939998626708984,59.2400016784668,83969500
2011-07-28,51.10600662231445,58.189998626708984,58.93000030517578,57.88999938964844,58.119998931884766,61031900
2011-07-29,50.939144134521484,58.0,58.61000061035156,57.439998626708984,57.720001220703125,82860500
2011-08-01,50.701995849609375,57.72999954223633,58.81999969482422,57.029998779296875,58.70000076293945,85421100
2011-08-02,49.419742584228516,56.27000045776367,57.720001220703125,56.209999084472656,57.459999084472656,90853300
2011-08-03,49.89401626586914,56.810001373291016,56.880001068115234,55.349998474121094,56.34000015258789,103612300
2011-08-04,47.575401306152344,54.16999816894531,56.09000015258789,54.16999816894531,56.0,132830000
2011-08-05,47.27680206298828,53.83000183105469,55.029998779296875,52.31999969482422,54.720001220703125,214111800
2011-08-08,44.43122482299805,50.59000015258789,53.119998931884766,50.59000015258789,52.18000030517578,204804500
2011-08-09,46.574180603027344,53.029998779296875,53.08000183105469,49.93000030517578,51.349998474121094,193707100
2011-08-10,44.66834259033203,50.86000061035156,53.040000915527344,50.79999923706055,51.83000183105469,205917900
2011-08-11,46.63566207885742,53.099998474121094,53.689998626708984,51.34000015258789,51.59000015258789,143825300
2011-08-12,47.048431396484375,53.56999969482422,53.900001525878906,52.880001068115234,53.43000030517578,90483300
2011-08-15,47.74226379394531,54.36000061035156,54.36000061035156,53.529998779296875,53.790000915527344,73554300
2011-08-16,47.338260650634766,53.900001525878906,54.349998474121094,53.18000030517578,53.83000183105469,89219200
2011-08-17,47.057228088378906,53.58000183105469,54.41999816894531,53.02000045776367,53.970001220703125,84416600
2011-08-18,44.747398376464844,50.95000076293945,52.13999938964844,50.47999954223633,52.130001068115234,130019400
2011-08-19,43.939395904541016,50.029998779296875,51.66999816894531,49.9900016784668,50.41999816894531,96674600
2011-08-22,44.097469329833984,50.209999084472656,51.2400016784668,50.060001373291016,51.22999954223633,77107700
2011-08-23,45.91547393798828,52.279998779296875,52.279998779296875,50.34000015258789,50.54999923706055,75688400
2011-08-24,46.27557373046875,52.689998626708984,52.790000915527344,51.709999084472656,52.130001068115234,80197700
2011-08-25,45.520267486572266,51.83000183105469,52.900001525878906,51.650001525878906,52.65999984741211,93623700
2011-08-26,46.661991119384766,53.130001068115234,53.310001373291016,51.150001525878906,51.65999984741211,91573300
2011-08-29,47.96183776855469,54.61000061035156,54.66999816894531,53.63999938964844,53.65999984741211,45985800
2011-08-30,48.27800369262695,54.970001220703125,55.29999923706055,54.11000061035156,54.40999984741211,61617900
2011-08-31,48.357059478759766,55.060001373291016,55.7400016784668,54.599998474121094,55.29999923706055,60900400
2011-09-01,47.91791915893555,54.560001373291016,55.63999938964844,54.459999084472656,55.20000076293945,57158400
2011-09-02,46.79374694824219,53.279998779296875,54.61000061035156,52.9900016784668,53.58000183105469,58185700
2011-09-06,46.802520751953125,53.290000915527344,53.369998931884766,51.90999984741211,52.040000915527344,52992200
2011-09-07,47.98818588256836,54.63999938964844,54.650001525878906,53.900001525878906,54.04999923706055,48952200
2011-09-08,47.76860809326172,54.38999938964844,55.16999816894531,54.209999084472656,54.36000061035156,61422800
2011-09-09,46.7059211730957,53.18000030517578,54.2400016784668,52.849998474121094,54.0099983215332,63663500
2011-09-12,47.303131103515625,53.86000061035156,53.900001525878906,52.56999969482422,52.59000015258789,65973000
2011-09-13,47.935489654541016,54.58000183105469,54.689998626708984,53.79999923706055,54.060001373291016,59020000
2011-09-14,48.620540618896484,55.36000061035156,55.97999954223633,54.31999969482422,54.86000061035156,90757300
2011-09-15,49.34070587158203,56.18000030517578,56.279998779296875,55.38999938964844,55.959999084472656,83536100
2011-09-16,49.79296875,56.59000015258789,56.650001525878906,56.09000015258789,56.20000076293945,91902100
2011-09-19,49.81057357788086,56.61000061035156,56.90999984741211,55.43000030517578,55.88999938964844,73042900
2011-09-20,49.5905876159668,56.36000061035156,57.349998474121094,56.22999954223633,56.900001525878906,66570100
2011-09-21,48.72829818725586,55.380001068115234,56.93000030517578,55.369998931884766,56.650001525878906,79938000
2011-09-22,47.14450454711914,53.58000183105469,54.459999084472656,52.75,53.970001220703125,151885500
2011-09-23,47.64603805541992,54.150001525878906,54.380001068115234,53.09000015258789,53.130001068115234,85940600
2011-09-26,48.20036315917969,54.779998779296875,54.880001068115234,53.209999084472656,54.41999816894531,96261400
2011-09-27,48.701908111572266,55.349998474121094,56.20000076293945,54.97999954223633,55.709999084472656,81148600
2011-09-28,47.98039245605469,54.529998779296875,55.970001220703125,54.400001525878906,55.59000015258789,76757100
2011-09-29,47.40846252441406,53.880001068115234,55.43000030517578,52.970001220703125,55.36000061035156,116900200
2011-09-30,46.1854248046875,52.4900016784668,53.61000061035156,52.459999084472656,53.15999984741211,104870100
2011-10-03,44.997562408447266,51.13999938964844,52.849998474121094,51.11000061035156,52.02000045776367,99149500
2011-10-04,45.92144775390625,52.189998626708984,52.290000915527344,50.099998474121094,50.619998931884766,137013700
2011-10-05,47.10050582885742,53.529998779296875,53.68000030517578,51.65999984741211,52.060001373291016,108825700
2011-10-06,47.89238739013672,54.43000030517578,54.439998626708984,53.209999084472656,53.459999084472656,71939200
2011-10-07,47.57564163208008,54.06999969482422,54.65999984741211,53.720001220703125,54.400001525878906,72525200
2011-10-10,49.22102737426758,55.939998626708984,55.939998626708984,54.88999938964844,54.9900016784668,48230200
2011-10-11,49.55539321899414,56.31999969482422,56.459999084472656,55.70000076293945,55.790000915527344,66449100
2011-10-12,49.801761627197266,56.599998474121094,57.22999954223633,56.560001373291016,56.86000061035156,85627600
2011-10-13,50.259315490722656,57.119998931884766,57.189998626708984,56.43000030517578,56.4900016784668,63443700
2011-10-14,51.191986083984375,58.18000030517578,58.189998626708984,57.5099983215332,57.81999969482422,65643600
2011-10-17,50.40007781982422,57.279998779296875,58.09000015258789,56.970001220703125,57.90999984741211,65161300
2011-10-18,51.024803161621094,57.9900016784668,58.290000915527344,56.65999984741211,57.189998626708984,91434600
2011-10-19,50.03933334350586,56.869998931884766,57.849998474121094,56.68000030517578,57.66999816894531,67639400
2011-10-20,49.79296875,56.59000015258789,56.91999816894531,55.790000915527344,56.86000061035156,80378300
2011-10-21,50.41768264770508,57.29999923706055,57.65999984741211,56.779998779296875,57.189998626708984,60455800
2011-10-24,51.46475601196289,58.4900016784668,58.650001525878906,57.310001373291016,57.5099983215332,61449500
2011-10-25,50.45289611816406,57.34000015258789,58.31999969482422,57.220001220703125,58.29999923706055,65299200
2011-10-26,50.39127731323242,57.27000045776367,57.779998779296875,56.209999084472656,57.65999984741211,98193800
2011-10-27,51.78152084350586,58.849998474121094,59.20000076293945,58.029998779296875,58.63999938964844,104455500
2011-10-28,51.86070251464844,58.939998626708984,59.0099983215332,58.5,58.52000045776367,42950000
2011-10-31,50.9896125793457,57.95000076293945,58.63999938964844,57.90999984741211,58.43000030517578,60520200
2011-11-01,49.66096115112305,56.439998626708984,57.90999984741211,56.119998931884766,56.52000045776367,99933000
2011-11-02,50.08333206176758,56.91999816894531,57.15999984741211,56.380001068115234,57.029998779296875,65003800
2011-11-03,51.12160873413086,58.099998474121094,58.18000030517578,56.709999084472656,57.369998931884766,78994200
2011-11-04,50.85763931274414,57.79999923706055,58.04999923706055,57.220001220703125,57.81999969482422,61527800
2011-11-07,51.218387603759766,58.209999084472656,58.25,57.16999816894531,57.7599983215332,65559000
2011-11-08,51.80790710449219,58.880001068115234,58.97999954223633,57.970001220703125,58.630001068115234,62906900
2011-11-09,49.98654556274414,56.810001373291016,57.83000183105469,56.630001068115234,57.7400016784668,69539000
2011-11-10,49.960147857666016,56.779998779296875,57.41999816894531,56.22999954223633,57.369998931884766,66052400
2011-11-11,50.9016227722168,57.849998474121094,58.02000045776367,57.20000076293945,57.27000045776367,54471000
2011-11-14,50.584869384765625,57.4900016784668,58.0099983215332,57.279998779296875,57.689998626708984,44617600
2011-11-15,51.147987365722656,58.130001068115234,58.36000061035156,57.2599983215332,57.31999969482422,52203900
2011-11-16,50.303306579589844,57.16999816894531,58.15999984741211,57.060001373291016,57.709999084472656,68342800
2011-11-17,49.124263763427734,55.83000183105469,57.040000915527344,55.47999954223633,57.02000045776367,101706900
2011-11-18,48.74590301513672,55.400001525878906,55.900001525878906,55.29999923706055,55.84000015258789,60417000
2011-11-21,47.81321716308594,54.34000015258789,54.72999954223633,53.779998779296875,54.650001525878906,52283700
2011-11-22,47.971595764160156,54.52000045776367,54.68000030517578,53.869998931884766,54.20000076293945,51940100
2011-11-23,46.88933563232422,53.290000915527344,54.16999816894531,53.2599983215332,54.11000061035156,48437300
2011-11-25,46.52857208251953,52.880001068115234,53.66999816894531,52.869998931884766,53.060001373291016,25448100
2011-11-28,48.14756393432617,54.720001220703125,54.790000915527344,54.13999938964844,54.16999816894531,46710700
2011-11-29,47.84840774536133,54.380001068115234,55.099998474121094,54.220001220703125,54.689998626708984,52056700
2011-11-30,49.616981506347656,56.38999938964844,56.439998626708984,55.66999816894531,55.86000061035156,66918600
2011-12-01,49.960147857666016,56.779998779296875,56.93000030517578,56.349998474121094,56.380001068115234,45362200
2011-12-02,49.81935119628906,56.619998931884766,57.34000015258789,56.56999969482422,57.34000015258789,36938900
2011-12-05,50.364891052246094,57.2400016784668,57.619998931884766,56.91999816894531,57.470001220703125,40492200
2011-12-06,50.2241096496582,57.08000183105469,57.45000076293945,56.88999938964844,57.290000915527344,38670000
2011-12-07,50.2241096496582,57.08000183105469,57.34000015258789,56.349998474121094,56.91999816894531,44576200
2011-12-08,49.37941360473633,56.119998931884766,57.150001525878906,56.0099983215332,56.709999084472656,51692600
2011-12-09,50.17131805419922,57.02000045776367,57.189998626708984,56.2400016784668,56.2599983215332,55757900
2011-12-12,49.608192443847656,56.380001068115234,57.0099983215332,55.900001525878906,56.41999816894531,55411700
2011-12-13,49.062660217285156,55.7599983215332,56.97999954223633,55.529998779296875,56.75,68557700
2011-12-14,48.29714584350586,54.88999938964844,55.59000015258789,54.58000183105469,55.54999923706055,63682800
2011-12-15,48.1651725769043,54.7400016784668,55.41999816894531,54.65999984741211,55.36000061035156,58732900
2011-12-16,48.41315460205078,54.86000061035156,55.61000061035156,54.77000045776367,54.869998931884766,60978900
2011-12-19,47.93660354614258,54.31999969482422,55.20000076293945,54.16999816894531,55.06999969482422,46733900
2011-12-20,49.357418060302734,55.93000030517578,56.0,55.16999816894531,55.20000076293945,81758800
2011-12-21,48.651405334472656,55.130001068115234,55.63999938964844,54.4900016784668,55.599998474121094,78552300
2011-12-22,49.066184997558594,55.599998474121094,55.630001068115234,55.16999816894531,55.25,40334100
2011-12-23,49.489784240722656,56.08000183105469,56.08000183105469,55.58000183105469,55.709999084472656,26594600
2011-12-27,49.674381256103516,56.2400016784668,56.41999816894531,55.93000030517578,55.9900016784668,21443500
2011-12-28,49.10026931762695,55.59000015258789,56.2599983215332,55.439998626708984,56.16999816894531,38180100
2011-12-29,49.45356369018555,55.9900016784668,56.029998779296875,55.5,55.68000030517578,28077900
2011-12-30,49.3122444152832,55.83000183105469,56.119998931884766,55.81999969482422,55.869998931884766,21832400
2012-01-03,50.25733184814453,56.900001525878906,57.189998626708984,56.75,56.90999984741211,39514100
2012-01-04,50.46931076049805,57.13999938964844,57.220001220703125,56.560001373291016,56.810001373291016,29403400
2012-01-05,50.88444137573242,57.61000061035156,57.65999984741211,56.79999923706055,57.02000045776367,41260600
2012-01-06,51.061100006103516,57.810001373291016,57.939998626708984,57.400001525878906,57.619998931884766,46325200
2012-01-09,50.89326858520508,57.619998931884766,57.97999954223633,57.43000030517578,57.959999084472656,39195500
2012-01-10,51.26423645019531,58.040000915527344,58.400001525878906,57.63999938964844,58.22999954223633,35949900
2012-01-11,51.37023162841797,58.15999984741211,58.290000915527344,57.810001373291016,58.029998779296875,37144100
2012-01-12,51.57339096069336,58.38999938964844,58.470001220703125,57.86000061035156,58.290000915527344,26188300
2012-01-13,51.38789367675781,58.18000030517578,58.20000076293945,57.68000030517578,58.08000183105469,35980400
2012-01-17,51.85603332519531,58.709999084472656,58.959999084472656,58.4900016784668,58.689998626708984,41790800
2012-01-18,52.54495620727539,59.4900016784668,59.4900016784668,58.68000030517578,58.81999969482422,48692700
2012-01-19,52.871768951416016,59.86000061035156,59.970001220703125,59.650001525878906,59.7599983215332,47774500
2012-01-20,52.79227066040039,59.77000045776367,59.79999923706055,59.560001373291016,59.599998474121094,41041700
2012-01-23,52.809940338134766,59.790000915527344,60.209999084472656,59.439998626708984,59.779998779296875,40958300
2012-01-24,52.71278762817383,59.68000030517578,59.84000015258789,59.40999984741211,59.52000045776367,38440200
2012-01-25,53.37522506713867,60.43000030517578,60.58000183105469,59.83000183105469,60.2599983215332,61591800
2012-01-26,53.18973922729492,60.220001220703125,60.79999923706055,59.93000030517578,60.689998626708984,37852700
2012-01-27,53.34872817993164,60.400001525878906,60.5099983215332,60.060001373291016,60.09000015258789,45532300
2012-01-30,53.39290237426758,60.45000076293945,60.540000915527344,59.65999984741211,59.88999938964844,42797800
2012-01-31,53.46355438232422,60.529998779296875,60.86000061035156,60.13999938964844,60.75,51449600
2012-02-01,53.8963508605957,61.02000045776367,61.2400016784668,60.65999984741211,60.880001068115234,46146700
2012-02-02,54.064186096191406,61.209999084472656,61.40999984741211,60.970001220703125,61.220001220703125,46373600
2012-02-03,54.80611038208008,62.04999923706055,62.119998931884766,61.68000030517578,61.779998779296875,36453800
2012-02-06,54.7619514465332,62.0,62.02000045776367,61.65999984741211,61.81999969482422,28541300
2012-02-07,54.87677001953125,62.130001068115234,62.25,61.66999816894531,61.95000076293945,37935700
2012-02-08,55.168243408203125,62.459999084472656,62.459999084472656,61.90999984741211,62.13999938964844,41171100
2012-02-09,55.565696716308594,62.90999984741211,62.97999954223633,62.31999969482422,62.70000076293945,46856400
2012-02-10,55.17707443237305,62.470001220703125,62.63999938964844,62.25,62.459999084472656,58090500
2012-02-13,55.68937301635742,63.04999923706055,63.130001068115234,62.650001525878906,62.939998626708984,36810200
2012-02-14,55.830692291259766,63.209999084472656,63.220001220703125,62.689998626708984,62.90999984741211,51648200
2012-02-15,55.44204330444336,62.77000045776367,63.86000061035156,62.66999816894531,63.5099983215332,105709100
2012-02-16,56.2016487121582,63.630001068115234,63.70000076293945,62.630001068115234,62.790000915527344,83642300
2012-02-17,56.02499008178711,63.43000030517578,63.689998626708984,63.150001525878906,63.63999938964844,76112300
2012-02-21,56.183990478515625,63.61000061035156,63.88999938964844,63.209999084472656,63.5,38141300
2012-02-22,55.92784118652344,63.31999969482422,63.68000030517578,63.22999954223633,63.4900016784668,43174700
2012-02-23,56.29880905151367,63.7400016784668,63.810001373291016,63.09000015258789,63.400001525878906,54250000
2012-02-24,56.49313735961914,63.959999084472656,64.06999969482422,63.79999923706055,63.91999816894531,41364900
2012-02-27,56.572635650634766,64.05000305175781,64.26000213623047,63.33000183105469,63.61000061035156,42678500
2012-02-28,57.146728515625,64.69999694824219,64.69999694824219,64.02999877929688,64.11000061035156,43717500
2012-02-29,56.890594482421875,64.41000366210938,64.95999908447266,64.19999694824219,64.75,59784400
2012-03-01,57.341041564941406,64.91999816894531,64.9800033569336,64.45999908447266,64.6500015258789,67558900
2012-03-02,57.29689407348633,64.87000274658203,65.08000183105469,64.66000366210938,64.83000183105469,33358200
2012-03-05,56.705101013183594,64.19999694824219,64.91000366210938,63.9900016784668,64.83000183105469,45788800
2012-03-06,56.14864730834961,63.56999969482422,63.720001220703125,63.22999954223633,63.56999969482422,54638600
2012-03-07,56.5814323425293,64.05999755859375,64.20999908447266,63.77000045776367,63.869998931884766,42741800
2012-03-08,57.190879821777344,64.75,64.94000244140625,64.30000305175781,64.44000244140625,43711100
2012-03-09,57.429386138916016,65.0199966430664,65.13999938964844,64.81999969482422,64.86000061035156,43117200
2012-03-12,57.45588302612305,65.05000305175781,65.11000061035156,64.72000122070312,65.0,32687300
2012-03-13,58.52461624145508,66.26000213623047,66.26000213623047,65.2699966430664,65.4000015258789,61559100
2012-03-14,58.7277717590332,66.48999786376953,66.73999786376953,66.08000183105469,66.33000183105469,59926900
2012-03-15,58.89560317993164,66.68000030517578,66.81999969482422,66.3499984741211,66.69000244140625,65531200
2012-03-16,58.8540153503418,66.5199966430664,66.66999816894531,66.36000061035156,66.66999816894531,53023100
2012-03-19,59.26983642578125,66.98999786376953,67.1500015258789,66.44999694824219,66.62999725341797,60966200
2012-03-20,59.37602233886719,67.11000061035156,67.18000030517578,66.45999908447266,66.63999938964844,47290600
2012-03-21,59.38485336303711,67.12000274658203,67.48999786376953,67.02999877929688,67.12000274658203,39648100
2012-03-22,59.260990142822266,66.9800033569336,67.13999938964844,66.68000030517578,66.72000122070312,56953900
2012-03-23,59.225608825683594,66.94000244140625,67.08000183105469,66.55999755859375,67.05999755859375,45541700
2012-03-26,60.26076889038086,68.11000061035156,68.11000061035156,67.33000183105469,67.38999938964844,40855300
2012-03-27,60.3492431640625,68.20999908447266,68.48999786376953,68.12999725341797,68.16000366210938,37278200
2012-03-28,60.110355377197266,67.94000244140625,68.51000213623047,67.54000091552734,68.25,44421900
2012-03-29,59.88031768798828,67.68000030517578,67.93000030517578,67.19999694824219,67.5999984741211,53975300
2012-03-30,59.765296936035156,67.55000305175781,68.0199966430664,67.27999877929688,67.9800033569336,39480900
2012-04-02,60.38465118408203,68.25,68.33999633789062,67.36000061035156,67.4800033569336,40031600
2012-04-03,60.36695098876953,68.2300033569336,68.55000305175781,67.8499984741211,68.30999755859375,45539900
2012-04-04,59.54411315917969,67.30000305175781,67.76000213623047,66.91000366210938,67.72000122070312,54088100
2012-04-05,59.91572189331055,67.72000122070312,67.77999877929688,67.12999725341797,67.18000030517578,42979900
2012-04-09,59.46446990966797,67.20999908447266,67.4800033569336,66.76000213623047,66.87999725341797,36908200
2012-04-10,58.50895309448242,66.12999725341797,67.44000244140625,65.91999816894531,67.18000030517578,69254200
2012-04-11,58.79207229614258,66.44999694824219,66.88999938964844,66.27999877929688,66.70999908447266,62950000
2012-04-12,59.46446990966797,67.20999908447266,67.27999877929688,66.4800033569336,66.58000183105469,57407400
2012-04-13,58.562049865722656,66.19000244140625,67.19999694824219,66.16000366210938,66.9800033569336,55227500
2012-04-16,57.907325744628906,65.44999694824219,66.55999755859375,65.23999786376953,66.5199966430664,57588000
2012-04-17,59.084041595458984,66.77999877929688,66.98999786376953,65.62999725341797,65.7300033569336,47362400
2012-04-18,58.933631896972656,66.61000061035156,67.0,66.41000366210938,66.58999633789062,42536100
2012-04-19,58.27006149291992,65.86000061035156,67.16999816894531,65.62000274658203,66.37000274658203,81110900
2012-04-20,58.110816955566406,65.68000030517578,66.51000213623047,65.58000183105469,66.22000122070312,59906900
2012-04-23,57.57996368408203,65.08000183105469,65.18000030517578,64.48999786376953,65.05999755859375,70514400
2012-04-24,57.270286560058594,64.7300033569336,65.2300033569336,64.44999694824219,64.95999908447266,49661500
2012-04-25,58.79207229614258,66.44999694824219,66.48999786376953,65.97000122070312,66.06999969482422,57526900
2012-04-26,59.13710021972656,66.83999633789062,66.98999786376953,66.3499984741211,66.44000244140625,41799500
2012-04-27,59.49102783203125,67.23999786376953,67.44999694824219,66.7699966430664,67.12000274658203,46003800
2012-04-30,59.066341400146484,66.76000213623047,67.16999816894531,66.70999908447266,67.04000091552734,37787700
2012-05-01,59.163673400878906,66.87000274658203,67.62999725341797,66.58999633789062,66.69000244140625,37643800
2012-05-02,59.331790924072266,67.05999755859375,67.11000061035156,66.37999725341797,66.54000091552734,38299300
2012-05-03,58.7036018371582,66.3499984741211,67.1500015258789,66.18000030517578,67.0999984741211,51297600
2012-05-04,57.24373245239258,64.69999694824219,66.3499984741211,64.69000244140625,65.73999786376953,107554000
2012-05-07,57.296844482421875,64.76000213623047,65.06999969482422,64.29000091552734,64.30999755859375,50267800
2012-05-08,57.0844841003418,64.5199966430664,64.73999786376953,63.47999954223633,64.3499984741211,72659700
2012-05-09,56.907535552978516,64.31999969482422,64.68000030517578,63.5099983215332,63.77000045776367,85715300
2012-05-10,56.79252624511719,64.19000244140625,64.62999725341797,63.95000076293945,64.61000061035156,49448900
2012-05-11,56.783668518066406,64.18000030517578,64.86000061035156,63.90999984741211,63.970001220703125,47099900
2012-05-14,56.25283432006836,63.58000183105469,64.08000183105469,63.47999954223633,63.630001068115234,46360000
2012-05-15,56.0670166015625,63.369998931884766,64.2699966430664,63.2599983215332,63.75,66908600
2012-05-16,55.68656921386719,62.939998626708984,63.779998779296875,62.810001373291016,63.59000015258789,52825900
2012-05-17,54.509857177734375,61.61000061035156,63.060001373291016,61.599998474121094,62.959999084472656,62253900
2012-05-18,53.80204772949219,60.810001373291016,61.959999084472656,60.7599983215332,61.79999923706055,79496500
2012-05-21,55.30612564086914,62.5099983215332,62.56999969482422,60.849998474121094,60.93000030517578,61473000
2012-05-22,55.24420928955078,62.439998626708984,62.95000076293945,61.9900016784668,62.689998626708984,62954800
2012-05-23,55.350364685058594,62.560001373291016,62.709999084472656,61.369998931884766,61.90999984741211,56951100
2012-05-24,54.987606048583984,62.150001525878906,62.709999084472656,61.689998626708984,62.650001525878906,83131200
2012-05-25,54.91684341430664,62.06999969482422,62.31999969482422,61.88999938964844,62.209999084472656,32078900
2012-05-29,55.61581039428711,62.86000061035156,63.150001525878906,62.279998779296875,62.650001525878906,44216700
2012-05-30,55.14688491821289,62.33000183105469,62.54999923706055,61.68000030517578,62.290000915527344,56431800
2012-05-31,54.90799331665039,62.060001373291016,62.40999984741211,61.59000015258789,62.25,55260100
2012-06-01,53.44813919067383,60.40999984741211,61.31999969482422,60.38999938964844,60.939998626708984,71430800
2012-06-04,53.85512161254883,60.869998931884766,60.959999084472656,60.040000915527344,60.58000183105469,74119500
2012-06-05,54.07631301879883,61.119998931884766,61.2400016784668,60.630001068115234,60.65999984741211,47916900
2012-06-06,55.314979553222656,62.52000045776367,62.56999969482422,61.52000045776367,61.58000183105469,58781800
2012-06-07,55.09378433227539,62.27000045776367,63.18000030517578,62.220001220703125,63.18000030517578,38414800
2012-06-08,55.62464141845703,62.869998931884766,62.95000076293945,61.959999084472656,62.16999816894531,39730800
2012-06-11,54.68679428100586,61.810001373291016,63.380001068115234,61.77000045776367,63.349998474121094,51008900
2012-06-12,55.350364685058594,62.560001373291016,62.59000015258789,61.68000030517578,62.099998474121094,48802600
2012-06-13,54.969932556152344,62.130001068115234,62.849998474121094,61.91999816894531,62.380001068115234,50840100
2012-06-14,55.17342758178711,62.36000061035156,62.61000061035156,61.79999923706055,62.119998931884766,65170600
2012-06-15,55.85891342163086,62.9900016784668,63.08000183105469,62.36000061035156,62.38999938964844,41536100
2012-06-18,56.38211441040039,63.58000183105469,63.7400016784668,62.630001068115234,62.72999954223633,32191200
2012-06-19,56.96739196777344,64.23999786376953,64.51000213623047,63.849998474121094,63.900001525878906,36476500
2012-06-20,57.01172637939453,64.29000091552734,64.56999969482422,63.810001373291016,64.37999725341797,51389700
2012-06-21,55.59287643432617,62.689998626708984,64.30999755859375,62.619998931884766,64.23999786376953,42492700
2012-06-22,56.17814254760742,63.349998474121094,63.43000030517578,62.72999954223633,62.900001525878906,29504200
2012-06-25,55.09625244140625,62.130001068115234,62.849998474121094,61.95000076293945,62.83000183105469,33136400
2012-06-26,55.44209671020508,62.52000045776367,62.70000076293945,62.060001373291016,62.34000015258789,30611100
2012-06-27,55.77910232543945,62.900001525878906,63.18000030517578,62.689998626708984,62.7599983215332,35705800
2012-06-28,55.158329010009766,62.20000076293945,62.470001220703125,61.540000915527344,62.43000030517578,49793400
2012-06-29,56.89645004272461,64.16000366210938,64.16000366210938,63.209999084472656,63.400001525878906,44761300
2012-07-02,57.06492614746094,64.3499984741211,64.37999725341797,63.869998931884766,64.25,33425600
2012-07-03,57.54380416870117,64.88999938964844,64.88999938964844,64.29000091552734,64.38999938964844,15895100
2012-07-05,57.57926559448242,64.93000030517578,65.25,64.4800033569336,64.83000183105469,37016200
2012-07-06,56.86097717285156,64.12000274658203,64.69000244140625,63.650001525878906,64.62999725341797,40684100
2012-07-09,56.75456237792969,64.0,64.26000213623047,63.68000030517578,64.05000305175781,35628300
2012-07-10,56.19587326049805,63.369998931884766,64.51000213623047,63.119998931884766,64.3499984741211,47365700
2012-07-11,55.885501861572266,63.02000045776367,63.459999084472656,62.5,63.290000915527344,43432000
2012-07-12,55.36228942871094,62.43000030517578,62.689998626708984,61.86000061035156,62.52000045776367,57680400
2012-07-13,56.20476531982422,63.380001068115234,63.52000045776367,62.560001373291016,62.599998474121094,32357200
2012-07-16,56.04512023925781,63.20000076293945,63.52000045776367,62.95000076293945,63.2400016784668,27621400
2012-07-17,56.33777618408203,63.529998779296875,63.7400016784668,62.630001068115234,63.599998474121094,42467800
2012-07-18,57.100425720214844,64.38999938964844,64.58000183105469,63.38999938964844,63.40999984741211,44489700
2012-07-19,57.73002243041992,65.0999984741211,65.30999755859375,64.72000122070312,64.83999633789062,53017800
2012-07-20,56.96739196777344,64.23999786376953,65.0999984741211,64.20999908447266,65.08000183105469,40573100
2012-07-23,56.27568054199219,63.459999084472656,63.68000030517578,62.5099983215332,62.9900016784668,48657800
2012-07-24,55.83229064941406,62.959999084472656,63.65999984741211,62.54999923706055,63.56999969482422,57269700
2012-07-25,55.45985412597656,62.540000915527344,62.95000076293945,62.150001525878906,62.470001220703125,46264400
2012-07-26,56.19587326049805,63.369998931884766,63.72999954223633,62.970001220703125,63.439998626708984,41928200
2012-07-27,57.52607727050781,64.87000274658203,64.98999786376953,63.63999938964844,63.83000183105469,42621000
2012-07-30,57.48171615600586,64.81999969482422,65.30999755859375,64.5999984741211,65.02999877929688,37821300
2012-07-31,57.46400451660156,64.80000305175781,65.18000030517578,64.73999786376953,64.91999816894531,34588300
2012-08-01,57.295501708984375,64.61000061035156,65.27999877929688,64.3499984741211,65.26000213623047,30920200
2012-08-02,57.091529846191406,64.37999725341797,65.0199966430664,63.90999984741211,64.12000274658203,40534900
2012-08-03,58.173431396484375,65.5999984741211,65.87999725341797,65.19000244140625,65.41999816894531,42117400
2012-08-06,58.61681365966797,66.0999984741211,66.38999938964844,65.80000305175781,65.94000244140625,23523600
2012-08-07,59.104557037353516,66.6500015258789,66.91999816894531,66.27999877929688,66.37999725341797,28223300
2012-08-08,59.07794189453125,66.62000274658203,66.76000213623047,66.37000274658203,66.4800033569336,20723500
2012-08-09,59.25530242919922,66.81999969482422,66.91000366210938,66.48999786376953,66.61000061035156,20726200
2012-08-10,59.29077911376953,66.86000061035156,66.87999725341797,66.41000366210938,66.58000183105469,20312000
2012-08-13,59.43265914916992,67.0199966430664,67.02999877929688,66.5,66.83999633789062,19890300
2012-08-14,59.459259033203125,67.05000305175781,67.41000366210938,66.86000061035156,67.2699966430664,24218700
2012-08-15,59.61003875732422,67.22000122070312,67.31999969482422,66.98999786376953,67.0,29100400
2012-08-16,60.319427490234375,68.0199966430664,68.16999816894531,67.38999938964844,67.47000122070312,35699900
2012-08-17,60.585487365722656,68.31999969482422,68.33000183105469,68.01000213623047,68.16999816894531,22584800
2012-08-20,60.67414855957031,68.41999816894531,68.43000030517578,68.0,68.2699966430664,26924000
2012-08-21,60.43473434448242,68.1500015258789,68.87999725341797,67.87999725341797,68.5999984741211,41391000
2012-08-22,60.68302917480469,68.43000030517578,68.55999755859375,67.80999755859375,68.0,44555700
2012-08-23,60.18642807006836,67.87000274658203,68.33999633789062,67.69000244140625,68.12000274658203,28800400
2012-08-24,60.55887985229492,68.29000091552734,68.44999694824219,67.5999984741211,67.70999908447266,38384800
2012-08-27,60.656436920166016,68.4000015258789,68.66999816894531,68.25,68.58000183105469,20671400
2012-08-28,60.656436920166016,68.4000015258789,68.58999633789062,68.11000061035156,68.33999633789062,27337900
2012-08-29,60.656436920166016,68.4000015258789,68.56999969482422,68.11000061035156,68.4000015258789,26672400
2012-08-30,60.0445442199707,67.70999908447266,68.12999725341797,67.5999984741211,68.0999984741211,24425400
2012-08-31,60.44361877441406,68.16000366210938,68.44999694824219,67.47000122070312,68.19999694824219,42128000
2012-09-04,60.38151550292969,68.08999633789062,68.3499984741211,67.41999816894531,68.02999877929688,32017200
2012-09-05,60.319427490234375,68.0199966430664,68.3499984741211,67.83999633789062,68.05999755859375,26129300
2012-09-06,61.658512115478516,69.52999877929688,69.55000305175781,68.41999816894531,68.44000244140625,43100000
2012-09-07,61.56982421875,69.43000030517578,69.55000305175781,69.2300033569336,69.37000274658203,32958600
2012-09-10,60.780582427978516,68.54000091552734,69.4000015258789,68.48999786376953,69.25,25490000
2012-09-11,60.68302917480469,68.43000030517578,68.81999969482422,68.31999969482422,68.55000305175781,29810100
2012-09-12,60.86042404174805,68.62999725341797,68.80999755859375,68.20999908447266,68.68000030517578,42203400
2012-09-13,61.68512725830078,69.55999755859375,69.86000061035156,68.62000274658203,68.69000244140625,45417800
2012-09-14,62.234928131103516,70.18000030517578,70.43000030517578,69.79000091552734,69.80999755859375,38880300
2012-09-17,62.261539459228516,70.20999908447266,70.23999786376953,69.95999908447266,70.22000122070312,31798400
2012-09-18,62.31473159790039,70.2699966430664,70.30000305175781,70.0199966430664,70.02999877929688,27169800
2012-09-19,62.43000411987305,70.4000015258789,70.58000183105469,70.05999755859375,70.26000213623047,36484600
2012-09-20,62.36795425415039,70.33000183105469,70.4000015258789,69.87000274658203,70.05999755859375,42520200
2012-09-21,62.385719299316406,70.1500015258789,70.54000091552734,70.08000183105469,70.4800033569336,23678500
2012-09-24,62.02109909057617,69.73999786376953,69.86000061035156,69.41999816894531,69.56999969482422,32341600
2012-09-25,61.14956283569336,68.76000213623047,70.08000183105469,68.7300033569336,69.91999816894531,41299600
2012-09-26,60.651546478271484,68.19999694824219,68.70999908447266,67.8499984741211,68.66999816894531,32770400
2012-09-27,61.48749923706055,69.13999938964844,69.30000305175781,68.25,68.37000274658203,25339500
2012-09-28,60.980587005615234,68.56999969482422,69.12000274658203,68.51000213623047,68.91000366210938,30112600
2012-10-01,60.89167022705078,68.47000122070312,69.33000183105469,68.25,68.9000015258789,37715300
2012-10-02,61.06954574584961,68.66999816894531,68.9800033569336,68.12999725341797,68.7699966430664,33254300
2012-10-03,61.460845947265625,69.11000061035156,69.23999786376953,68.58999633789062,68.86000061035156,38236000
2012-10-04,61.67424774169922,69.3499984741211,69.54000091552734,69.0,69.22000122070312,26128600
2012-10-05,61.34523010253906,68.9800033569336,69.80000305175781,68.80000305175781,69.69999694824219,25207900
2012-10-08,60.78496170043945,68.3499984741211,68.72000122070312,68.19000244140625,68.58000183105469,30911500
2012-10-09,59.81558609008789,67.26000213623047,68.33999633789062,67.0999984741211,68.16999816894531,67974000
2012-10-10,59.51322555541992,66.91999816894531,67.43000030517578,66.80000305175781,67.23999786376953,45134300
2012-10-11,59.32647705078125,66.70999908447266,67.47000122070312,66.66999816894531,67.41999816894531,30469400
2012-10-12,59.2998046875,66.68000030517578,67.05999755859375,66.55000305175781,66.69999694824219,24891200
2012-10-15,59.73556900024414,67.16999816894531,67.26000213623047,66.52999877929688,66.93000030517578,22220100
2012-10-16,60.58041000366211,68.12000274658203,68.19999694824219,67.25,67.2699966430664,33960600
2012-10-17,60.544837951660156,68.08000183105469,68.30000305175781,67.68000030517578,67.7699966430664,33439400
2012-10-18,59.84226989746094,67.29000091552734,68.08000183105469,67.04000091552734,67.86000061035156,61707600
2012-10-19,58.41046142578125,65.68000030517578,67.2699966430664,65.5999984741211,67.20999908447266,75362600
2012-10-22,58.71282196044922,66.0199966430664,66.19000244140625,65.5,65.6500015258789,38621500
2012-10-23,58.15256118774414,65.38999938964844,65.94999694824219,65.19000244140625,65.4800033569336,52591200
2012-10-24,57.948028564453125,65.16000366210938,65.87000274658203,65.05999755859375,65.76000213623047,39872400
2012-10-25,57.948028564453125,65.16000366210938,65.72000122070312,64.97000122070312,65.61000061035156,52688700
2012-10-26,58.11699676513672,65.3499984741211,65.62000274658203,64.6500015258789,65.16000366210938,54213100
2012-10-31,57.761260986328125,64.94999694824219,65.38999938964844,64.7300033569336,65.2699966430664,38524500
2012-11-01,58.57943344116211,65.87000274658203,66.0,65.16999816894531,65.36000061035156,26945000
2012-11-02,57.9569206237793,65.16999816894531,66.20999908447266,65.11000061035156,66.16999816894531,44083000
2012-11-05,58.33933639526367,65.5999984741211,65.7300033569336,65.04000091552734,65.18000030517578,28094700
2012-11-06,58.4460563659668,65.72000122070312,66.16999816894531,65.45999908447266,65.70999908447266,29608400
2012-11-07,57.06759262084961,64.16999816894531,65.0999984741211,63.900001525878906,65.0199966430664,70737800
2012-11-08,56.169376373291016,63.15999984741211,64.5,63.15999984741211,64.3499984741211,58585800
2012-11-09,56.409515380859375,63.43000030517578,64.11000061035156,63.15999984741211,63.20000076293945,51542100
2012-11-12,56.400604248046875,63.41999816894531,63.869998931884766,63.25,63.79999923706055,32663700
2012-11-13,56.00929641723633,62.97999954223633,63.58000183105469,62.779998779296875,62.93000030517578,43288300
2012-11-14,55.35123062133789,62.2400016784668,63.36000061035156,62.13999938964844,63.290000915527344,82655300
2012-11-15,55.16444778442383,62.029998779296875,62.4900016784668,61.79999923706055,62.279998779296875,55124200
2012-11-16,55.40458679199219,62.29999923706055,62.47999954223633,61.310001373291016,62.08000183105469,70873100
2012-11-19,56.720760345458984,63.779998779296875,63.83000183105469,62.959999084472656,62.97999954223633,55306400
2012-11-20,56.738555908203125,63.79999923706055,63.88999938964844,63.189998626708984,63.7599983215332,52012700
2012-11-21,56.854156494140625,63.93000030517578,64.0199966430664,63.599998474121094,63.869998931884766,19611700
2012-11-23,57.71681594848633,64.9000015258789,64.91999816894531,64.25,64.29000091552734,16462900
2012-11-26,57.9658203125,65.18000030517578,65.22000122070312,64.54000091552734,64.73999786376953,26430900
2012-11-27,57.77019500732422,64.95999908447266,65.4000015258789,64.8499984741211,65.16999816894531,25828600
2012-11-28,58.26816940307617,65.5199966430664,65.56999969482422,64.25,64.6500015258789,37295800
2012-11-29,58.61502456665039,65.91000366210938,66.13999938964844,65.58000183105469,65.87000274658203,41136100
2012-11-30,58.51720428466797,65.80000305175781,65.97000122070312,65.61000061035156,65.91999816894531,33497400
2012-12-03,58.40157699584961,65.66999816894531,66.37000274658203,65.63999938964844,66.30999755859375,28240000
2012-12-04,58.36599349975586,65.62999725341797,65.7699966430664,65.19999694824219,65.69999694824219,49584500
2012-12-05,57.71681594848633,64.9000015258789,65.54000091552734,64.55000305175781,65.52999877929688,54076200
2012-12-06,58.09031677246094,65.31999969482422,65.4800033569336,64.52999877929688,64.69999694824219,47512300
2012-12-07,57.74348068237305,64.93000030517578,65.70999908447266,64.70999908447266,65.63999938964844,30089400
2012-12-10,57.91246032714844,65.12000274658203,65.45999908447266,64.75,64.75,33219600
2012-12-11,58.668373107910156,65.97000122070312,66.33999633789062,65.5199966430664,65.56999969482422,40750800
2012-12-12,58.54387664794922,65.83000183105469,66.31999969482422,65.6500015258789,66.31999969482422,45917700
2012-12-13,58.081424713134766,65.30999755859375,66.16000366210938,65.02999877929688,65.69999694824219,45467700
2012-12-14,57.530059814453125,64.69000244140625,65.08000183105469,64.47000122070312,64.87000274658203,39630300
2012-12-17,58.29484558105469,65.55000305175781,65.56999969482422,64.66000366210938,64.75,42302900
2012-12-18,59.18418502807617,66.55000305175781,66.6500015258789,65.69999694824219,65.87999725341797,55596000
2012-12-19,58.926273345947266,66.26000213623047,66.76000213623047,66.22000122070312,66.73999786376953,34832500
2012-12-20,58.926273345947266,66.26000213623047,66.41000366210938,65.93000030517578,66.37999725341797,40754300
2012-12-21,58.30656051635742,65.19999694824219,65.27999877929688,64.5999984741211,64.87999725341797,51152900
2012-12-24,58.190284729003906,65.06999969482422,65.13999938964844,64.91999816894531,65.02999877929688,11418300
2012-12-26,57.6805419921875,64.5,65.18000030517578,64.29000091552734,65.12000274658203,21751300
2012-12-27,57.59113311767578,64.4000015258789,64.63999938964844,63.599998474121094,64.55999755859375,52933200
2012-12-28,57.036685943603516,63.779998779296875,64.43000030517578,63.75,63.90999984741211,33082100
2012-12-31,58.24393844604492,65.12999725341797,65.25,63.58000183105469,63.709999084472656,57544000
2013-01-02,60.095069885253906,67.19999694824219,67.2300033569336,66.4800033569336,66.7300033569336,70695900
2013-01-03,59.78209686279297,66.8499984741211,67.33999633789062,66.6500015258789,67.19999694824219,47366500
2013-01-04,59.58536148071289,66.62999725341797,66.87999725341797,66.47000122070312,66.87999725341797,33972500
2013-01-07,59.603248596191406,66.6500015258789,66.76000213623047,66.25,66.45999908447266,26766200
2013-01-08,59.48698806762695,66.5199966430664,66.81999969482422,66.16999816894531,66.63999938964844,28734900
2013-01-09,59.7105712890625,66.7699966430664,66.94999694824219,66.55000305175781,66.62000274658203,25600300
2013-01-10,60.068260192871094,67.16999816894531,67.2699966430664,66.55000305175781,67.2300033569336,37528000
2013-01-11,60.14875030517578,67.26000213623047,67.29000091552734,67.0,67.13999938964844,21158600
2013-01-14,59.88044738769531,66.95999908447266,67.1500015258789,66.66999816894531,66.91999816894531,36768500
2013-01-15,59.58536148071289,66.62999725341797,66.7300033569336,66.33000183105469,66.62999725341797,31675300
2013-01-16,59.82680130004883,66.9000015258789,67.12999725341797,66.5999984741211,66.72000122070312,33822300
2013-01-17,60.11296844482422,67.22000122070312,67.4800033569336,67.05999755859375,67.16999816894531,32024200
2013-01-18,59.97883987426758,67.06999969482422,67.13999938964844,66.7699966430664,67.0199966430664,31992000
2013-01-22,60.07721710205078,67.18000030517578,67.2300033569336,66.7300033569336,67.13999938964844,32123100
2013-01-23,60.443851470947266,67.58999633789062,67.79000091552734,67.45999908447266,67.55999755859375,31975700
2013-01-24,59.61217498779297,66.66000366210938,67.27999877929688,66.55999755859375,66.66000366210938,42596300
2013-01-25,59.91623306274414,67.0,67.19000244140625,66.73999786376953,66.87000274658203,39240100
2013-01-28,60.05036926269531,67.1500015258789,67.37999725341797,66.93000030517578,67.01000213623047,32926100
2013-01-29,60.059329986572266,67.16000366210938,67.30999755859375,66.62999725341797,67.06999969482422,35554700
2013-01-30,59.93409729003906,67.0199966430664,67.4800033569336,66.87000274658203,67.27999877929688,34445000
2013-01-31,59.800010681152344,66.87000274658203,67.3499984741211,66.80999755859375,66.98999786376953,34870500
2013-02-01,60.506431579589844,67.66000366210938,67.77999877929688,67.06999969482422,67.33999633789062,53120800
2013-02-04,59.45121383666992,66.4800033569336,67.45999908447266,66.45999908447266,67.2699966430664,48483700
2013-02-05,60.327606201171875,67.45999908447266,67.66999816894531,66.61000061035156,66.7699966430664,35120300
2013-02-06,60.13087463378906,67.23999786376953,67.55000305175781,67.04000091552734,67.23999786376953,43593200
2013-02-07,60.18449783325195,67.30000305175781,67.37000274658203,66.55999755859375,67.31999969482422,46017900
2013-02-08,60.80155944824219,67.98999786376953,68.12999725341797,67.62999725341797,67.63999938964844,39837200
2013-02-11,60.8194465637207,68.01000213623047,68.05999755859375,67.77999877929688,68.02999877929688,17650400
2013-02-12,60.56906509399414,67.7300033569336,68.05000305175781,67.66000366210938,67.91999816894531,22057900
2013-02-13,60.78369903564453,67.97000122070312,68.2300033569336,67.7699966430664,67.93000030517578,23494700
2013-02-14,60.765769958496094,67.94999694824219,68.05000305175781,67.62000274658203,67.66000366210938,24478800
2013-02-15,60.58692932128906,67.75,68.11000061035156,67.55999755859375,67.94000244140625,25333600
2013-02-19,61.025142669677734,68.23999786376953,68.26000213623047,67.86000061035156,67.87999725341797,23436500
2013-02-20,60.086158752441406,67.19000244140625,68.25,67.18000030517578,68.22000122070312,38200300
2013-02-21,59.44227600097656,66.47000122070312,67.01000213623047,66.2300033569336,66.94000244140625,45855600
2013-02-22,60.04143142700195,67.13999938964844,67.1500015258789,66.58999633789062,66.8499984741211,21968000
2013-02-25,59.29917526245117,66.30999755859375,67.80999755859375,66.25,67.56999969482422,40927600
2013-02-26,59.52275848388672,66.55999755859375,66.68000030517578,65.95999908447266,66.4000015258789,42088800
2013-02-27,60.13087463378906,67.23999786376953,67.6500015258789,66.47000122070312,66.55999755859375,36339500
2013-02-28,60.005653381347656,67.0999984741211,67.73999786376953,67.08999633789062,67.25,28557300
2013-03-01,60.25606155395508,67.37999725341797,67.5,66.54000091552734,66.87000274658203,31617200
2013-03-04,60.524356842041016,67.68000030517578,67.69000244140625,67.06999969482422,67.16000366210938,19380500
2013-03-05,61.41858673095703,68.68000030517578,68.7699966430664,68.08000183105469,68.08000183105469,35581900
2013-03-06,61.266597747802734,68.51000213623047,68.91000366210938,68.41999816894531,68.88999938964844,29071100
2013-03-07,61.42755889892578,68.69000244140625,68.80000305175781,68.44999694824219,68.58999633789062,21775900
2013-03-08,61.49909210205078,68.7699966430664,69.0199966430664,68.5,68.91999816894531,26159900
2013-03-11,61.67797088623047,68.97000122070312,68.98999786376953,68.47000122070312,68.68000030517578,23187900
2013-03-12,61.454410552978516,68.72000122070312,68.93000030517578,68.38999938964844,68.7699966430664,27575400
2013-03-13,61.37391662597656,68.62999725341797,68.88999938964844,68.38999938964844,68.80999755859375,34297300
2013-03-14,61.57959747314453,68.86000061035156,69.01000213623047,68.70999908447266,68.87000274658203,31530800
2013-03-15,61.408363342285156,68.51000213623047,68.79000091552734,68.33999633789062,68.75,30752600
2013-03-18,61.27390670776367,68.36000061035156,68.63999938964844,67.7300033569336,67.87999725341797,36163000
2013-03-19,61.157413482666016,68.2300033569336,68.69999694824219,67.62000274658203,68.56999969482422,33125100
2013-03-20,61.58763122558594,68.70999908447266,68.86000061035156,68.38999938964844,68.70999908447266,28035400
2013-03-21,60.88850402832031,67.93000030517578,68.25,67.7699966430664,68.08000183105469,30050800
2013-03-22,61.480072021484375,68.58999633789062,68.63999938964844,68.12999725341797,68.20999908447266,28837200
2013-03-25,61.256004333496094,68.33999633789062,68.95999908447266,68.01000213623047,68.80999755859375,24909800
2013-03-26,61.58763122558594,68.70999908447266,68.7300033569336,68.44999694824219,68.5999984741211,19725200
2013-03-27,61.66831970214844,68.80000305175781,68.8499984741211,68.13999938964844,68.23999786376953,22539500
2013-03-28,61.82069396972656,68.97000122070312,69.05999755859375,68.63999938964844,68.80000305175781,23662800
2013-04-01,61.3994255065918,68.5,69.08999633789062,68.30999755859375,69.0199966430664,28112800
2013-04-02,61.88345718383789,69.04000091552734,69.2699966430664,68.7699966430664,68.83000183105469,29431900
2013-04-03,61.31875991821289,68.41000366210938,69.18000030517578,68.23999786376953,69.08000183105469,35131200
2013-04-04,61.33667755126953,68.43000030517578,68.5999984741211,68.05999755859375,68.37999725341797,32287400
2013-04-05,60.825740814208984,67.86000061035156,67.95999908447266,67.19000244140625,67.3499984741211,55610800
2013-04-08,61.1484375,68.22000122070312,68.23999786376953,67.69000244140625,67.88999938964844,17891600
2013-04-09,61.56072998046875,68.68000030517578,68.95999908447266,68.08999633789062,68.4000015258789,30931400
2013-04-10,62.761837005615234,70.0199966430664,70.16999816894531,68.87999725341797,68.91999816894531,55271300
2013-04-11,62.734962463378906,69.98999786376953,70.1500015258789,69.7699966430664,69.8499984741211,37233600
2013-04-12,62.69015121459961,69.94000244140625,69.98999786376953,69.41000366210938,69.81999969482422,32783700
2013-04-15,61.45321273803711,68.55999755859375,69.79000091552734,68.4800033569336,69.68000030517578,48795800
2013-04-16,62.268856048583984,69.47000122070312,69.55000305175781,68.80999755859375,68.94999694824219,27682600
2013-04-17,61.04985427856445,68.11000061035156,68.88999938964844,67.70999908447266,68.87000274658203,60204800
2013-04-18,60.20729446411133,67.16999816894531,68.33000183105469,66.87999725341797,68.29000091552734,56798200
2013-04-19,61.031917572021484,68.08999633789062,68.2300033569336,67.19999694824219,67.30000305175781,43062800
2013-04-22,61.65937423706055,68.79000091552734,69.04000091552734,68.08000183105469,68.33000183105469,34412100
2013-04-23,62.25093078613281,69.44999694824219,69.69999694824219,68.81999969482422,69.18000030517578,53078300
2013-04-24,62.22404861450195,69.41999816894531,69.66999816894531,69.12000274658203,69.27999877929688,44500700
2013-04-25,62.55567932128906,69.79000091552734,70.05000305175781,69.58999633789062,69.5999984741211,26437100
2013-04-26,62.35848617553711,69.56999969482422,69.7699966430664,69.2699966430664,69.62000274658203,24079800
2013-04-29,62.932151794433594,70.20999908447266,70.4800033569336,69.76000213623047,69.79000091552734,31664000
2013-04-30,63.3892822265625,70.72000122070312,70.7300033569336,70.04000091552734,70.30000305175781,30135800
2013-05-01,63.09349822998047,70.38999938964844,70.8499984741211,70.25,70.73999786376953,28537200
2013-05-02,63.89122009277344,71.27999877929688,71.43000030517578,70.44999694824219,70.51000213623047,31744200
2013-05-03,64.64419555664062,72.12000274658203,72.33999633789062,71.91000366210938,71.97000122070312,34061700
2013-05-06,64.89515686035156,72.4000015258789,72.51000213623047,72.19000244140625,72.25,19244300
2013-05-07,64.85930633544922,72.36000061035156,72.56999969482422,72.08999633789062,72.5199966430664,25838100
2013-05-08,65.17301177978516,72.70999908447266,72.7699966430664,72.19999694824219,72.31999969482422,24252100
2013-05-09,65.08336639404297,72.61000061035156,73.0999984741211,72.47000122070312,72.56999969482422,29337200
2013-05-10,65.4777603149414,73.05000305175781,73.08000183105469,72.62999725341797,72.76000213623047,20663700
2013-05-13,65.55841827392578,73.13999938964844,73.31999969482422,72.86000061035156,72.93000030517578,29730100
2013-05-14,65.89903259277344,73.5199966430664,73.73999786376953,73.12999725341797,73.16000366210938,36009800
2013-05-15,66.0334701538086,73.66999816894531,73.73999786376953,73.19999694824219,73.37999725341797,27214400
2013-05-16,65.96176147460938,73.58999633789062,74.0999984741211,73.55000305175781,73.7300033569336,27253400
2013-05-17,66.59819793701172,74.30000305175781,74.33000183105469,73.7300033569336,73.97000122070312,31114500
2013-05-20,66.49960327148438,74.19000244140625,74.43000030517578,73.88999938964844,74.16000366210938,25132400
2013-05-21,66.57129669189453,74.2699966430664,74.54000091552734,73.88999938964844,74.1500015258789,25900000
2013-05-22,65.98867797851562,73.62000274658203,74.94999694824219,73.23999786376953,74.36000061035156,59843200
2013-05-23,65.8363037109375,73.44999694824219,73.69999694824219,72.83000183105469,72.97000122070312,48222100
2013-05-24,65.80047607421875,73.41000366210938,73.43000030517578,72.76000213623047,72.95999908447266,26430300
2013-05-28,66.23069763183594,73.88999938964844,74.54000091552734,73.66000366210938,74.2699966430664,27057100
2013-05-29,65.9169921875,73.54000091552734,73.80000305175781,73.12000274658203,73.5999984741211,32090300
2013-05-30,66.26655578613281,73.93000030517578,74.27999877929688,73.55000305175781,73.56999969482422,32390500
2013-05-31,65.65705871582031,73.25,74.20999908447266,73.16999816894531,73.6500015258789,38347600
2013-06-03,65.77356719970703,73.37999725341797,73.4000015258789,72.43000030517578,73.26000213623047,47613100
2013-06-04,65.43295288085938,73.0,73.81999969482422,72.69999694824219,73.52999877929688,35251900
2013-06-05,64.58143615722656,72.05000305175781,73.04000091552734,71.98999786376953,72.76000213623047,48654200
2013-06-06,64.89515686035156,72.4000015258789,72.41000366210938,71.47000122070312,72.1500015258789,62524100
2013-06-07,65.78250885009766,73.38999938964844,73.47000122070312,72.5199966430664,72.69999694824219,31969800
2013-06-10,65.8094253540039,73.41999816894531,73.76000213623047,73.26000213623047,73.52999877929688,25390000
2013-06-11,65.15509796142578,72.69000244140625,73.33999633789062,72.44000244140625,72.69000244140625,40278900
2013-06-12,64.40217590332031,71.8499984741211,73.13999938964844,71.73999786376953,73.11000061035156,42081900
2013-06-13,65.21780395507812,72.76000213623047,72.91999816894531,71.55000305175781,71.75,28221500
2013-06-14,64.78755950927734,72.27999877929688,72.83999633789062,72.16999816894531,72.76000213623047,27690700
2013-06-17,65.4150390625,72.9800033569336,73.4000015258789,72.5999984741211,72.8499984741211,32441900
2013-06-18,65.95282745361328,73.58000183105469,73.72000122070312,73.05999755859375,73.08000183105469,24853100
2013-06-19,65.21780395507812,72.76000213623047,73.68000030517578,72.68000030517578,73.5999984741211,43145100
2013-06-20,63.667152404785156,71.02999877929688,72.16000366210938,70.79000091552734,71.91999816894531,60908400
2013-06-21,63.3290901184082,70.43000030517578,70.97000122070312,69.83999633789062,70.77999877929688,51558900
2013-06-24,62.69963073730469,69.7300033569336,70.2699966430664,69.1500015258789,69.8499984741211,41492300
2013-06-25,63.158226013183594,70.23999786376953,70.5199966430664,69.80999755859375,70.4000015258789,28897400
2013-06-26,63.72475051879883,70.87000274658203,71.0,70.58999633789062,70.83999633789062,23742300
2013-06-27,63.994483947753906,71.16999816894531,71.62000274658203,71.12999725341797,71.23999786376953,23545000
2013-06-28,64.08440399169922,71.2699966430664,71.69000244140625,70.79000091552734,70.94999694824219,28301100
2013-07-01,64.48001861572266,71.70999908447266,72.30000305175781,71.63999938964844,71.75,24942800
2013-07-02,64.5069808959961,71.73999786376953,72.18000030517578,71.3499984741211,71.68000030517578,23067900
2013-07-03,64.76775360107422,72.02999877929688,72.37000274658203,71.41999816894531,71.4800033569336,18847500
2013-07-05,65.26231384277344,72.58000183105469,72.61000061035156,71.86000061035156,72.44000244140625,28795900
2013-07-08,65.32524871826172,72.6500015258789,72.98999786376953,72.37999725341797,72.95999908447266,20558500
2013-07-09,65.72089385986328,73.08999633789062,73.25,72.6500015258789,72.98999786376953,26108600
2013-07-10,66.09854888916016,73.51000213623047,73.62000274658203,72.9800033569336,73.0199966430664,25598900
2013-07-11,67.41136169433594,74.97000122070312,75.02999877929688,74.25,74.30000305175781,47768900
2013-07-12,67.70803833007812,75.30000305175781,75.3499984741211,74.81999969482422,75.0199966430664,31412600
2013-07-15,67.86093139648438,75.47000122070312,75.5199966430664,75.16999816894531,75.37999725341797,19783600
2013-07-16,67.77104949951172,75.37000274658203,75.58999633789062,75.18000030517578,75.52999877929688,31747100
2013-07-17,67.94183349609375,75.55999755859375,75.73999786376953,75.3499984741211,75.5999984741211,24631500
2013-07-18,67.77104949951172,75.37000274658203,75.73999786376953,75.25,75.55000305175781,36278800
2013-07-19,67.06966400146484,74.58999633789062,74.73999786376953,74.37000274658203,74.72000122070312,37732400
2013-07-22,67.2674560546875,74.80999755859375,74.9800033569336,74.58000183105469,74.87000274658203,21135900
2013-07-23,66.77294158935547,74.26000213623047,74.95999908447266,74.19999694824219,74.94999694824219,24739500
2013-07-24,66.98872375488281,74.5,75.0199966430664,74.33000183105469,74.98999786376953,24426900
2013-07-25,67.41136169433594,74.97000122070312,75.05999755859375,74.45999908447266,74.8499984741211,23162200
2013-07-26,67.77104949951172,75.37000274658203,75.37999725341797,74.55000305175781,74.66999816894531,20885600
2013-07-29,67.6451416015625,75.2300033569336,75.54000091552734,75.02999877929688,75.22000122070312,20958400
2013-07-30,68.00480651855469,75.62999725341797,75.94999694824219,75.3499984741211,75.5,24104600
2013-07-31,68.13067626953125,75.7699966430664,76.20999908447266,75.62999725341797,75.77999877929688,25007600
2013-08-01,68.82306671142578,76.54000091552734,76.6500015258789,76.20999908447266,76.29000091552734,16880000
2013-08-02,69.20970916748047,76.97000122070312,76.98999786376953,76.37999725341797,76.55000305175781,18105300
2013-08-05,69.25464630126953,77.0199966430664,77.08000183105469,76.77999877929688,76.93000030517578,15462800
2013-08-06,68.84100341796875,76.55999755859375,76.98999786376953,76.25,76.91999816894531,23675400
2013-08-07,68.71511840820312,76.41999816894531,76.56999969482422,75.87000274658203,76.33999633789062,20281200
2013-08-08,69.05683135986328,76.80000305175781,76.9800033569336,76.30000305175781,76.83999633789062,19994000
2013-08-09,68.77809143066406,76.48999786376953,76.94000244140625,76.2699966430664,76.66999816894531,18558500
2013-08-12,68.93992614746094,76.66999816894531,76.80999755859375,76.19000244140625,76.19999694824219,20515900
2013-08-13,69.3265609741211,77.0999984741211,77.2699966430664,76.22000122070312,76.7699966430664,23917000
2013-08-14,69.06582641601562,76.80999755859375,77.18000030517578,76.69999694824219,77.06999969482422,29921000
2013-08-15,67.89685821533203,75.51000213623047,75.98999786376953,75.29000091552734,75.94999694824219,39406600
2013-08-16,67.86991882324219,75.4800033569336,75.87000274658203,75.3499984741211,75.5199966430664,23825000
2013-08-19,67.7530288696289,75.3499984741211,76.12999725341797,75.33000183105469,75.48999786376953,29586900
2013-08-20,68.04973602294922,75.68000030517578,76.02999877929688,75.43000030517578,75.48999786376953,18842800
2013-08-21,67.81594848632812,75.41999816894531,76.08999633789062,75.13999938964844,75.44000244140625,30705100
2013-08-22,68.48136138916016,76.16000366210938,76.20999908447266,75.70999908447266,75.75,17269500
2013-08-23,68.93992614746094,76.66999816894531,76.7699966430664,76.4000015258789,76.69999694824219,20697300
2013-08-26,68.97589874267578,76.70999908447266,77.27999877929688,76.55000305175781,76.7300033569336,27525500
2013-08-27,67.56421661376953,75.13999938964844,76.18000030517578,74.95999908447266,75.80000305175781,40068900
2013-08-28,67.8249740600586,75.43000030517578,75.75,75.05000305175781,75.05000305175781,20490400
2013-08-29,68.30154418945312,75.95999908447266,76.33999633789062,75.30000305175781,75.41000366210938,27287900
2013-08-30,67.86093139648438,75.47000122070312,76.04000091552734,75.19999694824219,76.04000091552734,26228500
2013-09-03,68.24755096435547,75.9000015258789,76.44000244140625,75.54000091552734,76.08999633789062,27241500
2013-09-04,68.97589874267578,76.70999908447266,76.83999633789062,75.93000030517578,76.16000366210938,27142900
2013-09-05,69.09280395507812,76.83999633789062,77.05999755859375,76.7300033569336,76.76000213623047,17809700
2013-09-06,69.17372131347656,76.93000030517578,77.33999633789062,76.05000305175781,77.0999984741211,27715100
2013-09-09,69.98297882080078,77.83000183105469,77.95999908447266,77.2300033569336,77.26000213623047,25161900
2013-09-10,70.32466125488281,78.20999908447266,78.31999969482422,77.91999816894531,78.27999877929688,27619400
2013-09-11,70.18980407714844,78.05999755859375,78.11000061035156,77.58999633789062,77.69000244140625,28132900
2013-09-12,70.14482116699219,78.01000213623047,78.25,77.8499984741211,78.08000183105469,18332700
2013-09-13,70.18980407714844,78.05999755859375,78.13999938964844,77.63999938964844,78.08999633789062,16932500
2013-09-16,70.00093841552734,77.8499984741211,78.72000122070312,77.66999816894531,78.72000122070312,25704300
2013-09-17,70.46851348876953,78.37000274658203,78.47000122070312,77.9800033569336,78.0199966430664,27174300
2013-09-18,71.31375885009766,79.30999755859375,79.47000122070312,78.33000183105469,78.48999786376953,31714700
2013-09-19,71.48462677001953,79.5,79.69000244140625,79.36000061035156,79.55999755859375,26435700
2013-09-20,71.23929595947266,78.98999786376953,79.54000091552734,78.94999694824219,79.44999694824219,26328900
2013-09-23,71.0949935913086,78.83000183105469,79.41000366210938,78.45999908447266,79.31999969482422,30319400
2013-09-24,71.0949935913086,78.83000183105469,79.25,78.56999969482422,79.0,21871300
2013-09-25,70.85151672363281,78.55999755859375,79.0,78.4000015258789,78.88999938964844,22746400
2013-09-26,71.4016342163086,79.16999816894531,79.36000061035156,78.8499984741211,78.87999725341797,22421700
2013-09-27,71.31145477294922,79.06999969482422,79.20999908447266,78.58999633789062,78.70999908447266,25151600
2013-09-30,71.14007568359375,78.87999725341797,79.08999633789062,78.0,78.25,28031900
2013-10-01,71.86162567138672,79.68000030517578,79.72000122070312,78.8499984741211,78.88999938964844,33129700
2013-10-02,71.83454895019531,79.6500015258789,79.76000213623047,79.05999755859375,79.13999938964844,25503800
2013-10-03,70.99581146240234,78.72000122070312,79.72000122070312,78.30000305175781,79.55000305175781,42998200
2013-10-04,71.60906219482422,79.4000015258789,79.51000213623047,78.6500015258789,78.72000122070312,22852700
2013-10-07,71.01382446289062,78.73999786376953,79.3499984741211,78.66999816894531,78.69999694824219,20227100
2013-10-08,69.64297485351562,77.22000122070312,78.80999755859375,77.19000244140625,78.73999786376953,43660700
2013-10-09,69.42652893066406,76.9800033569336,77.44000244140625,76.3499984741211,77.4000015258789,64526700
2013-10-10,70.89656066894531,78.61000061035156,78.79000091552734,77.79000091552734,77.80999755859375,48062700
2013-10-11,71.45576477050781,79.2300033569336,79.29000091552734,78.4000015258789,78.41000366210938,25214100
2013-10-14,71.96080017089844,79.79000091552734,79.79000091552734,78.68000030517578,78.73999786376953,31471900
2013-10-15,71.68123626708984,79.4800033569336,80.11000061035156,79.37999725341797,79.7300033569336,38684000
2013-10-16,72.49292755126953,80.37999725341797,80.41999816894531,79.79000091552734,79.8499984741211,46735900
2013-10-17,72.90777587890625,80.83999633789062,80.87000274658203,79.94999694824219,80.0199966430664,32193500
2013-10-18,74.0892105102539,82.1500015258789,82.18000030517578,81.3499984741211,81.58000183105469,39628200
2013-10-21,74.2515640258789,82.33000183105469,82.54000091552734,82.06999969482422,82.33999633789062,31176900
2013-10-22,74.35983276367188,82.44999694824219,82.9000015258789,81.93000030517578,82.6500015258789,43944800
2013-10-23,73.90885162353516,81.94999694824219,82.19999694824219,81.55000305175781,82.05000305175781,38021300
2013-10-24,74.2335433959961,82.30999755859375,82.4800033569336,81.87999725341797,82.0,23155100
2013-10-25,74.76565551757812,82.9000015258789,83.27999877929688,82.5,83.08000183105469,35824500
2013-10-28,74.78367614746094,82.91999816894531,83.05000305175781,82.55000305175781,82.91000366210938,28618400
2013-10-29,74.90995788574219,83.05999755859375,83.26000213623047,82.69999694824219,83.19999694824219,36878100
2013-10-30,74.8377914428711,82.9800033569336,83.48999786376953,82.58000183105469,83.3499984741211,33535500
2013-10-31,74.66643524169922,82.79000091552734,83.30000305175781,82.4800033569336,82.7699966430664,31309900
2013-11-01,74.68447875976562,82.80999755859375,83.16999816894531,82.4000015258789,83.06999969482422,30867800
2013-11-04,74.79270935058594,82.93000030517578,83.06999969482422,82.63999938964844,83.05999755859375,16834000
2013-11-05,74.87387084960938,83.0199966430664,83.22000122070312,82.37000274658203,82.61000061035156,27975600
2013-11-06,74.85581970214844,83.0,83.4000015258789,82.7300033569336,83.37000274658203,25576800
2013-11-07,73.44889068603516,81.44000244140625,83.12999725341797,81.37000274658203,83.01000213623047,52173200
2013-11-08,74.44093322753906,82.54000091552734,82.55999755859375,81.51000213623047,81.73999786376953,31470500
2013-11-11,74.32373809814453,82.41000366210938,82.63999938964844,82.13999938964844,82.41999816894531,24822900
2013-11-12,74.44093322753906,82.54000091552734,82.66000366210938,82.12000274658203,82.16000366210938,20108500
2013-11-13,75.34282684326172,83.54000091552734,83.55000305175781,82.0,82.0,31345900
2013-11-14,75.57733154296875,83.80000305175781,83.86000061035156,83.13999938964844,83.31999969482422,31101200
2013-11-15,75.72164916992188,83.95999908447266,83.95999908447266,83.61000061035156,83.81999969482422,20511300
2013-11-18,74.9820556640625,83.13999938964844,84.11000061035156,82.9800033569336,83.94000244140625,31679600
2013-11-19,74.76565551757812,82.9000015258789,83.48999786376953,82.76000213623047,83.08999633789062,25545300
2013-11-20,74.58528137207031,82.69999694824219,83.43000030517578,82.45999908447266,83.12000274658203,32177400
2013-11-21,75.34282684326172,83.54000091552734,83.61000061035156,82.9800033569336,83.05000305175781,28125000
2013-11-22,75.7486801147461,83.98999786376953,84.0199966430664,83.62000274658203,83.68000030517578,25361300
2013-11-25,75.92903900146484,84.19000244140625,84.37999725341797,83.9800033569336,84.29000091552734,21695100
2013-11-26,76.32588958740234,84.62999725341797,84.83999633789062,84.02999877929688,84.20999908447266,26621000
2013-11-27,76.85797119140625,85.22000122070312,85.23999786376953,84.7300033569336,84.80000305175781,21638100
2013-11-29,77.31796264648438,85.7300033569336,85.83999633789062,85.47000122070312,85.55999755859375,16708900
2013-12-02,77.09246826171875,85.4800033569336,85.95999908447266,85.3499984741211,85.83000183105469,26354600
2013-12-03,77.02933502197266,85.41000366210938,85.63999938964844,85.08000183105469,85.41999816894531,37147000
2013-12-04,77.10150146484375,85.48999786376953,85.7699966430664,84.77999877929688,85.05000305175781,37193200
2013-12-05,77.00228118896484,85.37999725341797,85.66000366210938,85.16999816894531,85.55999755859375,39829300
2013-12-06,77.56147766113281,86.0,86.18000030517578,85.58999633789062,86.0999984741211,36842900
2013-12-09,77.87709045410156,86.3499984741211,86.52999877929688,86.19999694824219,86.3499984741211,22590000
2013-12-10,77.822998046875,86.29000091552734,86.44999694824219,86.12000274658203,86.20999908447266,26965900
2013-12-11,76.82193756103516,85.18000030517578,86.4000015258789,85.05999755859375,86.27999877929688,36830600
2013-12-12,76.62353515625,84.95999908447266,85.41999816894531,84.9000015258789,85.20999908447266,33662600
2013-12-13,76.5242919921875,84.8499984741211,85.4000015258789,84.70999908447266,85.36000061035156,34072000
2013-12-16,76.94818878173828,85.31999969482422,85.80999755859375,85.20999908447266,85.2699966430664,24902500
2013-12-17,76.79484558105469,85.1500015258789,85.52999877929688,84.98999786376953,85.31999969482422,24454900
2013-12-18,77.68771362304688,86.13999938964844,86.22000122070312,84.05000305175781,85.25,68387200
2013-12-19,77.47128295898438,85.9000015258789,86.01000213623047,85.5199966430664,86.0,44964100
2013-12-20,78.26020812988281,86.5,86.68000030517578,85.7300033569336,85.79000091552734,40475400
2013-12-23,79.08354949951172,87.41000366210938,87.41000366210938,86.94999694824219,87.20999908447266,28181800
2013-12-24,79.11970520019531,87.44999694824219,87.51000213623047,87.2699966430664,87.43000030517578,13852500
2013-12-26,79.38207244873047,87.73999786376953,87.80999755859375,87.44000244140625,87.61000061035156,15241100
2013-12-27,79.18304443359375,87.5199966430664,87.9000015258789,87.41000366210938,87.8499984741211,15827400
2013-12-30,79.06542205810547,87.38999938964844,87.51000213623047,87.13999938964844,87.38999938964844,18983700
2013-12-31,79.58112335205078,87.95999908447266,87.95999908447266,87.5199966430664,87.55000305175781,24890500
2014-01-02,78.95685577392578,87.2699966430664,87.58000183105469,87.0199966430664,87.55000305175781,29177500
2014-01-03,78.38689422607422,86.63999938964844,87.3499984741211,86.62000274658203,87.2699966430664,35723700
2014-01-06,78.09735870361328,86.31999969482422,86.76000213623047,86.0,86.66000366210938,32073100
2014-01-07,78.82117462158203,87.12000274658203,87.25,86.55999755859375,86.72000122070312,25860600
2014-01-08,78.9930419921875,87.30999755859375,87.55000305175781,86.94999694824219,87.13999938964844,27197400
2014-01-09,78.7306900024414,87.0199966430664,87.63999938964844,86.72000122070312,87.62999725341797,23674700
2014-01-10,78.9840087890625,87.30000305175781,87.4000015258789,86.58000183105469,87.2300033569336,38008900
2014-01-13,77.81689453125,86.01000213623047,87.4800033569336,85.68000030517578,87.18000030517578,48842300
2014-01-14,79.30067443847656,87.6500015258789,87.72000122070312,86.30000305175781,86.30000305175781,37178900
2014-01-15,79.95207977294922,88.37000274658203,88.54000091552734,87.94000244140625,88.02999877929688,39835600
2014-01-16,79.96115112304688,88.37999725341797,88.51000213623047,88.16000366210938,88.30000305175781,31630100
2014-01-17,79.50873565673828,87.87999725341797,88.37000274658203,87.66999816894531,88.11000061035156,36895800
2014-01-21,80.11495208740234,88.55000305175781,88.58999633789062,87.80999755859375,88.44000244140625,26412700
2014-01-22,80.3230209350586,88.77999877929688,89.0,88.5199966430664,88.77999877929688,29376900
2014-01-23,80.05158233642578,88.4800033569336,88.5199966430664,87.86000061035156,88.51000213623047,35011900
2014-01-24,78.47734069824219,86.73999786376953,88.18000030517578,86.70999908447266,88.05000305175781,63974600
2014-01-27,77.71736907958984,85.9000015258789,86.88999938964844,85.25,86.73999786376953,63519300
2014-01-28,77.67211151123047,85.8499984741211,85.94000244140625,85.30999755859375,85.5,44378800
2014-01-29,76.83977508544922,84.93000030517578,85.73999786376953,84.76000213623047,85.11000061035156,51939300
2014-01-30,78.26020812988281,86.5,86.80000305175781,85.87999725341797,85.97000122070312,65833600
2014-01-31,78.05211639404297,86.2699966430664,86.68000030517578,85.44999694824219,85.54000091552734,45187000
2014-02-03,76.26072692871094,84.29000091552734,86.5,84.06999969482422,86.11000061035156,65596900
2014-02-04,76.82168579101562,84.91000366210938,85.25,84.45999908447266,84.72000122070312,37675500
2014-02-05,76.62261962890625,84.69000244140625,84.98999786376953,83.73999786376953,84.62999725341797,41721800
2014-02-06,77.5997314453125,85.7699966430664,85.87999725341797,84.91999816894531,84.94000244140625,32308600
2014-02-07,78.9840087890625,87.30000305175781,87.36000061035156,86.0,86.25,38359400
2014-02-10,79.43639373779297,87.80000305175781,87.83999633789062,87.20999908447266,87.2699966430664,30205400
2014-02-11,80.34111022949219,88.80000305175781,88.97000122070312,87.88999938964844,87.98999786376953,38635500
2014-02-12,80.4948959350586,88.97000122070312,89.16999816894531,88.69999694824219,88.9800033569336,32507200
2014-02-13,81.0920639038086,89.62999725341797,89.69999694824219,88.30000305175781,88.31999969482422,40454500
2014-02-14,81.2549057006836,89.80999755859375,90.01000213623047,89.33000183105469,89.5999984741211,33212400
2014-02-18,81.65301513671875,90.25,90.41999816894531,89.73999786376953,89.95999908447266,29546600
2014-02-19,81.0920639038086,89.62999725341797,90.29000091552734,89.44999694824219,90.08000183105469,41749900
2014-02-20,81.4720458984375,90.05000305175781,90.22000122070312,89.30999755859375,89.69000244140625,41814800
2014-02-21,81.36347961425781,89.93000030517578,90.47000122070312,89.81999969482422,90.33999633789062,31192200
2014-02-24,81.7977523803711,90.41000366210938,90.81999969482422,90.04000091552734,90.13999938964844,31500400
2014-02-25,81.707275390625,90.30999755859375,90.72000122070312,90.0199966430664,90.54000091552734,26771700
2014-02-26,81.63489532470703,90.2300033569336,90.83999633789062,89.87000274658203,90.55000305175781,42953700
2014-02-27,82.16458129882812,90.44000244140625,90.52999877929688,89.7300033569336,89.87000274658203,28742400
2014-02-28,82.07369995117188,90.33999633789062,90.95999908447266,89.54000091552734,90.41999816894531,48609800
2014-03-03,81.46502685546875,89.66999816894531,89.91000366210938,88.87000274658203,89.48999786376953,38885700
2014-03-04,82.50068664550781,90.80999755859375,90.9800033569336,90.55999755859375,90.6500015258789,33189000
2014-03-05,82.72781372070312,91.05999755859375,91.22000122070312,90.7699966430664,90.95999908447266,27203300
2014-03-06,82.65516662597656,90.9800033569336,91.33999633789062,90.6500015258789,91.2699966430664,24063900
2014-03-07,82.24634552001953,90.52999877929688,91.36000061035156,90.06999969482422,91.2699966430664,31167800
2014-03-10,82.31898498535156,90.61000061035156,90.66000366210938,90.02999877929688,90.4800033569336,18131700
2014-03-11,81.96468353271484,90.22000122070312,91.05999755859375,89.94999694824219,90.83000183105469,27484300
2014-03-12,82.27359771728516,90.55999755859375,90.61000061035156,89.4800033569336,89.80999755859375,27977200
2014-03-13,81.11067199707031,89.27999877929688,90.93000030517578,88.87000274658203,90.9000015258789,48542000
2014-03-14,80.5565185546875,88.66999816894531,89.37999725341797,88.62999725341797,88.98999786376953,38732300
2014-03-17,81.26512908935547,89.44999694824219,89.91000366210938,89.19000244140625,89.23999786376953,28467200
2014-03-18,82.24634552001953,90.52999877929688,90.63999938964844,89.52999877929688,89.55999755859375,31250200
2014-03-19,81.80115509033203,90.04000091552734,90.66000366210938,89.44999694824219,90.55999755859375,40869400
2014-03-20,82.02828979492188,90.29000091552734,90.55999755859375,89.58000183105469,89.76000213623047,31634500
2014-03-21,81.04122924804688,89.0,90.6500015258789,88.83000183105469,90.5999984741211,62754000
2014-03-24,80.3309555053711,88.22000122070312,89.38999938964844,87.41000366210938,89.31999969482422,77735300
2014-03-25,80.59503173828125,88.51000213623047,89.25,87.7699966430664,88.68000030517578,41723300
2014-03-26,79.55696868896484,87.37000274658203,89.1500015258789,87.36000061035156,88.94999694824219,40930400
2014-03-27,79.1108169555664,86.87999725341797,87.63999938964844,86.4000015258789,87.25,64784500
2014-03-28,79.26560974121094,87.05000305175781,88.01000213623047,86.80999755859375,87.16000366210938,39895100
2014-03-31,79.83014678955078,87.66999816894531,88.26000213623047,87.62000274658203,87.7300033569336,33924300
2014-04-01,81.23243713378906,89.20999908447266,89.2699966430664,87.70999908447266,88.0999984741211,38683800
2014-04-02,81.44186401367188,89.44000244140625,89.68000030517578,89.04000091552734,89.58999633789062,34631600
2014-04-03,80.79535675048828,88.7300033569336,89.68000030517578,88.22000122070312,89.52999877929688,30319100
2014-04-04,78.64640808105469,86.37000274658203,89.41000366210938,86.13999938964844,89.31999969482422,131213200
2014-04-07,77.89971923828125,85.55000305175781,86.62999725341797,84.94999694824219,85.83000183105469,83995800
2014-04-08,78.61907196044922,86.33999633789062,86.45999908447266,85.3499984741211,85.6500015258789,51495700
2014-04-09,79.96675109863281,87.81999969482422,87.87000274658203,86.43000030517578,86.66000366210938,45685200
2014-04-10,77.48998260498047,85.0999984741211,87.87999725341797,84.86000061035156,87.87999725341797,73659600
2014-04-11,76.58851623535156,84.11000061035156,85.44000244140625,83.91000366210938,84.33999633789062,93657400
2014-04-14,77.18949890136719,84.7699966430664,85.22000122070312,83.98999786376953,84.8499984741211,46500700
2014-04-15,77.44445037841797,85.05000305175781,85.54000091552734,83.27999877929688,85.08000183105469,84631500
2014-04-16,78.47341918945312,86.18000030517578,86.18000030517578,85.08999633789062,85.79000091552734,46970900
2014-04-17,78.4916000366211,86.19999694824219,86.62999725341797,85.62999725341797,85.8499984741211,53719500
2014-04-21,79.0743408203125,86.83999633789062,86.83999633789062,86.0,86.4000015258789,25947900
2014-04-22,79.70264434814453,87.52999877929688,87.75,86.98999786376953,87.13999938964844,38593400
2014-04-23,79.00151062011719,86.76000213623047,87.55999755859375,86.70999908447266,87.52999877929688,34376700
2014-04-24,79.75732421875,87.58999633789062,88.20999908447266,86.6500015258789,88.19000244140625,48926300
2014-04-25,78.48249053955078,86.19000244140625,87.16999816894531,85.9800033569336,87.06999969482422,44334000
2014-04-28,78.73744201660156,86.47000122070312,87.11000061035156,85.11000061035156,86.5999984741211,58623800
2014-04-29,79.36576843261719,87.16000366210938,87.31999969482422,86.30999755859375,86.7300033569336,36742700
2014-04-30,79.57518768310547,87.38999938964844,87.4800033569336,86.54000091552734,86.76000213623047,38689400
2014-05-01,79.81195068359375,87.6500015258789,88.1500015258789,87.30999755859375,87.52999877929688,37127200
2014-05-02,79.66624450683594,87.48999786376953,88.11000061035156,87.27999877929688,87.94999694824219,40074200
2014-05-05,80.08513641357422,87.94999694824219,87.97000122070312,86.76000213623047,86.97000122070312,27924400
2014-05-06,79.04707336425781,86.80999755859375,87.86000061035156,86.7699966430664,87.80999755859375,33698500
2014-05-07,78.81940460205078,86.55999755859375,87.08000183105469,85.52999877929688,86.98999786376953,67489100
2014-05-08,78.74658203125,86.4800033569336,87.52999877929688,86.05000305175781,86.25,46556900
2014-05-09,79.0379409790039,86.80000305175781,86.86000061035156,85.8499984741211,86.43000030517578,35081500
2014-05-12,80.340087890625,88.2300033569336,88.26000213623047,87.23999786376953,87.31999969482422,38951100
2014-05-13,80.39472198486328,88.29000091552734,88.61000061035156,88.12000274658203,88.30999755859375,30311900
2014-05-14,79.97584533691406,87.83000183105469,88.3499984741211,87.62000274658203,88.0199966430664,26483600
2014-05-15,79.3475341796875,87.13999938964844,87.95999908447266,86.58000183105469,87.80999755859375,59680300
2014-05-16,79.86656188964844,87.70999908447266,87.76000213623047,86.63999938964844,87.23999786376953,66804100
2014-05-19,80.42200469970703,88.31999969482422,88.45999908447266,87.30000305175781,87.44999694824219,32017000
2014-05-20,80.13065338134766,88.0,88.5999984741211,87.63999938964844,88.27999877929688,33716000
2014-05-21,80.8955307006836,88.83999633789062,88.88999938964844,88.11000061035156,88.16000366210938,36837700
2014-05-22,81.25067138671875,89.2300033569336,89.4800033569336,88.80000305175781,88.94000244140625,30617100
2014-05-23,81.8425064086914,89.87999725341797,89.9000015258789,89.12000274658203,89.31999969482422,22687300
2014-05-27,82.86235809326172,91.0,91.0199966430664,90.19999694824219,90.27999877929688,29725200
2014-05-28,82.60743713378906,90.72000122070312,91.0999984741211,90.6500015258789,90.97000122070312,30468100
2014-05-29,83.1355209350586,91.30000305175781,91.30999755859375,90.86000061035156,91.04000091552734,33036100
2014-05-30,83.14466857910156,91.30999755859375,91.44999694824219,90.83000183105469,91.31999969482422,29906400
2014-06-02,83.06271362304688,91.22000122070312,91.44000244140625,90.63999938964844,91.41999816894531,30409900
2014-06-03,83.0262680053711,91.18000030517578,91.33000183105469,90.80000305175781,90.91999816894531,21774500
2014-06-04,83.33585357666016,91.5199966430664,91.66999816894531,90.80999755859375,90.94999694824219,20118300
2014-06-05,84.03701782226562,92.29000091552734,92.45999908447266,91.29000091552734,91.5999984741211,35583100
2014-06-06,84.51963806152344,92.81999969482422,92.81999969482422,92.44999694824219,92.62999725341797,22680600
2014-06-09,84.45586395263672,92.75,92.9800033569336,92.5,92.83999633789062,23399500
2014-06-10,84.60155487060547,92.91000366210938,92.95999908447266,92.55999755859375,92.66999816894531,20626000
2014-06-11,84.58332824707031,92.88999938964844,93.0199966430664,92.5,92.58999633789062,22878200
2014-06-12,83.81845092773438,92.05000305175781,92.79000091552734,91.7300033569336,92.69000244140625,35275900
2014-06-13,84.06433868408203,92.31999969482422,92.55000305175781,91.91999816894531,92.44999694824219,39447100
2014-06-16,84.13716125488281,92.4000015258789,92.66999816894531,91.95999908447266,92.16000366210938,25212300
2014-06-17,84.18267059326172,92.44999694824219,92.69999694824219,92.18000030517578,92.33000183105469,19977900
2014-06-18,84.65621185302734,92.97000122070312,93.0999984741211,91.9800033569336,92.54000091552734,34514000
2014-06-19,84.60155487060547,92.91000366210938,93.16999816894531,92.48999786376953,93.11000061035156,38422200
2014-06-20,84.70109558105469,92.7699966430664,92.87000274658203,92.52999877929688,92.69999694824219,25897500
2014-06-23,84.71934509277344,92.79000091552734,92.81999969482422,92.51000213623047,92.76000213623047,20837900
2014-06-24,84.63716888427734,92.69999694824219,93.56999969482422,92.43000030517578,92.77999877929688,31945800
2014-06-25,85.17584991455078,93.29000091552734,93.44999694824219,92.4800033569336,92.48999786376953,32818600
2014-06-26,85.22151184082031,93.33999633789062,93.36000061035156,92.62000274658203,93.3499984741211,22563900
2014-06-27,85.5958480834961,93.75,93.7699966430664,93.19000244140625,93.22000122070312,22877800
2014-06-30,85.74192810058594,93.91000366210938,94.13999938964844,93.66999816894531,93.7300033569336,19751900
2014-07-01,86.6823501586914,94.94000244140625,95.19000244140625,94.19999694824219,94.23999786376953,31862500
2014-07-02,86.82841491699219,95.0999984741211,95.23999786376953,94.91000366210938,95.0,18777300
2014-07-03,87.37622833251953,95.69999694824219,95.69999694824219,95.1500015258789,95.41000366210938,15291700
2014-07-07,87.11148834228516,95.41000366210938,95.70999908447266,95.2300033569336,95.58999633789062,23266400
2014-07-08,86.06148529052734,94.26000213623047,95.30000305175781,93.87000274658203,95.2300033569336,40612400
2014-07-09,86.70059967041016,94.95999908447266,95.06999969482422,94.23999786376953,94.51000213623047,29919000
2014-07-10,86.42671966552734,94.66000366210938,95.05000305175781,93.62999725341797,93.73999786376953,44245300
2014-07-11,86.98363494873047,95.2699966430664,95.2699966430664,94.61000061035156,94.9000015258789,19566300
2014-07-14,87.50406646728516,95.83999633789062,96.05999755859375,95.54000091552734,95.69999694824219,19579000
2014-07-15,87.20278930664062,95.51000213623047,96.12999725341797,94.83000183105469,95.98999786376953,39467500
2014-07-16,87.54972076416016,95.88999938964844,96.30000305175781,95.79000091552734,96.19999694824219,22052600
2014-07-17,86.39020538330078,94.62000274658203,95.97000122070312,94.31999969482422,95.62999725341797,43111500
2014-07-18,87.75968933105469,96.12000274658203,96.16999816894531,95.0,95.11000061035156,36682200
2014-07-21,87.650146484375,96.0,96.16000366210938,95.55000305175781,95.91999816894531,29750700
2014-07-22,88.20711517333984,96.61000061035156,96.76000213623047,96.3499984741211,96.44999694824219,25770400
2014-07-23,88.7731704711914,97.2300033569336,97.33999633789062,96.7699966430664,96.94999694824219,28947500
2014-07-24,88.67273712158203,97.12000274658203,97.51000213623047,96.9800033569336,97.4000015258789,24707200
2014-07-25,88.3258056640625,96.73999786376953,96.87000274658203,96.2300033569336,96.62000274658203,29898900
2014-07-28,88.35315704345703,96.7699966430664,97.0199966430664,96.0199966430664,96.83999633789062,25603400
2014-07-29,88.19794464111328,96.5999984741211,97.19999694824219,96.5199966430664,96.9800033569336,27022200
2014-07-30,88.54490661621094,96.9800033569336,97.31999969482422,96.5999984741211,97.13999938964844,35348500
2014-07-31,86.75540161132812,95.0199966430664,96.33999633789062,94.87999725341797,96.18000030517578,50047900
2014-08-01,86.43583679199219,94.66999816894531,95.33999633789062,94.04000091552734,94.81999969482422,60708000
2014-08-04,87.02931213378906,95.31999969482422,95.69000244140625,94.5199966430664,94.87000274658203,33230500
2014-08-05,86.36278533935547,94.58999633789062,95.20999908447266,94.1500015258789,94.94000244140625,50331100
2014-08-06,86.29885864257812,94.5199966430664,95.11000061035156,93.91999816894531,94.0,34431900
2014-08-07,86.02494812011719,94.22000122070312,95.13999938964844,93.88999938964844,94.95999908447266,33274700
2014-08-08,86.64582061767578,94.9000015258789,95.01000213623047,93.97000122070312,94.37000274658203,40236900
2014-08-11,87.15714263916016,95.45999908447266,95.76000213623047,95.19999694824219,95.2699966430664,28277500
2014-08-12,87.12055969238281,95.41999816894531,95.66999816894531,94.93000030517578,95.36000061035156,28152300
2014-08-13,88.04273986816406,96.43000030517578,96.47000122070312,95.76000213623047,95.80999755859375,27996500
2014-08-14,88.49925231933594,96.93000030517578,96.94999694824219,96.43000030517578,96.55999755859375,25006600
2014-08-15,88.92838287353516,97.4000015258789,97.62999725341797,96.4800033569336,97.48999786376953,55205500
2014-08-18,89.61315155029297,98.1500015258789,98.23999786376953,97.7699966430664,97.91000366210938,38938300
2014-08-19,90.11531066894531,98.69999694824219,98.76000213623047,98.31999969482422,98.37999725341797,21363400
2014-08-20,90.11531066894531,98.69999694824219,98.9000015258789,98.52999877929688,98.62000274658203,23435600
2014-08-21,90.29790496826172,98.9000015258789,98.94999694824219,98.5999984741211,98.75,19339500
2014-08-22,90.43487548828125,99.05000305175781,99.25,98.72000122070312,98.94000244140625,24692000
2014-08-25,90.75440979003906,99.4000015258789,99.68000030517578,99.16000366210938,99.5199966430664,24124700
2014-08-26,90.8457260131836,99.5,99.61000061035156,99.2699966430664,99.55000305175781,20100400
2014-08-27,90.86395263671875,99.5199966430664,99.63999938964844,99.30999755859375,99.52999877929688,15589100
2014-08-28,90.7635498046875,99.41000366210938,99.52999877929688,99.08000183105469,99.18000030517578,23563900
2014-08-29,91.10137176513672,99.77999877929688,99.91000366210938,99.2699966430664,99.62999725341797,17906300
2014-09-02,91.36614227294922,100.06999969482422,100.0999984741211,99.66000366210938,100.0199966430664,18326800
2014-09-03,90.8274917602539,99.4800033569336,100.33999633789062,99.30000305175781,100.33999633789062,25950700
2014-09-04,90.74526977539062,99.38999938964844,100.22000122070312,99.13999938964844,99.70999908447266,24663500
2014-09-05,91.2018051147461,99.88999938964844,99.94999694824219,99.02999877929688,99.54000091552734,30798200
2014-09-08,91.375244140625,100.08000183105469,100.33000183105469,99.62000274658203,99.91999816894531,25571300
2014-09-09,90.61747741699219,99.25,100.45999908447266,99.05999755859375,100.08999633789062,36449200
2014-09-10,91.36614227294922,100.06999969482422,100.11000061035156,99.0999984741211,99.37999725341797,31080100
2014-09-11,91.29309844970703,99.98999786376953,100.04000091552734,99.23999786376953,99.63999938964844,28691900
2014-09-12,90.8274917602539,99.4800033569336,99.93000030517578,99.16999816894531,99.9000015258789,30444400
2014-09-15,89.95097351074219,98.5199966430664,99.5999984741211,98.22000122070312,99.58999633789062,32972200
2014-09-16,90.73616790771484,99.37999725341797,99.56999969482422,98.05000305175781,98.1500015258789,38166900
2014-09-17,90.87307739257812,99.52999877929688,100.0,98.93000030517578,99.36000061035156,37196500
2014-09-18,91.55789947509766,100.27999877929688,100.29000091552734,99.7300033569336,99.83999633789062,30196700
2014-09-19,91.50115966796875,99.9800033569336,100.55999755859375,99.58000183105469,100.45999908447266,46918000
2014-09-22,90.65001678466797,99.05000305175781,99.75,98.62000274658203,99.73999786376953,48658000
2014-09-23,90.40286254882812,98.77999877929688,99.22000122070312,98.58000183105469,98.6500015258789,33989600
2014-09-24,91.37297821044922,99.83999633789062,99.88999938964844,98.54000091552734,98.87999725341797,35959000
2014-09-25,89.45110321044922,97.73999786376953,99.6500015258789,97.69999694824219,99.5199966430664,68642500
2014-09-26,90.40286254882812,98.77999877929688,98.95999908447266,97.88999938964844,98.05999755859375,56106200
2014-09-29,90.28392028808594,98.6500015258789,98.91999816894531,97.75,97.80000305175781,33342700
2014-09-30,90.41209411621094,98.79000091552734,99.30000305175781,98.31999969482422,98.91999816894531,41834300
2014-10-01,88.96604919433594,97.20999908447266,98.61000061035156,96.9000015258789,98.51000213623047,58164900
2014-10-02,88.96604919433594,97.20999908447266,97.51000213623047,95.97000122070312,97.16999816894531,54501300
2014-10-03,89.84464263916016,98.16999816894531,98.56999969482422,97.44000244140625,97.77999877929688,41627800
2014-10-06,89.6524429321289,97.95999908447266,98.72000122070312,97.66000366210938,98.4800033569336,36038700
2014-10-07,88.38030242919922,96.56999969482422,97.77999877929688,96.55999755859375,97.5,45154000
2014-10-08,90.10091400146484,98.44999694824219,98.76000213623047,96.05999755859375,96.62000274658203,64931600
2014-10-09,88.64572143554688,96.86000061035156,98.56999969482422,96.70999908447266,98.31999969482422,62497100
2014-10-10,86.43098449707031,94.44000244140625,96.83000183105469,94.41999816894531,96.29000091552734,77579400
2014-10-13,85.07645416259766,92.95999908447266,94.98999786376953,92.87999725341797,94.2699966430664,80835900
2014-10-14,85.08565521240234,92.97000122070312,94.16999816894531,92.70999908447266,93.54000091552734,71814500
2014-10-15,84.53651428222656,92.37000274658203,92.76000213623047,90.23999786376953,91.56999969482422,108847800
2014-10-16,84.0057144165039,91.79000091552734,92.58000183105469,90.38999938964844,90.41999816894531,93165800
2014-10-17,85.11309051513672,93.0,93.88999938964844,92.45999908447266,93.0,69546700
2014-10-20,86.38519287109375,94.38999938964844,94.47000122070312,92.80000305175781,92.98999786376953,41479300
2014-10-21,88.65491485595703,96.87000274658203,96.87000274658203,95.31999969482422,95.55999755859375,53609800
2014-10-22,88.19727325439453,96.37000274658203,97.30000305175781,96.30999755859375,97.16999816894531,39178000
2014-10-23,89.5242919921875,97.81999969482422,98.36000061035156,97.16999816894531,97.33999633789062,48123800
2014-10-24,90.2564697265625,98.62000274658203,98.69000244140625,97.63999938964844,98.02999877929688,43157600
2014-10-27,90.32054901123047,98.69000244140625,98.87000274658203,98.0199966430664,98.43000030517578,29545700
2014-10-28,91.68418884277344,100.18000030517578,100.19999694824219,99.08000183105469,99.1500015258789,34495100
2014-10-29,91.34555053710938,99.80999755859375,100.12000274658203,99.0999984741211,99.8499984741211,40552800
2014-10-30,91.53772735595703,100.0199966430664,100.26000213623047,99.13999938964844,99.36000061035156,35935800
2014-10-31,92.80072021484375,101.4000015258789,101.75,101.06999969482422,101.68000030517578,54254100
2014-11-03,93.07528686523438,101.69999694824219,101.97000122070312,101.43000030517578,101.58000183105469,33481000
2014-11-04,92.76409912109375,101.36000061035156,101.62000274658203,100.66999816894531,101.37999725341797,22773300
2014-11-05,92.77328491210938,101.37000274658203,102.02999877929688,101.0199966430664,102.02999877929688,25818600
2014-11-06,93.06615447998047,101.69000244140625,101.72000122070312,100.91999816894531,101.36000061035156,24671900
2014-11-07,92.9837875366211,101.5999984741211,101.91000366210938,101.06999969482422,101.87000274658203,20931700
2014-11-10,93.3132095336914,101.95999908447266,102.08999633789062,101.37999725341797,101.6500015258789,20360000
2014-11-11,93.60607147216797,102.27999877929688,102.27999877929688,101.69999694824219,101.9800033569336,15454000
2014-11-12,93.77082824707031,102.45999908447266,102.56999969482422,101.87000274658203,101.87000274658203,22050300
2014-11-13,94.17350006103516,102.9000015258789,103.27999877929688,102.41999816894531,102.6500015258789,28027800
2014-11-14,94.46636199951172,103.22000122070312,103.22000122070312,102.52999877929688,102.87000274658203,19251300
2014-11-17,94.18268585205078,102.91000366210938,103.20999908447266,102.41999816894531,102.9800033569336,23361600
2014-11-18,94.88736724853516,103.68000030517578,103.81999969482422,102.98999786376953,103.0,26336800
2014-11-19,94.45719909667969,103.20999908447266,103.56999969482422,102.7300033569336,103.56999969482422,23760200
2014-11-20,94.87818908691406,103.66999816894531,103.76000213623047,102.69000244140625,102.7699966430664,22874000
2014-11-21,95.06124114990234,103.87000274658203,104.69000244140625,103.54000091552734,104.58999633789062,34049100
2014-11-24,95.80252075195312,104.68000030517578,104.7300033569336,104.05999755859375,104.1500015258789,17928300
2014-11-25,95.94895935058594,104.83999633789062,105.1500015258789,104.56999969482422,104.83999633789062,17526000
2014-11-26,96.5713119506836,105.5199966430664,105.58000183105469,104.83000183105469,104.94000244140625,18973800
2014-11-28,97.01976776123047,106.01000213623047,106.25,105.7300033569336,105.80000305175781,17360400
2014-12-01,95.92154693603516,104.80999755859375,105.91999816894531,104.41999816894531,105.72000122070312,35969500
2014-12-02,96.30590057373047,105.2300033569336,105.41999816894531,104.69999694824219,104.91999816894531,26031300
2014-12-03,96.47982788085938,105.41999816894531,105.56999969482422,104.76000213623047,105.38999938964844,32974300
2014-12-04,96.43403625488281,105.37000274658203,105.77999877929688,104.93000030517578,105.31999969482422,31008800
2014-12-05,96.44319152832031,105.37999725341797,105.69999694824219,105.1500015258789,105.54000091552734,25622200
2014-12-08,95.75679779052734,104.62999725341797,105.56999969482422,104.08000183105469,105.11000061035156,32685800
2014-12-09,96.05880737304688,104.95999908447266,105.04000091552734,103.04000091552734,103.41000366210938,46035100
2014-12-10,94.54872131347656,103.30999755859375,105.02999877929688,103.12000274658203,104.7699966430664,39330100
2014-12-11,94.99720001220703,103.80000305175781,105.04000091552734,103.58999633789062,103.61000061035156,47576000
2014-12-12,93.9630355834961,102.66999816894531,103.98999786376953,102.66000366210938,102.80999755859375,46889400
2014-12-15,92.992919921875,101.61000061035156,103.58000183105469,101.31999969482422,103.19999694824219,52968400
2014-12-16,91.50115966796875,99.9800033569336,102.47000122070312,99.95999908447266,100.97000122070312,65348600
2014-12-17,93.16680145263672,101.80000305175781,102.08999633789062,99.91999816894531,100.05000305175781,79715300
2014-12-18,95.4090347290039,104.25,104.26000213623047,102.9800033569336,103.26000213623047,49840900
2014-12-19,95.82884216308594,104.31999969482422,104.73999786376953,103.70999908447266,103.97000122070312,51419900
2014-12-22,96.06765747070312,104.58000183105469,104.61000061035156,104.0999984741211,104.1500015258789,33869200
2014-12-23,95.72777557373047,104.20999908447266,104.97000122070312,104.08999633789062,104.95999908447266,30156900
2014-12-24,95.81043243408203,104.30000305175781,104.69999694824219,104.2699966430664,104.33999633789062,14291300
2014-12-26,96.49019622802734,105.04000091552734,105.26000213623047,104.56999969482422,104.5999984741211,13924300
2014-12-29,96.47183227539062,105.0199966430664,105.25,104.87999725341797,104.94000244140625,17073800
2014-12-30,95.82884216308594,104.31999969482422,104.95999908447266,104.18000030517578,104.72000122070312,18604000
2014-12-31,94.84590148925781,103.25,104.91000366210938,103.0999984741211,104.5,24367100
2015-01-02,94.56112670898438,102.94000244140625,104.19999694824219,102.44000244140625,103.76000213623047,31314600
2015-01-05,93.17405700683594,101.43000030517578,102.61000061035156,101.13999938964844,102.48999786376953,36521300
2015-01-06,91.92473602294922,100.06999969482422,101.75,99.62000274658203,101.58000183105469,66205500
2015-01-07,93.1097412109375,101.36000061035156,101.5999984741211,100.48999786376953,100.7300033569336,37577400
2015-01-08,94.89183044433594,103.30000305175781,103.5,102.11000061035156,102.22000122070312,40212600
2015-01-09,94.26719665527344,102.62000274658203,103.6500015258789,102.0199966430664,103.62000274658203,41410100
2015-01-12,93.28430938720703,101.55000305175781,102.93000030517578,101.29000091552734,102.81999969482422,34129800
2015-01-13,93.25670623779297,101.5199966430664,103.62000274658203,100.69999694824219,102.54000091552734,56162300
2015-01-14,92.74230194091797,100.95999908447266,101.4800033569336,100.06999969482422,100.5,51354200
2015-01-15,91.53897094726562,99.6500015258789,101.58999633789062,99.52999877929688,101.43000030517578,51005400
2015-01-16,92.61370086669922,100.81999969482422,100.94999694824219,99.36000061035156,99.5199966430664,35362200
2015-01-20,93.34859466552734,101.62000274658203,101.87999725341797,100.29000091552734,101.43000030517578,30964100
2015-01-21,93.82627868652344,102.13999938964844,102.62000274658203,100.95999908447266,101.31999969482422,40128800
2015-01-22,95.56243896484375,104.02999877929688,104.13999938964844,101.63999938964844,102.54000091552734,40887200
2015-01-23,95.77369689941406,104.26000213623047,104.58000183105469,103.72000122070312,104.0199966430664,34783000
2015-01-26,95.66346740722656,104.13999938964844,104.33000183105469,103.61000061035156,104.13999938964844,19960900
2015-01-27,93.18324279785156,101.44000244140625,102.55999755859375,101.0999984741211,102.5,45253200
2015-01-28,92.70555114746094,100.91999816894531,103.18000030517578,100.9000015258789,103.06999969482422,43591700
2015-01-29,93.59660339355469,101.88999938964844,102.08000183105469,99.95999908447266,100.83999633789062,46539700
2015-01-30,92.87092590332031,101.0999984741211,102.58000183105469,100.95999908447266,101.80000305175781,42927600
2015-02-02,93.67929077148438,101.9800033569336,102.06999969482422,99.75,101.33000183105469,43624700
2015-02-03,94.57950592041016,102.95999908447266,103.02999877929688,101.68000030517578,102.3499984741211,30750400
2015-02-04,94.49685668945312,102.87000274658203,103.55000305175781,102.30999755859375,102.54000091552734,34073200
2015-02-05,95.31439208984375,103.76000213623047,103.83000183105469,102.87000274658203,103.12999725341797,23605500
2015-02-06,94.7356948852539,103.12999725341797,104.16999816894531,102.76000213623047,103.91999816894531,34169300
2015-02-09,94.43255615234375,102.80000305175781,103.29000091552734,102.55000305175781,102.7300033569336,22604700
2015-02-10,95.90230560302734,104.4000015258789,104.54000091552734,103.20999908447266,103.37000274658203,23686500
2015-02-11,96.25140380859375,104.77999877929688,105.0199966430664,104.31999969482422,104.5199966430664,20303600
2015-02-12,97.37208557128906,106.0,106.04000091552734,105.30000305175781,105.45999908447266,22520300
2015-02-13,98.20800018310547,106.91000366210938,106.93000030517578,106.0999984741211,106.30000305175781,29030200
2015-02-17,98.29985046386719,107.01000213623047,107.08000183105469,106.63999938964844,106.91000366210938,17675300
2015-02-18,98.43766021728516,107.16000366210938,107.22000122070312,106.73999786376953,106.87999725341797,15149600
2015-02-19,98.92452239990234,107.69000244140625,107.76000213623047,107.05999755859375,107.08999633789062,19828100
2015-02-20,99.58589935302734,108.41000366210938,108.47000122070312,107.27999877929688,107.62000274658203,28336700
2015-02-23,99.68695068359375,108.5199966430664,108.55000305175781,108.11000061035156,108.3499984741211,17868000
2015-02-24,99.76045227050781,108.5999984741211,108.7300033569336,108.05000305175781,108.37999725341797,19745000
2015-02-25,99.5124282836914,108.33000183105469,108.86000061035156,108.08999633789062,108.44000244140625,19472300
2015-02-26,100.01765441894531,108.87999725341797,108.94000244140625,108.13999938964844,108.44000244140625,22255500
2015-02-27,99.57669067382812,108.4000015258789,108.91000366210938,108.2300033569336,108.83999633789062,27757600
2015-03-02,100.47691345214844,109.37999725341797,109.41999816894531,108.58999633789062,108.61000061035156,22988600
2015-03-03,100.00849914550781,108.87000274658203,109.16000366210938,108.18000030517578,109.05000305175781,20788900
2015-03-04,99.62266540527344,108.44999694824219,108.66999816894531,107.86000061035156,108.51000213623047,21007400
2015-03-05,99.79720306396484,108.63999938964844,108.97000122070312,108.19000244140625,108.7300033569336,15381000
2015-03-06,98.66730499267578,107.41000366210938,108.70999908447266,107.13999938964844,108.5,30990400
2015-03-09,98.95206451416016,107.72000122070312,107.98999786376953,107.19000244140625,107.62999725341797,26237100
2015-03-10,97.11486053466797,105.72000122070312,106.9800033569336,105.72000122070312,106.94999694824219,34234500
2015-03-11,96.55451965332031,105.11000061035156,106.01000213623047,105.06999969482422,105.87999725341797,25459700
2015-03-12,97.1883544921875,105.80000305175781,105.91999816894531,104.95999908447266,105.02999877929688,21473200
2015-03-13,96.76579284667969,105.33999633789062,106.12000274658203,104.68000030517578,105.69999694824219,42021100
2015-03-16,98.01509094238281,106.69999694824219,106.73999786376953,105.62000274658203,105.7300033569336,25674100
2015-03-17,98.17125701904297,106.87000274658203,107.04000091552734,106.16000366210938,106.41000366210938,19603800
2015-03-18,99.13580322265625,107.91999816894531,108.41000366210938,106.02999877929688,106.58000183105469,40622200
2015-03-19,99.28277587890625,108.08000183105469,108.37999725341797,107.87000274658203,108.02999877929688,31314000
2015-03-20,99.9254150390625,108.52999877929688,109.06999969482422,108.51000213623047,108.72000122070312,31761400
2015-03-23,99.73206329345703,108.31999969482422,108.7699966430664,108.27999877929688,108.47000122070312,17268500
2015-03-24,99.3730239868164,107.93000030517578,108.80999755859375,107.91000366210938,108.30999755859375,22445300
2015-03-25,97.09883880615234,105.45999908447266,108.19999694824219,105.41999816894531,108.0999984741211,41581400
2015-03-26,96.76737976074219,105.0999984741211,105.69999694824219,104.23999786376953,104.58999633789062,47846300
2015-03-27,97.15408325195312,105.5199966430664,105.7699966430664,104.91999816894531,105.08000183105469,33878400
2015-03-30,98.26815032958984,106.7300033569336,106.81999969482422,106.16000366210938,106.16000366210938,30570200
2015-03-31,97.22772216796875,105.5999984741211,106.6500015258789,105.56999969482422,106.43000030517578,30488100
2015-04-01,96.72132873535156,105.05000305175781,105.62000274658203,104.37000274658203,105.5999984741211,32970500
2015-04-02,96.78577423095703,105.12000274658203,105.45999908447266,104.77999877929688,105.1500015258789,19164200
2015-04-06,97.57758331298828,105.9800033569336,106.2699966430664,104.33999633789062,104.5,24451100
2015-04-07,97.41188049316406,105.80000305175781,106.69999694824219,105.80000305175781,105.91999816894531,19379400
2015-04-08,98.1852798461914,106.63999938964844,106.79000091552734,105.83000183105469,105.83999633789062,25866900
2015-04-09,98.80216217041016,107.30999755859375,107.3499984741211,106.2300033569336,106.58999633789062,23114700
2015-04-10,99.207275390625,107.75,107.76000213623047,107.02999877929688,107.2699966430664,17164300
2015-04-13,98.95867919921875,107.4800033569336,108.37999725341797,107.36000061035156,107.83000183105469,17783500
2015-04-14,98.67327117919922,107.16999816894531,107.68000030517578,106.55999755859375,107.37000274658203,23755700
2015-04-15,99.29013061523438,107.83999633789062,108.06999969482422,107.31999969482422,107.44999694824219,21128600
2015-04-16,99.15203857421875,107.69000244140625,107.87999725341797,107.4000015258789,107.55000305175781,16195300
2015-04-17,97.60523986816406,106.01000213623047,106.94999694824219,105.55000305175781,106.66000366210938,46514000
2015-04-20,99.06917572021484,107.5999984741211,107.79000091552734,106.5,106.54000091552734,28945900
2015-04-21,99.49268341064453,108.05999755859375,108.41000366210938,107.93000030517578,108.22000122070312,22759800
2015-04-22,100.03592681884766,108.6500015258789,108.83000183105469,107.63999938964844,108.33999633789062,21429200
2015-04-23,100.41339111328125,109.05999755859375,109.55000305175781,108.26000213623047,108.27999877929688,29473200
2015-04-24,101.77608489990234,110.54000091552734,110.69000244140625,110.02999877929688,110.20999908447266,32508100
2015-04-27,101.5182876586914,110.26000213623047,111.16000366210938,110.0199966430664,110.94999694824219,31121300
2015-04-28,101.31574249267578,110.04000091552734,110.55000305175781,109.11000061035156,110.33999633789062,36849200
2015-04-29,100.68040466308594,109.3499984741211,110.06999969482422,108.75,109.43000030517578,34043900
2015-04-30,99.09675598144531,107.62999725341797,109.16999816894531,107.05999755859375,108.7300033569336,44080500
2015-05-01,100.40420532226562,109.05000305175781,109.12000274658203,108.02999877929688,108.05000305175781,32874300
2015-05-04,100.56993865966797,109.2300033569336,109.91000366210938,109.16999816894531,109.4000015258789,23507300
2015-05-05,98.9310531616211,107.44999694824219,109.0,107.4000015258789,108.80000305175781,47843300
2015-05-06,98.2497329711914,106.70999908447266,107.94999694824219,106.0,107.63999938964844,42687200
2015-05-07,98.8390121459961,107.3499984741211,107.6500015258789,106.5999984741211,106.68000030517578,29335800
2015-05-08,100.07276153564453,108.69000244140625,108.91999816894531,108.30000305175781,108.45999908447266,33023300
2015-05-11,99.68604278564453,108.2699966430664,108.9800033569336,108.19000244140625,108.76000213623047,19679300
2015-05-12,99.23489379882812,107.77999877929688,108.33000183105469,106.80000305175781,107.62999725341797,33665000
2015-05-13,99.43744659423828,108.0,108.80999755859375,107.83999633789062,108.25,20738400
2015-05-14,100.89219665527344,109.58000183105469,109.66999816894531,108.4800033569336,108.87999725341797,23904200
2015-05-15,100.89219665527344,109.58000183105469,110.01000213623047,109.30999755859375,109.86000061035156,23937400
2015-05-18,101.3341293334961,110.05999755859375,110.27999877929688,109.31999969482422,109.4000015258789,17631100
2015-05-19,101.2236557006836,109.94000244140625,110.3499984741211,109.76000213623047,110.18000030517578,14212900
2015-05-20,101.28809356689453,110.01000213623047,110.66999816894531,109.43000030517578,110.0199966430664,21131900
2015-05-21,101.8128890991211,110.58000183105469,110.7300033569336,109.66000366210938,109.81999969482422,16771800
2015-05-22,101.71162414550781,110.47000122070312,110.87000274658203,110.37999725341797,110.44999694824219,13543800
2015-05-26,100.54232788085938,109.19999694824219,110.37999725341797,108.76000213623047,110.2300033569336,25488400
2015-05-27,102.16278076171875,110.95999908447266,111.08000183105469,109.29000091552734,109.52999877929688,30572700
2015-05-28,101.93257904052734,110.70999908447266,111.01000213623047,110.37000274658203,110.75,17302400
2015-05-29,101.32493591308594,110.05000305175781,110.79000091552734,109.79000091552734,110.63999938964844,30383000
2015-06-01,101.66558074951172,110.41999816894531,110.72000122070312,109.5199966430664,110.63999938964844,24570200
2015-06-02,101.3433609008789,110.06999969482422,110.61000061035156,109.47000122070312,110.01000213623047,19449600
2015-06-03,101.6471939086914,110.4000015258789,110.80999755859375,110.12999725341797,110.56999969482422,20507200
2015-06-04,100.87378692626953,109.55999755859375,110.4800033569336,109.20999908447266,109.77999877929688,31374600
2015-06-05,100.63440704345703,109.30000305175781,109.69000244140625,108.62999725341797,109.43000030517578,22641700
2015-06-08,99.6124038696289,108.19000244140625,109.33000183105469,107.97000122070312,109.25,24549200
2015-06-09,99.44664764404297,108.01000213623047,108.4000015258789,107.19999694824219,107.93000030517578,27554600
2015-06-10,100.80931854248047,109.48999786376953,109.80999755859375,108.26000213623047,108.37999725341797,30297900
2015-06-11,100.95664978027344,109.6500015258789,110.1500015258789,109.45999908447266,109.86000061035156,17593500
2015-06-12,100.12796783447266,108.75,109.30000305175781,108.5999984741211,109.06999969482422,27201800
2015-06-15,99.63082122802734,108.20999908447266,108.37999725341797,107.30999755859375,107.94000244140625,31238800
2015-06-16,100.17404174804688,108.80000305175781,108.9800033569336,108.05000305175781,108.0999984741211,16456900
2015-06-17,100.45023345947266,109.0999984741211,109.44999694824219,108.43000030517578,108.9800033569336,23296700
2015-06-18,101.91421508789062,110.69000244140625,110.87999725341797,109.44000244140625,109.5,43032400
2015-06-19,101.41031646728516,109.88999938964844,110.58000183105469,109.80999755859375,110.48999786376953,27877600
2015-06-22,102.15780639648438,110.69999694824219,111.02999877929688,110.44999694824219,110.69999694824219,19120900
2015-06-23,102.24085998535156,110.79000091552734,110.88999938964844,110.33000183105469,110.81999969482422,18127900
2015-06-24,101.71485137939453,110.22000122070312,111.12999725341797,110.19000244140625,110.66000366210938,15815900
2015-06-25,101.51183319091797,110.0,110.76000213623047,109.81999969482422,110.6500015258789,18326700
2015-06-26,100.83812713623047,109.2699966430664,110.2300033569336,108.86000061035156,109.9800033569336,32311700
2015-06-29,98.45723724365234,106.69000244140625,108.66000366210938,106.63999938964844,108.05999755859375,50874900
2015-06-30,98.80789947509766,107.06999969482422,107.72000122070312,106.73999786376953,107.48999786376953,34809900
2015-07-01,99.59233856201172,107.91999816894531,108.3499984741211,107.41999816894531,108.12999725341797,21293000
2015-07-02,99.6200180053711,107.94999694824219,108.31999969482422,107.62000274658203,108.2300033569336,20499400
2015-07-06,99.3893051147461,107.69999694824219,108.31999969482422,107.04000091552734,107.2699966430664,24311000
2015-07-07,99.63846588134766,107.97000122070312,108.06999969482422,105.83000183105469,107.81999969482422,44230800
2015-07-08,97.90352630615234,106.08999633789062,107.33000183105469,105.88999938964844,107.19999694824219,39691500
2015-07-09,97.84817504882812,106.02999877929688,107.5999984741211,106.0199966430664,107.5,28381000
2015-07-10,99.34317016601562,107.6500015258789,108.05000305175781,107.05000305175781,107.44000244140625,26415800
2015-07-13,101.08736419677734,109.54000091552734,109.62999725341797,108.56999969482422,108.58000183105469,25780700
2015-07-14,101.75177764892578,110.26000213623047,110.55999755859375,109.62999725341797,109.69000244140625,21977200
2015-07-15,101.86253356933594,110.37999725341797,110.80999755859375,110.06999969482422,110.47000122070312,28631500
2015-07-16,103.30215454101562,111.94000244140625,111.95999908447266,111.06999969482422,111.29000091552734,29838900
2015-07-17,104.82479095458984,113.58999633789062,113.58999633789062,112.6500015258789,112.83999633789062,35926800
2015-07-20,105.18470764160156,113.9800033569336,114.38999938964844,113.4800033569336,113.83000183105469,26539000
2015-07-21,105.12010955810547,113.91000366210938,114.19999694824219,113.58000183105469,114.0199966430664,35468900
2015-07-22,103.92965698242188,112.62000274658203,113.16999816894531,112.16999816894531,112.16999816894531,35575000
2015-07-23,103.54208374023438,112.19999694824219,113.0999984741211,111.91000366210938,112.7300033569336,25698300
2015-07-24,102.52691650390625,111.0999984741211,113.0,110.93000030517578,112.80000305175781,30844700
2015-07-27,101.6779556274414,110.18000030517578,110.94999694824219,109.94000244140625,110.47000122070312,35994800
2015-07-28,102.55461883544922,111.12999725341797,111.3499984741211,109.79000091552734,110.66999816894531,33553500
2015-07-29,102.94222259521484,111.55000305175781,111.79000091552734,110.94000244140625,111.37000274658203,26714100
2015-07-30,103.43132781982422,112.08000183105469,112.2699966430664,110.62000274658203,111.29000091552734,25438100
2015-07-31,103.31135559082031,111.94999694824219,112.48999786376953,111.72000122070312,112.43000030517578,22081700
2015-08-03,102.98836517333984,111.5999984741211,112.27999877929688,110.86000061035156,111.97000122070312,25001800
2015-08-04,102.7945556640625,111.38999938964844,111.75,110.93000030517578,111.55000305175781,22132300
2015-08-05,103.58820343017578,112.25,113.0,111.87999725341797,112.01000213623047,28989900
2015-08-06,101.92713165283203,110.44999694824219,112.5,109.94999694824219,112.3499984741211,42125400
2015-08-07,101.79793548583984,110.30999755859375,110.56999969482422,109.4000015258789,110.18000030517578,30006800
2015-08-10,102.96070098876953,111.56999969482422,111.80999755859375,111.0,111.01000213623047,21500800
2015-08-11,101.64106750488281,110.13999938964844,111.41000366210938,109.52999877929688,110.9800033569336,36123300
2015-08-12,101.99169921875,110.5199966430664,110.73999786376953,108.22000122070312,109.37999725341797,41889000
2015-08-13,101.8255844116211,110.33999633789062,111.16000366210938,110.0999984741211,110.62999725341797,22510500
2015-08-14,101.98246765136719,110.51000213623047,110.66999816894531,109.86000061035156,110.08000183105469,17924900
2015-08-17,102.83145141601562,111.43000030517578,111.45999908447266,109.95999908447266,110.23999786376953,21224900
2015-08-18,102.30543518066406,110.86000061035156,111.37000274658203,110.70999908447266,111.27999877929688,13984400
2015-08-19,101.63179016113281,110.12999725341797,111.11000061035156,109.48999786376953,110.5199966430664,42511400
2015-08-20,98.8171615600586,107.08000183105469,109.45999908447266,107.06999969482422,109.11000061035156,57747300
2015-08-21,94.49828338623047,102.4000015258789,106.47000122070312,102.4000015258789,105.56999969482422,97763400
2015-08-24,90.86233520507812,98.45999908447266,102.52999877929688,84.73999786376953,94.2300033569336,150829900
2015-08-25,90.52082061767578,98.08999633789062,102.73999786376953,98.01000213623047,102.06999969482422,75088300
2015-08-26,95.07966613769531,103.02999877929688,103.2300033569336,98.93000030517578,100.95999908447266,104103800
2015-08-27,97.48827362060547,105.63999938964844,105.70999908447266,103.27999877929688,104.5199966430664,69377700
2015-08-28,97.46979522705078,105.62000274658203,106.0,104.8499984741211,105.08000183105469,49919600
2015-08-31,96.2608871459961,104.30999755859375,105.61000061035156,104.05000305175781,105.02999877929688,39549400
2015-09-01,93.25247955322266,101.05000305175781,103.29000091552734,100.62999725341797,101.70999908447266,73155500
2015-09-02,95.88255310058594,103.9000015258789,103.91999816894531,101.69999694824219,102.87999725341797,43963600
2015-09-03,95.41190338134766,103.38999938964844,105.0199966430664,103.0999984741211,104.30999755859375,45131800
2015-09-04,94.27680969238281,102.16000366210938,102.8499984741211,101.58999633789062,101.97000122070312,49379600
2015-09-08,96.93456268310547,105.04000091552734,105.16999816894531,103.69000244140625,104.12000274658203,37343500
2015-09-09,95.84561920166016,103.86000061035156,106.30999755859375,103.58999633789062,106.27999877929688,47146700
2015-09-10,96.88841247558594,104.98999786376953,105.68000030517578,103.62000274658203,103.73999786376953,47686700
2015-09-11,97.42367553710938,105.56999969482422,105.56999969482422,104.20999908447266,104.51000213623047,29106100
2015-09-14,97.12837982177734,105.25,105.9800033569336,104.8499984741211,105.95999908447266,19718800
2015-09-15,98.27266693115234,106.48999786376953,106.81999969482422,105.11000061035156,105.5,30020200
2015-09-16,98.82638549804688,107.08999633789062,107.19000244140625,106.13999938964844,106.51000213623047,31329100
2015-09-17,98.86328125,107.12999725341797,108.7300033569336,106.63999938964844,106.9800033569336,56139800
2015-09-18,97.4571533203125,105.3499984741211,106.5999984741211,105.16999816894531,105.2300033569336,48384000
2015-09-21,97.76243591308594,105.68000030517578,106.55000305175781,104.7300033569336,105.93000030517578,35772600
2015-09-22,96.30082702636719,104.0999984741211,104.41999816894531,103.12999725341797,104.05999755859375,47359700
2015-09-23,96.37483215332031,104.18000030517578,104.66000366210938,103.63999938964844,104.37999725341797,21775100
2015-09-24,96.02332305908203,103.80000305175781,104.19000244140625,102.2699966430664,103.16999816894531,38284300
2015-09-25,95.209228515625,102.91999816894531,105.01000213623047,102.27999877929688,104.91000366210938,44700000
2015-09-28,92.49873352050781,99.98999786376953,102.55000305175781,99.69000244140625,102.4800033569336,44077500
2015-09-29,92.0177230834961,99.47000122070312,101.26000213623047,98.75,100.23999786376953,49315500
2015-09-30,94.13617706298828,101.76000213623047,101.87000274658203,100.5,100.88999938964844,41411400
2015-10-01,94.56166076660156,102.22000122070312,102.2300033569336,100.58999633789062,101.94000244140625,39339100
2015-10-02,96.21758270263672,104.01000213623047,104.01000213623047,100.4800033569336,100.80000305175781,59370900
2015-10-05,97.595947265625,105.5,105.77999877929688,104.55000305175781,104.77999877929688,32853500
2015-10-06,97.13340759277344,105.0,105.5999984741211,104.18000030517578,105.25,33051500
2015-10-07,97.71620178222656,105.62999725341797,105.86000061035156,104.29000091552734,105.66000366210938,37389300
2015-10-08,98.104736328125,106.05000305175781,106.2300033569336,104.20999908447266,105.2300033569336,50188900
2015-10-09,98.54878997802734,106.52999877929688,106.7300033569336,105.80999755859375,106.0999984741211,23916200
2015-10-12,98.789306640625,106.79000091552734,106.98999786376953,106.3499984741211,106.7300033569336,16162000
2015-10-13,98.15096282958984,106.0999984741211,107.26000213623047,106.0,106.18000030517578,26999600
2015-10-14,97.99374389648438,105.93000030517578,106.62999725341797,105.48999786376953,106.0999984741211,30902600
2015-10-15,99.60335540771484,107.66999816894531,107.68000030517578,106.18000030517578,106.31999969482422,38393800
2015-10-16,100.0196533203125,108.12000274658203,108.18000030517578,107.37999725341797,107.9000015258789,27091100
2015-10-19,100.59320068359375,108.73999786376953,108.80999755859375,107.73999786376953,107.9800033569336,23776300
2015-10-20,100.07514953613281,108.18000030517578,108.77999877929688,107.80999755859375,108.55000305175781,23404700
2015-10-21,99.46456909179688,107.5199966430664,108.83999633789062,107.4800033569336,108.7300033569336,30195200
2015-10-22,101.49052429199219,109.70999908447266,109.80000305175781,108.16999816894531,108.4800033569336,42778700
2015-10-23,104.33052825927734,112.77999877929688,113.23999786376953,112.06999969482422,112.66000366210938,53170900
2015-10-26,104.39527130126953,112.8499984741211,113.06999969482422,112.2699966430664,112.69999694824219,25918000
2015-10-27,104.60804748535156,113.08000183105469,113.23999786376953,112.5199966430664,112.55000305175781,31390500
2015-10-28,105.47760772705078,114.0199966430664,114.0199966430664,112.33999633789062,113.25,42221900
2015-10-29,105.31108856201172,113.83999633789062,114.02999877929688,113.37999725341797,113.5,24913300
2015-10-30,104.83932495117188,113.33000183105469,114.08000183105469,113.30000305175781,113.88999938964844,27199200
2015-11-02,106.02342224121094,114.61000061035156,114.75,113.38999938964844,113.62999725341797,22176900
2015-11-03,106.39344787597656,115.01000213623047,115.41999816894531,114.20999908447266,114.37999725341797,20418400
2015-11-04,106.40271759033203,115.0199966430664,115.47000122070312,114.54000091552734,115.38999938964844,28633000
2015-11-05,106.1159439086914,114.70999908447266,115.4000015258789,114.11000061035156,115.12000274658203,25004100
2015-11-06,106.18994903564453,114.79000091552734,114.91999816894531,113.76000213623047,114.48999786376953,29924900
2015-11-09,105.06132507324219,113.56999969482422,114.51000213623047,112.87000274658203,114.36000061035156,33479800
2015-11-10,104.79305267333984,113.27999877929688,113.38999938964844,112.62999725341797,112.97000122070312,35452100
2015-11-11,104.66356658935547,113.13999938964844,114.13999938964844,112.94999694824219,113.58999633789062,22748800
2015-11-12,103.64596557617188,112.04000091552734,113.2300033569336,111.95999908447266,112.68000030517578,31196900
2015-11-13,101.61078643798828,109.83999633789062,111.69000244140625,109.77999877929688,111.56999969482422,52836000
2015-11-16,103.07239532470703,111.41999816894531,111.44000244140625,109.4800033569336,109.7300033569336,33980600
2015-11-17,103.13716888427734,111.48999786376953,112.29000091552734,111.20999908447266,111.61000061035156,30579500
2015-11-18,105.11685943603516,113.62999725341797,113.73999786376953,111.83000183105469,111.94000244140625,32966500
2015-11-19,105.19084167480469,113.70999908447266,114.2300033569336,113.48999786376953,113.69000244140625,26188100
2015-11-20,105.90316009521484,114.4800033569336,114.56999969482422,114.13999938964844,114.25,22727600
2015-11-23,105.597900390625,114.1500015258789,114.94000244140625,113.66000366210938,114.5199966430664,20696200
2015-11-24,105.50537109375,114.05000305175781,114.31999969482422,112.83999633789062,113.41000366210938,26374400
2015-11-25,105.597900390625,114.1500015258789,114.36000061035156,113.91000366210938,114.22000122070312,14159900
2015-11-27,105.74588012695312,114.30999755859375,114.54000091552734,113.91999816894531,114.4000015258789,8828000
2015-11-30,105.47760772705078,114.0199966430664,114.6500015258789,113.6500015258789,114.6500015258789,25041600
2015-12-01,106.53221893310547,115.16000366210938,115.16000366210938,114.33999633789062,114.4800033569336,28639400
2015-12-02,105.87541198730469,114.44999694824219,115.75,114.27999877929688,115.25,22395500
2015-12-03,104.08074188232422,112.51000213623047,114.95999908447266,111.83999633789062,114.76000213623047,42754300
2015-12-04,106.5136947631836,115.13999938964844,115.33000183105469,112.62000274658203,112.8499984741211,40037300
2015-12-07,106.03265380859375,114.62000274658203,115.29000091552734,114.06999969482422,115.22000122070312,25892100
2015-12-08,106.04191589355469,114.62999725341797,115.0,113.37999725341797,113.41999816894531,30792600
2015-12-09,104.43228912353516,112.88999938964844,114.76000213623047,112.19999694824219,114.12999725341797,48509200
2015-12-10,104.90409088134766,113.4000015258789,114.16000366210938,112.80999755859375,113.1500015258789,30154600
2015-12-11,102.48960876464844,110.79000091552734,112.38999938964844,110.72000122070312,112.08999633789062,56022200
2015-12-14,103.26667785644531,111.62999725341797,111.68000030517578,109.37999725341797,110.94000244140625,53098500
2015-12-15,103.89573669433594,112.30999755859375,113.27999877929688,112.16999816894531,112.66000366210938,48428000
2015-12-16,105.44062042236328,113.9800033569336,114.16999816894531,111.88999938964844,113.06999969482422,44944100
2015-12-17,103.90497589111328,112.31999969482422,114.4800033569336,112.30000305175781,114.4800033569336,45668800
2015-12-18,101.91184997558594,109.83000183105469,111.87999725341797,109.83000183105469,111.62999725341797,53746100
2015-12-21,103.04389190673828,111.05000305175781,111.06999969482422,110.05000305175781,110.87000274658203,26432800
2015-12-22,103.72122192382812,111.77999877929688,111.94000244140625,111.05000305175781,111.63999938964844,26540300
2015-12-23,104.49140930175781,112.61000061035156,112.69000244140625,112.16000366210938,112.36000061035156,25656900
2015-12-24,104.47284698486328,112.58999633789062,112.9000015258789,112.54000091552734,112.61000061035156,11468600
2015-12-28,104.41718292236328,112.52999877929688,112.55000305175781,111.51000213623047,112.31999969482422,19183600
2015-12-29,106.0595703125,114.30000305175781,114.55000305175781,113.12999725341797,113.19999694824219,27725700
2015-12-30,105.10384368896484,113.2699966430664,114.23999786376953,113.25,114.19999694824219,19520100
2015-12-31,103.79549407958984,111.86000061035156,113.08000183105469,111.83999633789062,112.87000274658203,29886800
2016-01-04,101.60564422607422,109.5,109.5999984741211,108.12000274658203,109.44999694824219,50807600
2016-01-05,101.42931365966797,109.30999755859375,110.18000030517578,108.80000305175781,110.04000091552734,38795200
2016-01-06,100.4550552368164,108.26000213623047,108.88999938964844,107.41000366210938,107.41000366210938,41891100
2016-01-07,97.3094482421875,104.87000274658203,107.29000091552734,104.80999755859375,105.94999694824219,61386300
2016-01-08,96.51142883300781,104.01000213623047,106.29000091552734,103.9000015258789,105.62999725341797,69344000
2016-01-11,96.80834197998047,104.33000183105469,105.05999755859375,102.7300033569336,104.75,50024100
2016-01-12,97.93113708496094,105.54000091552734,106.08000183105469,104.08000183105469,105.33000183105469,46734200
2016-01-13,94.55353546142578,101.9000015258789,106.2300033569336,101.73999786376953,105.97000122070312,69870700
2016-01-14,96.56713104248047,104.06999969482422,104.9800033569336,100.66999816894531,102.30000305175781,78445700
2016-01-15,93.56995391845703,100.83999633789062,101.94000244140625,99.51000213623047,100.62000274658203,91443900
2016-01-19,93.77411651611328,101.05999755859375,102.37000274658203,99.87999725341797,102.20999908447266,56563800
2016-01-20,93.48644256591797,100.75,101.83000183105469,97.25,99.47000122070312,86675000
2016-01-21,93.57923889160156,100.8499984741211,102.3499984741211,99.81999969482422,101.18000030517578,61660100
2016-01-22,96.28874206542969,103.7699966430664,103.80999755859375,102.52999877929688,102.87999725341797,42229800
2016-01-25,94.85979461669922,102.2300033569336,103.98999786376953,102.13999938964844,103.4000015258789,38881500
2016-01-26,95.71343231201172,103.1500015258789,103.58999633789062,101.76000213623047,102.66000366210938,36143900
2016-01-27,93.3287124633789,100.58000183105469,102.98999786376953,100.1500015258789,102.55000305175781,54524700
2016-01-28,94.64632415771484,102.0,102.29000091552734,100.26000213623047,102.25,47641500
2016-01-29,96.62277221679688,104.12999725341797,104.16999816894531,101.94000244140625,101.97000122070312,54245100
2016-02-01,96.88260650634766,104.41000366210938,104.80000305175781,103.2300033569336,103.62999725341797,32750300
2016-02-02,94.78553771972656,102.1500015258789,103.97000122070312,101.83999633789062,103.93000030517578,44928100
2016-02-03,94.33086395263672,101.66000366210938,102.83000183105469,99.87999725341797,102.83000183105469,61572900
2016-02-04,94.32159423828125,101.6500015258789,102.45999908447266,100.44000244140625,101.38999938964844,49321600
2016-02-05,91.04608154296875,98.12000274658203,101.33000183105469,97.72000122070312,101.29000091552734,70749900
2016-02-08,89.65423583984375,96.62000274658203,97.05000305175781,94.83999633789062,96.29000091552734,91673100
2016-02-09,89.37584686279297,96.31999969482422,97.77999877929688,95.18000030517578,95.33000183105469,73778400
2016-02-10,89.71918487548828,96.69000244140625,98.69000244140625,96.62000274658203,97.43000030517578,59421700
2016-02-11,89.58928680419922,96.55000305175781,97.31999969482422,95.19000244140625,95.45999908447266,76839200
2016-02-12,90.95327758789062,98.0199966430664,98.12000274658203,96.7300033569336,97.63999938964844,49186500
2016-02-16,93.00396728515625,100.2300033569336,100.2300033569336,98.8499984741211,99.47000122070312,40565900
2016-02-17,95.11029815673828,102.5,102.63999938964844,100.69999694824219,100.95999908447266,41766500
2016-02-18,94.02465057373047,101.33000183105469,102.83999633789062,101.19999694824219,102.81999969482422,38991500
2016-02-19,94.30300903320312,101.62999725341797,101.94000244140625,100.62000274658203,100.83999633789062,28257900
2016-02-22,95.83406066894531,103.27999877929688,103.37999725341797,102.4800033569336,102.58000183105469,23979100
2016-02-23,94.25663757324219,101.58000183105469,102.95999908447266,101.51000213623047,102.68000030517578,29869700
2016-02-24,95.15666198730469,102.55000305175781,102.68000030517578,99.7699966430664,100.38999938964844,40739100
2016-02-25,96.09385681152344,103.55999755859375,103.55999755859375,101.83999633789062,102.76000213623047,29389300
2016-02-26,95.97323608398438,103.43000030517578,104.37000274658203,103.18000030517578,104.3499984741211,30925000
2016-02-29,95.11029815673828,102.5,104.0999984741211,102.5,103.33000183105469,27553900
2016-03-01,98.16313171386719,105.79000091552734,105.79000091552734,103.16000366210938,103.4800033569336,37699800
2016-03-02,98.20024871826172,105.83000183105469,105.8499984741211,105.01000213623047,105.66000366210938,29209800
2016-03-03,98.0146255493164,105.62999725341797,105.75,104.87000274658203,105.72000122070312,25474600
2016-03-04,98.05172729492188,105.66999816894531,106.3499984741211,104.97000122070312,105.75,31655400
2016-03-07,97.4486083984375,105.0199966430664,105.73999786376953,104.2699966430664,105.12999725341797,25861200
2016-03-08,96.64131164550781,104.1500015258789,105.20999908447266,103.97000122070312,104.30000305175781,28898500
2016-03-09,97.2630386352539,104.81999969482422,104.83999633789062,103.95999908447266,104.54000091552734,31047400
2016-03-10,97.11457061767578,104.66000366210938,105.86000061035156,103.30999755859375,105.26000213623047,44236100
2016-03-11,98.8126220703125,106.48999786376953,106.48999786376953,105.45999908447266,105.79000091552734,31454000
2016-03-14,98.97966003417969,106.66999816894531,106.91999816894531,106.05999755859375,106.08999633789062,25374900
2016-03-15,98.94253540039062,106.62999725341797,106.75,105.94999694824219,106.29000091552734,26524600
2016-03-16,99.8240737915039,107.58000183105469,107.86000061035156,106.33999633789062,106.37000274658203,31693100
2016-03-17,99.76835632324219,107.5199966430664,107.7699966430664,106.87000274658203,107.2699966430664,29623700
2016-03-18,99.92471313476562,107.37000274658203,107.63999938964844,106.80000305175781,107.45999908447266,37682300
2016-03-21,100.31558227539062,107.79000091552734,107.88999938964844,107.12000274658203,107.18000030517578,17288600
2016-03-22,100.62273406982422,108.12000274658203,108.37000274658203,107.16000366210938,107.18000030517578,18840300
2016-03-23,99.79443359375,107.2300033569336,107.98999786376953,106.98999786376953,107.91000366210938,20912900
2016-03-24,99.82235717773438,107.26000213623047,107.29000091552734,106.52999877929688,106.70999908447266,19017300
2016-03-28,99.68274688720703,107.11000061035156,107.58000183105469,106.91999816894531,107.55999755859375,13892300
2016-03-29,101.28349304199219,108.83000183105469,108.9000015258789,106.7300033569336,106.91000366210938,29963900
2016-03-30,101.77678680419922,109.36000061035156,110.04000091552734,109.12999725341797,109.4800033569336,23807200
2016-03-31,101.62781524658203,109.19999694824219,109.69000244140625,109.02999877929688,109.27999877929688,21447200
2016-04-01,102.70738983154297,110.36000061035156,110.4000015258789,108.38999938964844,108.54000091552734,26389000
2016-04-04,102.31653594970703,109.94000244140625,110.44000244140625,109.68000030517578,110.36000061035156,17163000
2016-04-05,101.33000946044922,108.87999725341797,109.5,108.73999786376953,109.08999633789062,20107900
2016-04-06,102.99591064453125,110.66999816894531,110.70999908447266,108.98999786376953,108.98999786376953,25056000
2016-04-07,101.51615142822266,109.08000183105469,110.2300033569336,108.61000061035156,110.02999877929688,28567200
2016-04-08,101.44169616699219,109.0,110.0199966430664,108.62000274658203,109.76000213623047,22898000
2016-04-11,101.06944274902344,108.5999984741211,110.0199966430664,108.58999633789062,109.47000122070312,25772100
2016-04-12,101.91632080078125,109.51000213623047,109.72000122070312,108.0199966430664,108.68000030517578,28564100
2016-04-13,103.2192611694336,110.91000366210938,111.08000183105469,110.20999908447266,110.3499984741211,25356700
2016-04-14,103.22856903076172,110.91999816894531,111.33000183105469,110.0,110.93000030517578,17199700
2016-04-15,102.96797180175781,110.63999938964844,111.05999755859375,110.36000061035156,110.83000183105469,21353300
2016-04-18,103.51710510253906,111.2300033569336,111.2699966430664,110.25,110.31999969482422,17126100
2016-04-19,102.88420104980469,110.55000305175781,111.44000244140625,109.87999725341797,111.44000244140625,42481400
2016-04-20,102.96797180175781,110.63999938964844,111.1500015258789,110.16999816894531,110.55000305175781,18078300
2016-04-21,102.977294921875,110.6500015258789,111.05000305175781,110.1500015258789,110.58000183105469,20216000
2016-04-22,101.42310333251953,108.9800033569336,109.72000122070312,108.12000274658203,109.20999908447266,39074000
2016-04-25,101.42310333251953,108.9800033569336,108.98999786376953,108.44999694824219,108.6500015258789,14351900
2016-04-26,100.92982482910156,108.44999694824219,109.38999938964844,108.12000274658203,109.20999908447266,19118300
2016-04-27,100.12018585205078,107.58000183105469,107.83000183105469,106.69000244140625,107.33999633789062,33059800
2016-04-28,98.91028594970703,106.27999877929688,108.33000183105469,106.06999969482422,107.69999694824219,29818200
2016-04-29,98.38916015625,105.72000122070312,106.5,104.87999725341797,106.27999877929688,67502800
2016-05-02,99.31978607177734,106.72000122070312,106.87000274658203,105.55000305175781,105.98999786376953,24813800
2016-05-03,98.39846801757812,105.7300033569336,106.44000244140625,105.44999694824219,105.95999908447266,38569400
2016-05-04,97.76558685302734,105.05000305175781,105.4800033569336,104.79000091552734,105.08999633789062,27474500
2016-05-05,97.73766326904297,105.0199966430664,105.66000366210938,104.80999755859375,105.43000030517578,20788100
2016-05-06,98.25882720947266,105.58000183105469,105.5999984741211,104.4000015258789,104.5,30758500
2016-05-09,98.5380630493164,105.87999725341797,106.37000274658203,105.54000091552734,105.58999633789062,19289600
2016-05-10,99.88751220703125,107.33000183105469,107.37999725341797,106.06999969482422,106.26000213623047,21178900
2016-05-11,98.9847640991211,106.36000061035156,107.48999786376953,106.33000183105469,107.16999816894531,20966300
2016-05-12,98.54734802246094,105.88999938964844,106.73999786376953,105.13999938964844,106.61000061035156,29196300
2016-05-13,98.18441009521484,105.5,106.44999694824219,105.29000091552734,105.80000305175781,21059300
2016-05-16,99.41287994384766,106.81999969482422,107.20999908447266,105.55999755859375,105.66000366210938,18311900
2016-05-17,98.165771484375,105.4800033569336,107.04000091552734,105.19999694824219,106.7300033569336,29932700
2016-05-18,98.5194320678711,105.86000061035156,106.43000030517578,105.04000091552734,105.23999786376953,27524400
2016-05-19,98.00757598876953,105.30999755859375,105.70999908447266,104.54000091552734,105.44999694824219,27334600
2016-05-20,99.087158203125,106.47000122070312,106.9000015258789,105.66999816894531,105.7300033569336,29549600
2016-05-23,98.95684814453125,106.33000183105469,106.97000122070312,106.2300033569336,106.58999633789062,15729800
2016-05-24,100.93915557861328,108.45999908447266,108.58999633789062,106.88999938964844,106.91999816894531,29931300
2016-05-25,101.6650619506836,109.23999786376953,109.56999969482422,108.68000030517578,108.87000274658203,37951700
2016-05-26,101.962890625,109.55999755859375,109.69999694824219,109.08999633789062,109.3499984741211,21885900
2016-05-27,102.49331665039062,110.12999725341797,110.13999938964844,109.61000061035156,109.62999725341797,19870000
2016-05-31,102.68878936767578,110.33999633789062,110.51000213623047,109.77999877929688,110.27999877929688,24366100
2016-06-01,102.69808197021484,110.3499984741211,110.5999984741211,109.91000366210938,110.0,19571500
2016-06-02,102.91215515136719,110.58000183105469,110.58999633789062,109.52999877929688,110.12999725341797,15696600
2016-06-03,102.42819213867188,110.05999755859375,110.41999816894531,109.33999633789062,110.37000274658203,20269900
2016-06-06,102.80046081542969,110.45999908447266,110.75,110.06999969482422,110.26000213623047,12502400
2016-06-07,102.53987884521484,110.18000030517578,110.62999725341797,110.12999725341797,110.5199966430664,12184300
2016-06-08,102.71673583984375,110.37000274658203,110.5999984741211,109.95999908447266,110.37000274658203,14568700
2016-06-09,102.54917907714844,110.19000244140625,110.30999755859375,109.70999908447266,109.91999816894531,17571600
2016-06-10,101.38587951660156,108.94000244140625,109.4000015258789,108.55999755859375,109.19000244140625,32965000
2016-06-13,100.5389633178711,108.02999877929688,108.93000030517578,107.88999938964844,108.31999969482422,25154700
2016-06-14,100.5389633178711,108.02999877929688,108.41999816894531,107.23999786376953,107.73999786376953,24588500
2016-06-15,100.25044250488281,107.72000122070312,108.44000244140625,107.54000091552734,108.29000091552734,24605700
2016-06-16,100.54827880859375,108.04000091552734,108.13999938964844,106.5,107.19000244140625,32079900
2016-06-17,99.3697280883789,106.48999786376953,107.68000030517578,106.23999786376953,107.52999877929688,29208800
2016-06-20,99.9948959350586,107.16000366210938,108.23999786376953,107.08000183105469,107.7300033569336,20562800
2016-06-21,100.31218719482422,107.5,107.72000122070312,107.0999984741211,107.30000305175781,22804100
2016-06-22,100.06957244873047,107.23999786376953,108.19000244140625,107.1500015258789,107.55999755859375,22724200
2016-06-23,101.49725341796875,108.7699966430664,108.79000091552734,107.62000274658203,108.06999969482422,18714200
2016-06-24,97.31678771972656,104.29000091552734,106.5,104.05999755859375,104.9000015258789,68012700
2016-06-27,95.38525390625,102.22000122070312,103.5999984741211,101.75,103.5999984741211,48222600
2016-06-28,97.4754638671875,104.45999908447266,104.51000213623047,103.30000305175781,103.3499984741211,28260600
2016-06-29,99.2017593383789,106.30999755859375,106.52999877929688,105.2300033569336,105.27999877929688,31356700
2016-06-30,100.34954833984375,107.54000091552734,107.61000061035156,106.12999725341797,106.48999786376953,36300800
2016-07-01,100.85338592529297,108.08000183105469,108.4800033569336,107.44999694824219,107.48999786376953,19902800
2016-07-05,100.2375259399414,107.41999816894531,107.66000366210938,106.83999633789062,107.51000213623047,21167900
2016-07-06,101.05867767333984,108.30000305175781,108.3499984741211,106.56999969482422,106.91000366210938,24579300
2016-07-07,101.3572998046875,108.62000274658203,108.86000061035156,108.11000061035156,108.4000015258789,19161700
2016-07-08,102.92498016357422,110.30000305175781,110.36000061035156,109.0199966430664,109.19999694824219,29457900
2016-07-11,103.51284790039062,110.93000030517578,111.33999633789062,110.66000366210938,110.66999816894531,20218500
2016-07-12,104.035400390625,111.48999786376953,111.79000091552734,111.33999633789062,111.61000061035156,21906100
2016-07-13,103.783447265625,111.22000122070312,111.81999969482422,111.20999908447266,111.75,21107800
2016-07-14,104.49263763427734,111.9800033569336,112.19000244140625,111.69999694824219,111.95999908447266,20871000
2016-07-15,104.32466888427734,111.80000305175781,112.30000305175781,111.55000305175781,112.23999786376953,17999300
2016-07-18,105.01519775390625,112.54000091552734,112.73999786376953,111.8499984741211,111.87000274658203,20713900
2016-07-19,104.6325912475586,112.12999725341797,112.4800033569336,111.93000030517578,112.1500015258789,18936700
2016-07-20,105.85501861572266,113.44000244140625,113.6500015258789,112.5999984741211,112.73999786376953,24997900
2016-07-21,105.61241149902344,113.18000030517578,113.73999786376953,112.87000274658203,113.5199966430664,18885400
2016-07-22,106.05097198486328,113.6500015258789,113.77999877929688,112.91000366210938,113.26000213623047,20003400
2016-07-25,106.06031036376953,113.66000366210938,113.69000244140625,113.27999877929688,113.55999755859375,12968100
2016-07-26,106.18161010742188,113.79000091552734,114.19999694824219,113.22000122070312,113.62000274658203,21223800
2016-07-27,106.91879272460938,114.58000183105469,114.87999725341797,114.0999984741211,114.75,27646100
2016-07-28,107.29206085205078,114.9800033569336,115.11000061035156,114.4000015258789,114.76000213623047,16939700
2016-07-29,107.52529907226562,115.2300033569336,115.54000091552734,114.87000274658203,115.23999786376953,22385300
2016-08-01,108.09454345703125,115.83999633789062,116.12999725341797,115.16999816894531,115.30999755859375,13990100
2016-08-02,107.27338409423828,114.95999908447266,115.7699966430664,114.22000122070312,115.66999816894531,21278400
2016-08-03,107.62799072265625,115.33999633789062,115.3499984741211,114.80000305175781,114.87000274658203,15011300
2016-08-04,107.93592071533203,115.66999816894531,115.77999877929688,115.02999877929688,115.30000305175781,12835300
2016-08-05,108.97168731689453,116.77999877929688,117.04000091552734,116.12999725341797,116.26000213623047,23196600
2016-08-08,108.85037994384766,116.6500015258789,116.87000274658203,116.27999877929688,116.83999633789062,12358200
2016-08-09,109.10230255126953,116.91999816894531,117.29000091552734,116.66999816894531,116.73999786376953,13276500
2016-08-10,108.8223876953125,116.62000274658203,117.0199966430664,116.30999755859375,116.98999786376953,14688400
2016-08-11,109.2889404296875,117.12000274658203,117.37000274658203,116.77999877929688,117.0199966430664,12969800
2016-08-12,109.36360931396484,117.19999694824219,117.20999908447266,116.79000091552734,116.91999816894531,19379000
2016-08-15,109.83016967773438,117.69999694824219,117.97000122070312,117.30999755859375,117.3499984741211,11777800
2016-08-16,109.2236099243164,117.05000305175781,117.48999786376953,117.02999877929688,117.4800033569336,14161400
2016-08-17,109.41958618164062,117.26000213623047,117.30000305175781,116.43000030517578,117.08000183105469,15980300
2016-08-18,109.44759368896484,117.29000091552734,117.45999908447266,116.94999694824219,117.1500015258789,10036300
2016-08-19,109.41958618164062,117.26000213623047,117.5199966430664,116.76000213623047,117.08000183105469,18743000
2016-08-22,109.5035629272461,117.3499984741211,117.55000305175781,116.87000274658203,117.08999633789062,14500600
2016-08-23,109.69953918457031,117.55999755859375,118.01000213623047,117.51000213623047,117.80999755859375,11997900
2016-08-24,108.99037170410156,116.80000305175781,117.63999938964844,116.41000366210938,117.4800033569336,17728700
2016-08-25,108.8130874633789,116.61000061035156,116.97000122070312,116.36000061035156,116.5,24266300
2016-08-26,108.97168731689453,116.77999877929688,117.54000091552734,116.08000183105469,116.6500015258789,23896000
2016-08-29,109.12100982666016,116.94000244140625,117.25,116.79000091552734,116.80999755859375,11184900
2016-08-30,108.76639556884766,116.55999755859375,117.08999633789062,116.16000366210938,116.75,19843300
2016-08-31,108.65442657470703,116.44000244140625,116.55999755859375,115.94999694824219,116.37999725341797,16169800
2016-09-01,108.93436431884766,116.73999786376953,116.87999725341797,115.91000366210938,116.4800033569336,20944700
2016-09-02,109.2889404296875,117.12000274658203,117.55999755859375,116.68000030517578,117.31999969482422,18088200
2016-09-06,109.97014617919922,117.8499984741211,117.8499984741211,117.05999755859375,117.31999969482422,18525200
2016-09-07,110.03547668457031,117.91999816894531,118.12000274658203,117.47000122070312,117.95999908447266,17546900
2016-09-08,109.39161682128906,117.2300033569336,117.5999984741211,116.91999816894531,117.56999969482422,20125300
2016-09-09,106.63882446289062,114.27999877929688,116.51000213623047,114.26000213623047,116.25,50813300
2016-09-12,108.55176544189453,116.33000183105469,116.48999786376953,113.62999725341797,113.63999938964844,39646000
2016-09-13,107.58132934570312,115.29000091552734,116.08999633789062,114.7300033569336,115.75,45863900
2016-09-14,108.09454345703125,115.83999633789062,116.47000122070312,115.37999725341797,115.41000366210938,28221800
2016-09-15,109.77420043945312,117.63999938964844,117.81999969482422,115.86000061035156,115.87000274658203,38521400
2016-09-16,109.7218017578125,117.29000091552734,117.41000366210938,116.70999908447266,117.22000122070312,27596500
2016-09-19,109.24472045898438,116.77999877929688,117.94999694824219,116.55000305175781,117.58999633789062,16222900
2016-09-20,109.45051574707031,117.0,117.4800033569336,116.80000305175781,117.19999694824219,18078600
2016-09-21,110.52631378173828,118.1500015258789,118.31999969482422,116.80999755859375,117.5,31546800
2016-09-22,111.40564727783203,119.08999633789062,119.22000122070312,118.72000122070312,118.83999633789062,22614400
2016-09-23,110.6947021484375,118.33000183105469,119.0,118.16000366210938,119.0,22213400
2016-09-26,109.7685775756836,117.33999633789062,117.80000305175781,117.16999816894531,117.66000366210938,16403900
2016-09-27,110.85372161865234,118.5,118.55999755859375,117.1500015258789,117.26000213623047,20238400
2016-09-28,111.04084014892578,118.69999694824219,118.7699966430664,118.08999633789062,118.6500015258789,14794300
2016-09-29,110.236328125,117.83999633789062,118.72000122070312,117.33000183105469,118.5,27207500
2016-09-30,111.05951690673828,118.72000122070312,119.06999969482422,118.02999877929688,118.1500015258789,25543200
2016-10-03,110.90052032470703,118.55000305175781,118.69999694824219,118.08999633789062,118.56999969482422,19216400
2016-10-04,110.73213195800781,118.37000274658203,119.16000366210938,117.91999816894531,118.9000015258789,21239700
2016-10-05,111.12503814697266,118.79000091552734,119.16999816894531,118.66999816894531,118.72000122070312,14481300
2016-10-06,111.0688705444336,118.7300033569336,118.9800033569336,118.1500015258789,118.63999938964844,11987100
2016-10-07,110.8256607055664,118.47000122070312,119.01000213623047,117.88999938964844,118.83999633789062,19984200
2016-10-10,111.52725219726562,119.22000122070312,119.4800033569336,119.02999877929688,119.08000183105469,19687300
2016-10-11,109.93696594238281,117.5199966430664,119.13999938964844,117.0,119.12000274658203,27774400
2016-10-12,109.84339141845703,117.41999816894531,117.81999969482422,117.05999755859375,117.62999725341797,14267800
2016-10-13,109.45051574707031,117.0,117.31999969482422,115.94000244140625,116.62000274658203,22821000
2016-10-14,109.58148193359375,117.13999938964844,118.05000305175781,117.06999969482422,117.58000183105469,21313300
2016-10-17,109.28211975097656,116.81999969482422,117.30000305175781,116.66999816894531,117.04000091552734,14182700
2016-10-18,110.25501251220703,117.86000061035156,118.41000366210938,117.80000305175781,118.20999908447266,19276700
2016-10-19,110.24566650390625,117.8499984741211,118.0199966430664,117.63999938964844,117.7699966430664,13702900
2016-10-20,110.11470031738281,117.70999908447266,117.97000122070312,117.02999877929688,117.7300033569336,18132200
2016-10-21,110.52631378173828,118.1500015258789,118.22000122070312,117.41000366210938,117.80000305175781,15707800
2016-10-24,111.85466003417969,119.56999969482422,119.6500015258789,118.88999938964844,118.91000366210938,19143000
2016-10-25,111.49919128417969,119.19000244140625,119.66000366210938,119.01000213623047,119.63999938964844,20341800
2016-10-26,110.741455078125,118.37999725341797,119.02999877929688,118.02999877929688,118.41999816894531,20463700
2016-10-27,110.236328125,117.83999633789062,118.98999786376953,117.66999816894531,118.88999938964844,19099800
2016-10-28,109.54408264160156,117.0999984741211,118.11000061035156,116.73999786376953,117.5,35369300
2016-10-31,109.44114685058594,116.98999786376953,117.52999877929688,116.93000030517578,117.52999877929688,18749400
2016-11-01,108.61793518066406,116.11000061035156,117.20999908447266,115.0999984741211,117.19000244140625,23498700
2016-11-02,107.74797821044922,115.18000030517578,116.30000305175781,114.88999938964844,116.02999877929688,26960100
2016-11-03,106.69086456298828,114.05000305175781,115.37000274658203,113.91999816894531,114.98999786376953,36205200
2016-11-04,106.31668090820312,113.6500015258789,114.54000091552734,113.44999694824219,113.7699966430664,26997500
2016-11-07,108.84246826171875,116.3499984741211,116.47000122070312,115.30000305175781,115.48999786376953,26591200
2016-11-08,109.55342102050781,117.11000061035156,117.63999938964844,115.95999908447266,116.2300033569336,20777900
2016-11-09,110.05857849121094,117.6500015258789,117.83999633789062,115.5999984741211,115.73999786376953,70234400
2016-11-10,108.28116607666016,115.75,118.37999725341797,114.19999694824219,118.22000122070312,72825400
2016-11-11,108.32794189453125,115.80000305175781,116.05000305175781,114.83999633789062,115.25,41115200
2016-11-14,107.23345947265625,114.62999725341797,115.94000244140625,114.02999877929688,115.83000183105469,35906000
2016-11-15,108.72083282470703,116.22000122070312,116.62000274658203,115.33000183105469,115.5,31796600
2016-11-16,109.36631774902344,116.91000366210938,116.98999786376953,115.66999816894531,115.66999816894531,16538100
2016-11-17,110.16146087646484,117.76000213623047,117.77999877929688,116.61000061035156,116.8499984741211,20598600
2016-11-18,109.74986267089844,117.31999969482422,118.0999984741211,117.20999908447266,117.9000015258789,16428700
2016-11-21,110.89115142822266,118.54000091552734,118.6500015258789,117.56999969482422,117.61000061035156,20268500
2016-11-22,111.22792053222656,118.9000015258789,119.19000244140625,118.61000061035156,119.01000213623047,18850600
2016-11-23,110.77888488769531,118.41999816894531,118.63999938964844,117.9000015258789,118.51000213623047,22926000
2016-11-25,111.13436889648438,118.80000305175781,118.8499984741211,118.41999816894531,118.55999755859375,7162800
2016-11-28,110.88178253173828,118.52999877929688,119.08000183105469,118.41000366210938,118.6500015258789,13479000
2016-11-29,111.26533508300781,118.94000244140625,119.51000213623047,118.30000305175781,118.63999938964844,18553000
2016-11-30,109.91824340820312,117.5,119.12999725341797,117.45999908447266,119.08999633789062,30405300
2016-12-01,108.01925659179688,115.47000122070312,117.47000122070312,115.29000091552734,117.45999908447266,39796600
2016-12-02,108.23440551757812,115.69999694824219,116.16000366210938,115.22000122070312,115.54000091552734,32876800
2016-12-05,109.07632446289062,116.5999984741211,117.05999755859375,115.7699966430664,116.30000305175781,21419700
2016-12-06,109.33826446533203,116.87999725341797,117.08000183105469,116.38999938964844,116.93000030517578,27293300
2016-12-07,110.72276306152344,118.36000061035156,118.51000213623047,116.29000091552734,116.63999938964844,26622400
2016-12-08,110.91919708251953,118.56999969482422,118.87000274658203,118.18000030517578,118.41000366210938,18578400
2016-12-09,111.78921508789062,119.5,119.54000091552734,119.0,119.01000213623047,21863100
2016-12-12,111.2840576171875,118.95999908447266,119.20999908447266,118.47000122070312,118.97000122070312,23259300
2016-12-13,112.6872787475586,120.45999908447266,121.11000061035156,119.31999969482422,119.31999969482422,54477900
2016-12-14,112.45337677001953,120.20999908447266,121.0,119.86000061035156,120.61000061035156,28746000
2016-12-15,112.63113403320312,120.4000015258789,121.11000061035156,120.08000183105469,120.37000274658203,22762300
2016-12-16,112.213623046875,119.5999984741211,120.58000183105469,119.36000061035156,120.33999633789062,26283900
2016-12-19,112.67333984375,120.08999633789062,120.83000183105469,119.55000305175781,119.72000122070312,21138700
2016-12-20,113.10494995117188,120.55000305175781,120.7699966430664,120.33000183105469,120.47000122070312,11461800
2016-12-21,113.0205078125,120.45999908447266,120.68000030517578,120.19000244140625,120.5999984741211,7079300
2016-12-22,112.7015151977539,120.12000274658203,120.5,119.6500015258789,120.47000122070312,16645000
2016-12-23,112.77658081054688,120.19999694824219,120.25,119.80999755859375,119.91999816894531,9007500
2016-12-27,113.35826110839844,120.81999969482422,121.5199966430664,120.41000366210938,120.45999908447266,16110600
2016-12-28,112.47632598876953,119.87999725341797,121.19000244140625,119.80000305175781,121.08000183105469,17975200
2016-12-29,112.31682586669922,119.70999908447266,120.12999725341797,119.33000183105469,119.8499984741211,13267500
2016-12-30,111.16281127929688,118.4800033569336,119.94999694824219,118.13999938964844,119.94000244140625,41749000
2017-01-03,112.15731811523438,119.54000091552734,119.98999786376953,118.88999938964844,119.2699966430664,22307600
2017-01-04,112.76715850830078,120.19000244140625,120.41000366210938,119.66000366210938,119.66999816894531,19749100
2017-01-05,113.40518188476562,120.87000274658203,120.94999694824219,120.0999984741211,120.0999984741211,20644300
2017-01-06,114.39969635009766,121.93000030517578,122.25,120.69000244140625,121.0,24074300
2017-01-09,114.77498626708984,122.33000183105469,122.55000305175781,121.94999694824219,122.02999877929688,18909200
2017-01-10,115.02833557128906,122.5999984741211,122.97000122070312,122.0999984741211,122.37999725341797,16176600
2017-01-11,115.33795928955078,122.93000030517578,122.93000030517578,122.0199966430664,122.6500015258789,20686000
2017-01-12,115.15966796875,122.73999786376953,122.81999969482422,121.5999984741211,122.48999786376953,19622500
2017-01-13,115.55376434326172,123.16000366210938,123.37000274658203,122.80000305175781,122.80000305175781,16930800
2017-01-17,115.20658111572266,122.79000091552734,123.02999877929688,122.43000030517578,122.83999633789062,14538500
2017-01-18,115.44116973876953,123.04000091552734,123.16000366210938,122.66000366210938,122.97000122070312,12499700
2017-01-19,115.38488006591797,122.9800033569336,123.6500015258789,122.72000122070312,123.22000122070312,12710700
2017-01-20,115.63822174072266,123.25,123.83000183105469,122.91999816894531,123.5199966430664,22091000
2017-01-23,115.7320327758789,123.3499984741211,123.52999877929688,122.56999969482422,123.16999816894531,17434200
2017-01-24,116.5107421875,124.18000030517578,124.37000274658203,123.37999725341797,123.58999633789062,17640900
2017-01-25,117.68354034423828,125.43000030517578,125.45999908447266,124.8499984741211,124.95999908447266,15036200
2017-01-26,117.80554962158203,125.55999755859375,125.81999969482422,125.33999633789062,125.5999984741211,16052200
2017-01-27,118.03073120117188,125.80000305175781,125.91999816894531,125.38999938964844,125.83000183105469,15053000
2017-01-30,117.11124420166016,124.81999969482422,125.37999725341797,124.12999725341797,125.37999725341797,25006700
2017-01-31,116.87666320800781,124.56999969482422,124.5999984741211,123.8499984741211,124.37999725341797,19091100
2017-02-01,117.68354034423828,125.43000030517578,125.68000030517578,124.86000061035156,125.44999694824219,22861900
2017-02-02,117.58033752441406,125.31999969482422,125.69999694824219,124.86000061035156,125.20999908447266,15101400
2017-02-03,117.91812896728516,125.68000030517578,125.80999755859375,125.33000183105469,125.44999694824219,16957200
2017-02-06,118.05887603759766,125.83000183105469,125.8499984741211,125.3499984741211,125.47000122070312,11630100
2017-02-07,118.49044799804688,126.29000091552734,126.55000305175781,125.97000122070312,126.08999633789062,17541100
2017-02-08,118.68745422363281,126.5,126.68000030517578,125.87999725341797,126.12000274658203,12569100
2017-02-09,119.11906433105469,126.95999908447266,127.23999786376953,126.55999755859375,126.62999725341797,17542700
2017-02-10,119.51311492919922,127.37999725341797,127.55999755859375,127.0199966430664,127.23999786376953,13915700
2017-02-13,120.18866729736328,128.10000610351562,128.25999450683594,127.72000122070312,127.7699966430664,19120200
2017-02-14,120.59207153320312,128.52999877929688,128.5399932861328,127.73999786376953,128.14999389648438,16333500
2017-02-15,121.30516815185547,129.2899932861328,129.35000610351562,128.3699951171875,128.44000244140625,17891400
2017-02-16,121.26763916015625,129.25,129.6300048828125,128.9199981689453,129.3699951171875,15098300
2017-02-17,121.7930908203125,129.80999755859375,129.82000732421875,129.0399932861328,129.05999755859375,15563700
2017-02-21,122.39350128173828,130.4499969482422,130.52999877929688,129.99000549316406,130.05999755859375,18479600
2017-02-22,122.4404525756836,130.5,130.58999633789062,130.11000061035156,130.3300018310547,12110900
2017-02-23,121.980712890625,130.00999450683594,130.6999969482422,129.49000549316406,130.6999969482422,17489000
2017-02-24,122.21524047851562,130.25999450683594,130.25999450683594,129.3800048828125,129.4199981689453,18624500
2017-02-27,122.3653564453125,130.4199981689453,130.42999267578125,129.8000030517578,130.02000427246094,12008700
2017-02-28,121.99008178710938,130.02000427246094,130.4499969482422,129.66000366210938,130.38999938964844,16598600
2017-03-01,123.32238006591797,131.44000244140625,131.67999267578125,130.60000610351562,130.85000610351562,25813800
2017-03-02,122.703125,130.77999877929688,131.42999267578125,130.6199951171875,131.41000366210938,19951400
2017-03-03,122.9283447265625,131.02000427246094,131.05999755859375,130.33999633789062,130.69000244140625,13722700
2017-03-06,122.65621185302734,130.72999572753906,130.9499969482422,130.2100067138672,130.58999633789062,12026200
2017-03-07,122.44982147216797,130.50999450683594,131.0800018310547,130.27999877929688,130.47000122070312,15500900
2017-03-08,122.66561126708984,130.74000549316406,131.14999389648438,130.4600067138672,130.58999633789062,15776000
2017-03-09,122.75945281982422,130.83999633789062,131.02000427246094,130.13999938964844,130.7100067138672,20855300
2017-03-10,123.2754898071289,131.38999938964844,131.60000610351562,130.82000732421875,131.44000244140625,21922600
2017-03-13,123.48188018798828,131.61000061035156,131.63999938964844,131.27000427246094,131.33999633789062,10731600
2017-03-14,123.18164825439453,131.2899932861328,131.36000061035156,130.75999450683594,131.30999755859375,14019700
2017-03-15,123.94163513183594,132.10000610351562,132.41000366210938,131.13999938964844,131.55999755859375,22709100
2017-03-16,123.85718536376953,132.00999450683594,132.35000610351562,131.7100067138672,132.35000610351562,18457300
2017-03-17,123.81391906738281,131.69000244140625,132.0399932861328,131.6199951171875,131.89999389648438,21234500
2017-03-20,123.9267349243164,131.80999755859375,132.11000061035156,131.4600067138672,131.64999389648438,10105200
2017-03-21,122.0464096069336,129.80999755859375,132.42999267578125,129.72999572753906,132.30999755859375,35841900
2017-03-22,122.87374114990234,130.69000244140625,130.82000732421875,129.67999267578125,129.85000610351562,29177900
2017-03-23,122.56346130371094,130.36000061035156,130.8800048828125,130.13999938964844,130.52000427246094,20311700
2017-03-24,122.81734466552734,130.6300048828125,131.2899932861328,130.1300048828125,130.77999877929688,22967600
2017-03-27,123.01478576660156,130.83999633789062,131.07000732421875,129.39999389648438,129.6999969482422,18472400
2017-03-28,123.76689147949219,131.63999938964844,132.02999877929688,130.5500030517578,130.83999633789062,23721900
2017-03-29,124.34038543701172,132.25,132.3000030517578,131.58999633789062,131.72999572753906,13710000
2017-03-30,124.54730224609375,132.47000122070312,132.61000061035156,132.0800018310547,132.1999969482422,16092400
2017-03-31,124.46263885498047,132.3800048828125,132.74000549316406,132.1300048828125,132.27999877929688,19841400
2017-04-03,124.38745880126953,132.3000030517578,132.80999755859375,131.55999755859375,132.49000549316406,23700300
2017-04-04,124.58489990234375,132.50999450683594,132.52999877929688,131.8699951171875,131.9199981689453,13400000
2017-04-05,124.07719421386719,131.97000122070312,133.47999572753906,131.72000122070312,132.6999969482422,32011200
2017-04-06,124.14298248291016,132.0399932861328,132.38999938964844,131.6999969482422,132.10000610351562,18832200
2017-04-07,124.07719421386719,131.97000122070312,132.3699951171875,131.5,132.0,16743100
2017-04-10,124.12418365478516,132.02000427246094,132.57000732421875,131.66000366210938,132.10000610351562,15619300
2017-04-11,123.5882797241211,131.4499969482422,132.10000610351562,130.5,131.89999389648438,33778400
2017-04-12,123.09001159667969,130.9199981689453,131.5399932861328,130.77999877929688,131.42999267578125,15955200
2017-04-13,122.60110473632812,130.39999389648438,131.50999450683594,130.3800048828125,130.74000549316406,23683000
2017-04-17,123.61648559570312,131.47999572753906,131.5,130.72000122070312,130.77000427246094,13325500
2017-04-18,123.42845916748047,131.27999877929688,131.66000366210938,130.9499969482422,131.0399932861328,12841100
2017-04-19,123.62593841552734,131.49000549316406,132.2899932861328,131.30999755859375,131.85000610351562,17764800
2017-04-20,124.66010284423828,132.58999633789062,132.8800048828125,131.82000732421875,132.02000427246094,21977900
2017-04-21,124.6319351196289,132.55999755859375,132.75999450683594,132.22000122070312,132.7100067138672,22454900
2017-04-24,126.13623046875,134.16000366210938,134.2899932861328,133.8000030517578,134.02999877929688,22469900
2017-04-25,127.0481948852539,135.1300048828125,135.3699951171875,134.47999572753906,134.60000610351562,19384400
2017-04-26,126.86959075927734,134.94000244140625,135.50999450683594,134.86000061035156,135.17999267578125,25398500
2017-04-27,127.63111114501953,135.75,135.75,135.19000244140625,135.27000427246094,16136500
2017-04-28,127.85672760009766,135.99000549316406,136.33999633789062,135.77000427246094,136.2899932861328,22771900
2017-05-01,128.99441528320312,137.1999969482422,137.3800048828125,136.3800048828125,136.44000244140625,24815500
2017-05-02,129.2106475830078,137.42999267578125,137.49000549316406,137.02000427246094,137.3699951171875,18345100
2017-05-03,128.79696655273438,136.99000549316406,137.1699981689453,136.6199951171875,137.1199951171875,23827600
2017-05-04,128.8439483642578,137.0399932861328,137.42999267578125,136.55999755859375,136.97000122070312,14630100
2017-05-05,129.3140411376953,137.5399932861328,137.5399932861328,136.8800048828125,137.38999938964844,19330700
2017-05-08,129.5961456298828,137.83999633789062,137.83999633789062,137.3300018310547,137.61000061035156,13279900
2017-05-09,130.04739379882812,138.32000732421875,138.6300048828125,137.92999267578125,138.0500030517578,28426100
2017-05-10,130.12261962890625,138.39999389648438,138.4499969482422,137.91000366210938,138.39999389648438,20499400
2017-05-11,130.01922607421875,138.2899932861328,138.3300018310547,137.3800048828125,138.02000427246094,27232100
2017-05-12,130.31065368652344,138.60000610351562,138.6300048828125,138.22999572753906,138.35000610351562,19738600
2017-05-15,130.724365234375,139.0399932861328,139.1199951171875,138.52999877929688,138.66000366210938,20481300
2017-05-16,131.26968383789062,139.6199951171875,139.63999938964844,138.99000549316406,139.39999389648438,21786000
2017-05-17,127.93196868896484,136.07000732421875,138.77000427246094,136.0500030517578,138.50999450683594,55642200
2017-05-18,129.0508270263672,137.25999450683594,137.72000122070312,135.8699951171875,136.02000427246094,41319900
2017-05-19,129.5961456298828,137.83999633789062,138.4199981689453,137.66000366210938,137.75,36730100
2017-05-22,130.68675231933594,139.0,139.07000732421875,138.10000610351562,138.14999389648438,19509700
2017-05-23,130.818359375,139.13999938964844,139.4199981689453,138.77999877929688,139.41000366210938,19687500
2017-05-24,131.4200439453125,139.77999877929688,139.85000610351562,139.1699981689453,139.55999755859375,15891900
2017-05-25,132.5389404296875,140.97000122070312,141.3300018310547,140.00999450683594,140.30999755859375,23928600
2017-05-26,132.7739715576172,141.22000122070312,141.27999877929688,140.80999755859375,141.0,13851600
2017-05-30,132.88681030273438,141.33999633789062,141.50999450683594,141.05999755859375,141.14999389648438,20306400
2017-05-31,132.8397979736328,141.2899932861328,141.83999633789062,140.57000732421875,141.83999633789062,33229400
2017-06-01,133.35687255859375,141.83999633789062,141.89999389648438,140.97999572753906,141.5800018310547,20120700
2017-06-02,134.88002014160156,143.4600067138672,143.49000549316406,142.11000061035156,142.33999633789062,37222900
2017-06-05,134.85179138183594,143.42999267578125,143.67999267578125,143.22999572753906,143.4499969482422,15727500
2017-06-06,134.31590270996094,142.86000061035156,143.72999572753906,142.64999389648438,143.25999450683594,22393000
2017-06-07,134.84239196777344,143.4199981689453,143.5399932861328,142.60000610351562,143.25999450683594,18842400
2017-06-08,134.9833984375,143.57000732421875,143.8000030517578,142.7899932861328,143.74000549316406,25417400
2017-06-09,131.60809326171875,139.97999572753906,143.89999389648438,138.11000061035156,143.74000549316406,109783700
2017-06-12,130.9030303955078,139.22999572753906,139.47999572753906,137.47000122070312,138.8000030517578,104454000
2017-06-13,131.96539306640625,140.36000061035156,140.55999755859375,139.27999877929688,140.00999450683594,51193000
2017-06-14,131.3918914794922,139.75,140.92999267578125,138.6199951171875,140.92999267578125,60093800
2017-06-15,130.8089599609375,139.1300048828125,139.27999877929688,137.49000549316406,138.33999633789062,55145200
2017-06-16,130.2414093017578,138.14999389648438,138.77999877929688,137.63999938964844,138.67999267578125,48087400
2017-06-19,132.41915893554688,140.4600067138672,140.58999633789062,139.27999877929688,139.49000549316406,39626500
2017-06-20,131.38214111328125,139.36000061035156,140.5,139.30999755859375,140.32000732421875,40935100
2017-06-21,132.68312072753906,140.74000549316406,140.80999755859375,139.58999633789062,139.67999267578125,35743400
2017-06-22,132.64547729492188,140.6999969482422,141.22000122070312,140.33999633789062,140.9600067138672,24099100
2017-06-23,133.154541015625,141.24000549316406,141.4199981689453,140.14999389648438,140.5399932861328,21654300
2017-06-26,132.5323486328125,140.5800018310547,142.2899932861328,140.27000427246094,142.0500030517578,34411100
2017-06-27,130.12828063964844,138.02999877929688,140.22000122070312,138.02000427246094,140.0500030517578,65957800
2017-06-28,132.00436401367188,140.02000427246094,140.13999938964844,137.74000549316406,138.5399932861328,57427200
2017-06-29,129.71347045898438,137.58999633789062,139.44000244140625,136.25,139.44000244140625,88769400
2017-06-30,129.7606658935547,137.63999938964844,138.6699981689453,137.19000244140625,137.97999572753906,68898300
2017-07-03,128.39366149902344,136.19000244140625,138.42999267578125,136.10000610351562,138.27000427246094,32797000
2017-07-05,129.6569366455078,137.52999877929688,137.89999389648438,136.16000366210938,136.6199951171875,42116600
2017-07-06,128.4879150390625,136.2899932861328,137.05999755859375,135.8000030517578,136.47999572753906,48430500
2017-07-07,129.87376403808594,137.75999450683594,138.1300048828125,136.74000549316406,136.75,36970400
2017-07-10,130.7222442626953,138.66000366210938,138.99000549316406,137.5,137.85000610351562,24853500
2017-07-11,131.08987426757812,139.0500030517578,139.22000122070312,137.94000244140625,138.4600067138672,31517700
2017-07-12,132.64547729492188,140.6999969482422,140.86000061035156,139.9600067138672,140.24000549316406,36045800
2017-07-13,132.9376983642578,141.00999450683594,141.35000610351562,140.60000610351562,140.8699951171875,31073600
2017-07-14,133.9841766357422,142.1199951171875,142.3000030517578,141.19000244140625,141.63999938964844,34544800
2017-07-17,134.0501708984375,142.19000244140625,142.69000244140625,141.9199981689453,142.27000427246094,25343200
2017-07-18,134.9457550048828,143.13999938964844,143.1699981689453,141.63999938964844,142.08999633789062,25748500
2017-07-19,135.7376708984375,143.97999572753906,144.19000244140625,143.5,143.55999755859375,33752300
2017-07-20,135.9168243408203,144.1699981689453,144.44000244140625,143.52000427246094,144.35000610351562,36139400
2017-07-21,135.86024475097656,144.11000061035156,144.11000061035156,143.35000610351562,143.63999938964844,39697100
2017-07-24,136.4824676513672,144.77000427246094,144.8699951171875,143.9199981689453,144.08999633789062,26712700
2017-07-25,136.1336669921875,144.39999389648438,144.74000549316406,144.00999450683594,144.2899932861328,28120900
2017-07-26,136.57676696777344,144.8699951171875,144.9499969482422,144.52999877929688,144.75999450683594,18610600
2017-07-27,135.7187957763672,143.9600067138672,145.9600067138672,142.3000030517578,145.82000732421875,80665900
2017-07-28,135.60568237304688,143.83999633789062,144.0800018310547,142.8699951171875,143.10000610351562,38013200
2017-07-31,135.03062438964844,143.22999572753906,144.42999267578125,142.9199981689453,144.25,33848600
2017-08-01,135.34170532226562,143.55999755859375,143.75999450683594,143.1199951171875,143.72000122070312,20149400
2017-08-02,135.7094268798828,143.9499969482422,144.52000427246094,142.61000061035156,144.49000549316406,41769700
2017-08-03,135.1814422607422,143.38999938964844,144.1699981689453,143.1300048828125,144.08999633789062,27112800
2017-08-04,135.4265594482422,143.64999389648438,143.97000122070312,143.05999755859375,143.7100067138672,29472900
2017-08-07,136.28445434570312,144.55999755859375,144.55999755859375,143.7100067138672,143.91000366210938,17933900
2017-08-08,136.04876708984375,144.30999755859375,145.47000122070312,143.89999389648438,144.27999877929688,30810400
2017-08-09,135.86962890625,144.1199951171875,144.19000244140625,142.7899932861328,143.1199951171875,36169500
2017-08-10,132.95654296875,141.02999877929688,143.39999389648438,140.88999938964844,143.3000030517578,63331700
2017-08-11,133.96534729003906,142.10000610351562,142.41000366210938,140.89999389648438,141.22000122070312,45862500
2017-08-14,135.69053649902344,143.92999267578125,144.14999389648438,143.19000244140625,143.22999572753906,34161000
2017-08-15,135.78482055664062,144.02999877929688,144.3000030517578,143.63999938964844,144.2899932861328,25509200
2017-08-16,136.02052307128906,144.27999877929688,144.9600067138672,143.8000030517578,144.38999938964844,31913000
2017-08-17,133.2394256591797,141.3300018310547,143.94000244140625,141.3300018310547,143.72000122070312,70191000
2017-08-18,133.1450653076172,141.22999572753906,142.1999969482422,140.64999389648438,141.41000366210938,60751900
2017-08-21,132.9754638671875,141.0500030517578,141.52999877929688,140.17999267578125,141.22000122070312,37111500
2017-08-22,135.00228881835938,143.1999969482422,143.35000610351562,141.75999450683594,141.80999755859375,36294200
2017-08-23,134.5215301513672,142.69000244140625,143.00999450683594,142.3800048828125,142.47999572753906,25702300
2017-08-24,134.1256103515625,142.27000427246094,143.1699981689453,141.47000122070312,143.00999450683594,38160800
2017-08-25,133.84275817871094,141.97000122070312,143.17999267578125,141.77999877929688,142.82000732421875,26380400
2017-08-28,134.25755310058594,142.41000366210938,142.74000549316406,141.9499969482422,142.39999389648438,15362100
2017-08-29,134.7854461669922,142.97000122070312,143.2100067138672,141.05999755859375,141.19000244140625,24498300
2017-08-30,136.36927795410156,144.64999389648438,144.88999938964844,143.0,143.08999633789062,33642700
2017-08-31,137.8306121826172,146.1999969482422,146.2100067138672,144.97999572753906,145.05999755859375,38480700
2017-09-01,137.64207458496094,146.0,146.58999633789062,145.61000061035156,146.38999938964844,22293600
2017-09-05,136.40704345703125,144.69000244140625,145.8800048828125,143.60000610351562,145.57000732421875,44794300
2017-09-06,136.8218536376953,145.1300048828125,145.4600067138672,144.0800018310547,145.05999755859375,30722700
2017-09-07,137.1423797607422,145.47000122070312,145.83999633789062,144.94000244140625,145.39999389648438,22721100
2017-09-08,135.95449829101562,144.2100067138672,145.35000610351562,144.05999755859375,145.27999877929688,27890100
2017-09-11,137.51950073242188,145.8699951171875,146.1199951171875,145.3000030517578,145.33999633789062,27126300
2017-09-12,137.8494415283203,146.22000122070312,146.41000366210938,145.52999877929688,146.27999877929688,30256700
2017-09-13,138.03799438476562,146.4199981689453,146.44000244140625,145.72999572753906,145.97000122070312,28450900
2017-09-14,137.2272491455078,145.55999755859375,146.2899932861328,145.47000122070312,145.85000610351562,35296400
2017-09-15,137.6986083984375,146.05999755859375,146.58999633789062,145.2899932861328,145.52999877929688,46422400
2017-09-18,137.5181427001953,145.5500030517578,146.3699951171875,145.11000061035156,145.91000366210938,24858200
2017-09-19,137.75440979003906,145.8000030517578,146.00999450683594,145.30999755859375,145.80999755859375,20871200
2017-09-20,137.3291778564453,145.35000610351562,145.91000366210938,144.22999572753906,145.75,34236200
2017-09-21,136.48831176757812,144.4600067138672,145.25999450683594,143.9499969482422,145.25,28841800
2017-09-22,136.35604858398438,144.32000732421875,144.52999877929688,143.85000610351562,144.0,21702400
2017-09-25,134.91990661621094,142.8000030517578,143.8300018310547,142.10000610351562,143.75,54947700
2017-09-26,135.26950073242188,143.1699981689453,143.8000030517578,142.6699981689453,143.52999877929688,29628800
2017-09-27,136.48831176757812,144.4600067138672,145.0,143.57000732421875,143.92999267578125,33249400
2017-09-28,136.4411163330078,144.41000366210938,144.55999755859375,143.77999877929688,144.11000061035156,24149400
2017-09-29,137.42364501953125,145.4499969482422,145.55999755859375,144.32000732421875,144.6999969482422,43102400
2017-10-02,137.54653930664062,145.5800018310547,146.1699981689453,144.92999267578125,145.6699981689453,27351300
2017-10-03,137.83938598632812,145.88999938964844,146.05999755859375,145.4499969482422,145.77000427246094,19715200
2017-10-04,137.97166442871094,146.02999877929688,146.33999633789062,145.47000122070312,145.61000061035156,26381100
2017-10-05,139.32272338867188,147.4600067138672,147.5399932861328,146.41000366210938,146.55999755859375,31562400
2017-10-06,139.51170349121094,147.66000366210938,147.66000366210938,146.9600067138672,146.9600067138672,23561100
2017-10-09,139.3511199951172,147.49000549316406,148.00999450683594,147.3000030517578,147.85000610351562,13704800
2017-10-10,139.45504760742188,147.60000610351562,148.13999938964844,146.9499969482422,147.99000549316406,19223100
2017-10-11,139.8707733154297,148.0399932861328,148.07000732421875,147.33999633789062,147.52999877929688,12439100
2017-10-12,139.61566162109375,147.77000427246094,148.35000610351562,147.6199951171875,147.82000732421875,14513500
2017-10-13,140.15419006347656,148.33999633789062,148.50999450683594,147.77999877929688,148.3699951171875,18409900
2017-10-16,140.6360626220703,148.85000610351562,148.88999938964844,148.38999938964844,148.7100067138672,21809400
2017-10-17,140.81552124023438,149.0399932861328,149.05999755859375,148.57000732421875,148.8000030517578,13138200
2017-10-18,140.64547729492188,148.86000061035156,149.2100067138672,148.63999938964844,149.19000244140625,17218200
2017-10-19,140.12579345703125,148.30999755859375,148.3300018310547,147.27000427246094,147.99000549316406,27680300
2017-10-20,140.5037841796875,148.7100067138672,149.0399932861328,148.52999877929688,148.91000366210938,30173300
2017-10-23,139.58731079101562,147.74000549316406,149.02999877929688,147.52999877929688,149.02000427246094,29297100
2017-10-24,139.82350158691406,147.99000549316406,148.3000030517578,147.44000244140625,148.02999877929688,20289500
2017-10-25,139.29437255859375,147.42999267578125,148.17999267578125,146.3300018310547,147.6999969482422,36179100
2017-10-26,138.850341796875,146.9600067138672,147.7100067138672,146.9199981689453,147.33999633789062,28230200
2017-10-27,142.89414978027344,151.24000549316406,151.52000427246094,149.1999969482422,149.42999267578125,60165100
2017-10-30,143.21542358398438,151.5800018310547,152.19000244140625,150.99000549316406,151.1300048828125,31733400
2017-10-31,143.7539520263672,152.14999389648438,152.3699951171875,151.6300048828125,152.07000732421875,26319300
2017-11-01,143.7067413330078,152.10000610351562,152.8300018310547,151.5,152.75999450683594,29481600
2017-11-02,143.43264770507812,151.80999755859375,151.99000549316406,150.77000427246094,151.92999267578125,31017400
2017-11-03,144.81214904785156,153.27000427246094,153.2899932861328,151.83999633789062,152.36000061035156,26199200
2017-11-06,145.30343627929688,153.7899932861328,153.85000610351562,153.10000610351562,153.14999389648438,28693900
2017-11-07,145.3884735107422,153.8800048828125,154.0800018310547,153.33999633789062,153.6699981689453,21333100
2017-11-08,145.9742889404297,154.5,154.5399932861328,153.6199951171875,153.8000030517578,17373500
2017-11-09,145.20895385742188,153.69000244140625,153.77000427246094,152.11000061035156,153.22999572753906,40594500
2017-11-10,145.19956970214844,153.67999267578125,153.8000030517578,153.05999755859375,153.3300018310547,20150800
2017-11-13,145.37905883789062,153.8699951171875,154.07000732421875,153.10000610351562,153.10000610351562,12522400
2017-11-14,144.8498992919922,153.30999755859375,153.5,152.57000732421875,153.3300018310547,25173800
2017-11-15,144.16969299316406,152.58999633789062,153.0,151.77999877929688,152.64999389648438,24808000
2017-11-16,146.0120391845703,154.5399932861328,154.88999938964844,153.3300018310547,153.36000061035156,34790600
2017-11-17,145.4546356201172,153.9499969482422,154.69000244140625,153.8000030517578,154.5800018310547,28725800
2017-11-20,145.34130859375,153.8300018310547,154.1999969482422,153.61000061035156,154.05999755859375,21143900
2017-11-21,146.91903686523438,155.5,155.57000732421875,154.49000549316406,154.55999755859375,20147800
2017-11-22,147.09857177734375,155.69000244140625,155.83999633789062,155.33999633789062,155.63999938964844,17299000
2017-11-24,147.63714599609375,156.25999450683594,156.30999755859375,155.75999450683594,155.85000610351562,8280600
2017-11-27,147.57101440429688,156.19000244140625,156.55999755859375,155.8300018310547,156.2100067138672,22653400
2017-11-28,147.94891357421875,156.58999633789062,156.69000244140625,155.6999969482422,156.5399932861328,25227300
2017-11-29,145.3695831298828,153.86000061035156,156.4499969482422,153.1199951171875,156.41000366210938,71986300
2017-11-30,146.58843994140625,155.14999389648438,155.4499969482422,154.14999389648438,154.50999450683594,56595500
2017-12-01,145.96485900878906,154.49000549316406,155.24000549316406,152.25999450683594,154.1999969482422,59015800
2017-12-04,144.28306579589844,152.7100067138672,155.6300048828125,152.55999755859375,155.4600067138672,51319100
2017-12-05,144.37754821777344,152.80999755859375,154.5500030517578,152.10000610351562,152.67999267578125,40604200
2017-12-06,145.0294647216797,153.5,153.74000549316406,152.05999755859375,152.24000549316406,28647800
2017-12-07,145.520751953125,154.02000427246094,154.4600067138672,153.3300018310547,153.49000549316406,32666200
2017-12-08,146.16326904296875,154.6999969482422,155.52999877929688,154.4600067138672,155.14999389648438,28081700
2017-12-11,147.2969970703125,155.89999389648438,155.9499969482422,154.75999450683594,154.77000427246094,20821500
2017-12-12,147.09857177734375,155.69000244140625,156.14999389648438,155.36000061035156,155.8300018310547,20310300
2017-12-13,147.38204956054688,155.99000549316406,156.49000549316406,155.75999450683594,156.32000732421875,24418500
2017-12-14,147.27813720703125,155.8800048828125,156.66000366210938,155.7100067138672,156.25999450683594,24594700
2017-12-15,148.950439453125,157.64999389648438,157.82000732421875,156.22999572753906,156.49000549316406,49816200
2017-12-18,150.1992645263672,158.63999938964844,158.77000427246094,158.07000732421875,158.36000061035156,26844500
2017-12-19,149.3092803955078,157.6999969482422,158.5,157.25999450683594,158.33999633789062,31415000
2017-12-20,149.1482696533203,157.52999877929688,158.27999877929688,156.91000366210938,158.25,38972600
2017-12-21,149.16725158691406,157.5500030517578,158.25,157.3699951171875,157.75,18638700
2017-12-22,148.996826171875,157.3699951171875,157.42999267578125,156.9499969482422,157.30999755859375,23330400
2017-12-26,148.19207763671875,156.52000427246094,156.72000122070312,155.9499969482422,156.49000549316406,21918700
2017-12-27,148.21099853515625,156.5399932861328,156.9600067138672,156.38999938964844,156.52999877929688,22388200
2017-12-28,148.39089965820312,156.72999572753906,157.07000732421875,156.5399932861328,157.0399932861328,25393800
2017-12-29,147.4724884033203,155.75999450683594,156.89999389648438,155.6999969482422,156.8699951171875,33186000
2018-01-02,150.0572509765625,158.49000549316406,158.52999877929688,156.1699981689453,156.55999755859375,32573300
2018-01-03,151.51535034179688,160.02999877929688,160.1699981689453,158.61000061035156,158.63999938964844,29383600
2018-01-04,151.78042602539062,160.30999755859375,160.7899932861328,160.0800018310547,160.5800018310547,24776100
2018-01-05,153.3047637939453,161.9199981689453,162.02999877929688,160.77000427246094,161.07000732421875,26992300
2018-01-08,153.90121459960938,162.5500030517578,162.6300048828125,161.86000061035156,161.9199981689453,23159100
2018-01-09,153.9106903076172,162.55999755859375,163.0399932861328,162.07000732421875,162.8699951171875,24782400
2018-01-10,153.5509033203125,162.17999267578125,162.2100067138672,161.1199951171875,161.83999633789062,34004000
2018-01-11,154.60183715820312,163.2899932861328,163.3000030517578,162.2100067138672,162.4600067138672,20473500
2018-01-12,155.738037109375,164.49000549316406,164.66000366210938,162.94000244140625,163.14999389648438,37762700
2018-01-16,155.29296875,164.02000427246094,166.4199981689453,163.52999877929688,165.5800018310547,41231800
2018-01-17,156.96884155273438,165.7899932861328,166.0399932861328,164.0,164.8000030517578,33849900
2018-01-18,156.99728393554688,165.82000732421875,166.1999969482422,165.13999938964844,165.52999877929688,26432200
2018-01-19,157.4895782470703,166.33999633789062,166.61000061035156,165.5399932861328,166.30999755859375,38937600
2018-01-22,159.17489624023438,168.1199951171875,168.1199951171875,166.08999633789062,166.27999877929688,26081400
2018-01-23,160.4909210205078,169.50999450683594,169.66000366210938,168.55999755859375,168.63999938964844,37989700
2018-01-24,159.44943237304688,168.41000366210938,170.24000549316406,167.44000244140625,169.8699951171875,54287400
2018-01-25,159.3926239013672,168.35000610351562,169.6300048828125,167.80999755859375,169.57000732421875,28925000
2018-01-26,161.83534240722656,170.92999267578125,170.9499969482422,168.9600067138672,169.2899932861328,32038200
2018-01-29,161.0494842529297,170.10000610351562,170.91000366210938,169.74000549316406,170.57000732421875,37277800
2018-01-30,159.72401428222656,168.6999969482422,169.4199981689453,167.82000732421875,168.5500030517578,44987700
2018-01-31,160.38671875,169.39999389648438,169.99000549316406,168.33999633789062,169.64999389648438,42449200
2018-02-01,159.0233917236328,167.9600067138672,169.72999572753906,167.4199981689453,168.10000610351562,38037900
2018-02-02,155.8516387939453,164.61000061035156,167.6999969482422,164.47000122070312,167.3000030517578,68478100
2018-02-05,149.70692443847656,158.1199951171875,165.75,158.0,163.07000732421875,105372200
2018-02-06,153.6739959716797,162.30999755859375,162.50999450683594,155.10000610351562,155.80999755859375,118537900
2018-02-07,151.6857452392578,160.2100067138672,163.5500030517578,160.1999969482422,161.7899932861328,91028300
2018-02-08,145.28543090820312,153.4499969482422,160.8000030517578,153.4499969482422,160.6199951171875,94184800
2018-02-09,147.7943878173828,156.10000610351562,157.24000549316406,150.1300048828125,155.6199951171875,113836600
2018-02-12,150.41702270507812,158.8699951171875,159.9499969482422,156.4600067138672,157.6999969482422,63050600
2018-02-13,151.19338989257812,159.69000244140625,160.00999450683594,157.72000122070312,157.9600067138672,31785600
2018-02-14,154.02430725097656,162.67999267578125,162.92999267578125,158.0,158.75,52107400
2018-02-15,156.88363647460938,165.6999969482422,165.6999969482422,162.44000244140625,164.13999938964844,51633900
2018-02-16,156.18301391601562,164.9600067138672,166.75999450683594,164.67999267578125,165.16000366210938,62256300
2018-02-20,156.49542236328125,165.2899932861328,166.67999267578125,164.30999755859375,164.3800048828125,36785600
2018-02-21,156.0504608154297,164.82000732421875,167.72000122070312,164.72000122070312,166.10000610351562,41161800
2018-02-22,156.03150939941406,164.8000030517578,166.4199981689453,164.3800048828125,165.5399932861328,37074400
2018-02-23,159.2222137451172,168.1699981689453,168.1699981689453,165.4499969482422,166.1300048828125,50096900
2018-02-26,161.3335418701172,170.39999389648438,170.39999389648438,168.82000732421875,168.9600067138672,39266700
2018-02-27,159.33584594726562,168.2899932861328,170.72999572753906,168.2100067138672,170.4499969482422,42209900
2018-02-28,158.31329345703125,167.2100067138672,169.8000030517578,167.10000610351562,169.25,42936300
2018-03-01,155.72854614257812,164.47999572753906,168.07000732421875,163.0,167.3000030517578,76809900
2018-03-02,157.15821838378906,165.99000549316406,166.27999877929688,161.9600067138672,162.5,57445100
2018-03-05,158.90036010742188,167.8300018310547,168.25999450683594,164.58999633789062,165.2100067138672,38540200
2018-03-06,159.572509765625,168.5399932861328,169.11000061035156,167.47999572753906,168.64999389648438,29480900
2018-03-07,159.94175720214844,168.92999267578125,169.07000732421875,166.9600067138672,167.25,34609400
2018-03-08,160.82228088378906,169.86000061035156,169.97999572753906,168.9499969482422,169.6300048828125,25828400
2018-03-09,163.94667053222656,173.16000366210938,173.16000366210938,170.82000732421875,171.07000732421875,38310500
2018-03-12,164.81777954101562,174.0800018310547,174.47999572753906,173.27999877929688,173.6699981689453,37635000
2018-03-13,162.5738525390625,171.7100067138672,175.2100067138672,171.27000427246094,174.47999572753906,55638900
2018-03-14,162.5454559326172,171.67999267578125,172.74000549316406,170.92999267578125,172.61000061035156,40536400
2018-03-15,162.40342712402344,171.52999877929688,172.52999877929688,170.89999389648438,171.8000030517578,28810400
2018-03-16,161.9205322265625,171.02000427246094,172.1999969482422,170.94000244140625,171.82000732421875,31176700
2018-03-19,158.4658203125,167.10000610351562,169.22000122070312,165.63999938964844,169.10000610351562,71395100
2018-03-20,158.9873504638672,167.64999389648438,168.0399932861328,166.61000061035156,167.1699981689453,34075700
2018-03-21,158.29513549804688,166.9199981689453,168.75999450683594,166.19000244140625,167.2100067138672,43863500
2018-03-22,154.38800048828125,162.8000030517578,165.77000427246094,162.58999633789062,164.61000061035156,66607300
2018-03-23,150.31961059570312,158.50999450683594,163.3000030517578,158.42999267578125,162.61000061035156,80110400
2018-03-26,155.90530395507812,164.39999389648438,164.60000610351562,159.16000366210938,161.72000122070312,57481500
2018-03-27,150.86019897460938,159.0800018310547,165.6199951171875,157.67999267578125,165.6199951171875,78889100
2018-03-28,149.12474060058594,157.25,159.77999877929688,156.0399932861328,158.1699981689453,89369700
2018-03-29,151.85595703125,160.1300048828125,161.7100067138672,156.6300048828125,158.10000610351562,68692600
2018-04-02,147.4746551513672,155.50999450683594,159.74000549316406,153.8800048828125,158.99000549316406,85549400
2018-04-03,149.13424682617188,157.25999450683594,157.9199981689453,154.44000244140625,156.8699951171875,64090000
2018-04-04,151.48609924316406,159.74000549316406,160.22999572753906,154.0399932861328,154.22000122070312,65768700
2018-04-05,152.34906005859375,160.64999389648438,161.5800018310547,159.47999572753906,161.3300018310547,43054900
2018-04-06,148.53677368164062,156.6300048828125,160.4600067138672,155.8800048828125,158.8800048828125,59870900
2018-04-09,149.5799560546875,157.72999572753906,160.8800048828125,157.4600067138672,157.97999572753906,41810400
2018-04-10,152.88015747070312,161.2100067138672,161.72999572753906,159.07000732421875,160.2100067138672,48296800
2018-04-11,151.99815368652344,160.27999877929688,162.0,160.10000610351562,160.1999969482422,41622100
2018-04-12,153.82847595214844,162.2100067138672,162.77000427246094,161.16000366210938,161.25,30467900
2018-04-13,153.03179931640625,161.3699951171875,163.25999450683594,160.6699981689453,163.02000427246094,44604900
2018-04-16,154.19830322265625,162.60000610351562,163.19000244140625,161.47999572753906,162.5,28180800
2018-04-17,157.5174560546875,166.10000610351562,166.4600067138672,163.91000366210938,164.24000549316406,35536100
2018-04-18,157.83995056152344,166.44000244140625,167.0,165.30999755859375,166.10000610351562,29573900
2018-04-19,156.3889923095703,164.91000366210938,165.99000549316406,164.33999633789062,165.60000610351562,34705700
2018-04-20,153.913818359375,162.3000030517578,164.61000061035156,161.72999572753906,164.49000549316406,49197100
2018-04-23,153.52499389648438,161.88999938964844,163.72999572753906,161.02000427246094,163.08999633789062,33040600
2018-04-24,150.2722625732422,158.4600067138672,162.91000366210938,157.38999938964844,162.66000366210938,70256800
2018-04-25,150.4524383544922,158.64999389648438,159.30999755859375,156.47000122070312,158.74000549316406,52089300
2018-04-26,153.619873046875,161.99000549316406,162.52999877929688,160.17999267578125,160.6999969482422,43005500
2018-04-27,153.71466064453125,162.08999633789062,164.41000366210938,161.1699981689453,164.3699951171875,51043400
2018-04-30,152.6240692138672,160.94000244140625,163.47999572753906,160.5399932861328,162.47000122070312,35615300
2018-05-01,154.36903381347656,162.77999877929688,162.8000030517578,160.13999938964844,160.52000427246094,36513500
2018-05-02,153.45858764648438,161.82000732421875,163.57000732421875,161.6300048828125,163.05999755859375,38646800
2018-05-03,153.43968200683594,161.8000030517578,162.39999389648438,159.22000122070312,161.0,60337100
2018-05-04,156.35098266601562,164.8699951171875,165.25,160.97999572753906,161.10000610351562,41543200
2018-05-07,157.65023803710938,166.24000549316406,166.77999877929688,165.50999450683594,165.63999938964844,32500200
2018-05-08,157.489013671875,166.07000732421875,166.42999267578125,164.86000061035156,165.88999938964844,26040200
2018-05-09,159.2055206298828,167.8800048828125,168.0,165.77999877929688,166.3699951171875,29122700
2018-05-10,160.8555450439453,169.6199951171875,169.74000549316406,168.2899932861328,168.4199981689453,27067600
2018-05-11,160.70387268066406,169.4600067138672,169.86000061035156,168.72000122070312,169.4199981689453,24688800
2018-05-14,160.97885131835938,169.75,170.82000732421875,169.47000122070312,169.85000610351562,21821700
2018-05-15,159.1959686279297,167.8699951171875,168.5,166.97999572753906,168.41000366210938,49361600
2018-05-16,160.24862670898438,168.97999572753906,169.3699951171875,168.00999450683594,168.08999633789062,22941200
2018-05-17,159.63223266601562,168.3300018310547,169.61000061035156,167.50999450683594,168.38999938964844,27480200
2018-05-18,158.80718994140625,167.4600067138672,168.25999450683594,167.2100067138672,167.67999267578125,26217900
2018-05-21,159.69862365722656,168.39999389648438,169.5,167.67999267578125,168.75999450683594,22954600
2018-05-22,159.489990234375,168.17999267578125,169.4499969482422,167.8800048828125,169.1699981689453,19477700
2018-05-23,160.83663940429688,169.60000610351562,169.6199951171875,166.8800048828125,166.89999389648438,26557800
2018-05-24,160.78916931152344,169.5500030517578,169.85000610351562,167.83999633789062,169.5500030517578,27696500
2018-05-25,160.95042419433594,169.72000122070312,170.3300018310547,169.2100067138672,169.52999877929688,27460500
2018-05-29,160.2391815185547,168.97000122070312,169.9199981689453,167.9600067138672,168.9499969482422,41220500
2018-05-30,161.38665771484375,170.17999267578125,170.47999572753906,169.22000122070312,169.5800018310547,22665800
2018-05-31,161.28231811523438,170.07000732421875,171.1999969482422,169.6300048828125,170.17999267578125,35670900
2018-06-01,163.8143310546875,172.74000549316406,172.83999633789062,170.8699951171875,170.9199981689453,45543300
2018-06-04,165.29379272460938,174.3000030517578,174.33999633789062,173.07000732421875,173.17999267578125,20459600
2018-06-05,165.80584716796875,174.83999633789062,175.1300048828125,174.07000732421875,174.7100067138672,24779300
2018-06-06,166.77317810058594,175.86000061035156,175.88999938964844,174.13999938964844,175.02000427246094,25036600
2018-06-07,165.4170379638672,174.42999267578125,175.92999267578125,173.5500030517578,175.88999938964844,39600300
2018-06-08,165.42652893066406,174.44000244140625,174.8800048828125,173.17999267578125,173.61000061035156,31780300
2018-06-11,165.87222290039062,174.91000366210938,175.33999633789062,174.27999877929688,174.30999755859375,22319700
2018-06-12,166.74473571777344,175.8300018310547,176.0,174.9600067138672,175.14999389648438,22511800
2018-06-13,166.7352294921875,175.82000732421875,177.13999938964844,175.42999267578125,176.10000610351562,37858600
2018-06-14,168.4232177734375,177.60000610351562,177.88999938964844,176.5,176.6300048828125,35916000
2018-06-15,167.8352813720703,176.97999572753906,177.3300018310547,176.11000061035156,176.92999267578125,49615700
2018-06-18,167.73838806152344,176.5,176.64999389648438,174.94000244140625,175.49000549316406,31633200
2018-06-19,167.26318359375,176.0,176.0399932861328,173.7100067138672,174.27000427246094,38236000
2018-06-20,168.45106506347656,177.25,177.97999572753906,176.64999389648438,176.80999755859375,33038000
2018-06-21,166.9875946044922,175.7100067138672,177.8800048828125,175.3699951171875,177.6999969482422,43469400
2018-06-22,166.61692810058594,175.32000732421875,176.3699951171875,174.69000244140625,176.3000030517578,30073200
2018-06-25,162.863037109375,171.3699951171875,173.99000549316406,169.80999755859375,173.72999572753906,77799700
2018-06-26,163.5282440185547,172.07000732421875,173.05999755859375,171.3699951171875,172.0,39008100
2018-06-27,161.304443359375,169.72999572753906,173.5800018310547,169.61000061035156,172.8000030517578,52843500
2018-06-28,162.69195556640625,171.19000244140625,171.77000427246094,169.1699981689453,169.52000427246094,46407700
2018-06-29,163.12911987304688,171.64999389648438,172.9199981689453,171.39999389648438,172.00999450683594,36408500
2018-07-02,164.2219696044922,172.8000030517578,172.85000610351562,169.6699981689453,170.0399932861328,31770000
2018-07-03,162.3212890625,170.8000030517578,173.4499969482422,170.6300048828125,173.4499969482422,25512700
2018-07-05,164.3360595703125,172.9199981689453,173.05999755859375,171.02999877929688,171.91000366210938,31626200
2018-07-06,166.89254760742188,175.61000061035156,175.74000549316406,173.0,173.32000732421875,37005600
2018-07-09,168.3941192626953,177.19000244140625,177.22999572753906,175.82000732421875,176.52000427246094,27362100
2018-07-10,168.51759338378906,177.32000732421875,177.72000122070312,176.7100067138672,177.52000427246094,23902500
2018-07-11,167.66232299804688,176.4199981689453,177.07000732421875,175.8000030517578,175.92999267578125,30280600
2018-07-12,170.5513916015625,179.4600067138672,179.4600067138672,177.0800018310547,177.1999969482422,27930100
2018-07-13,170.6939697265625,179.61000061035156,179.89999389648438,178.9499969482422,179.4499969482422,28049800
2018-07-16,170.28526306152344,179.17999267578125,179.9499969482422,178.8800048828125,179.64999389648438,21405300
2018-07-17,171.3212127685547,180.27000427246094,180.64999389648438,177.27999877929688,177.27999877929688,31034100
2018-07-18,170.99807739257812,179.92999267578125,180.44000244140625,179.3800048828125,180.2899932861328,23220800
2018-07-19,170.1427459716797,179.02999877929688,179.8800048828125,178.82000732421875,179.27999877929688,31094100
2018-07-20,170.10476684570312,178.99000549316406,180.1699981689453,178.7899932861328,179.57000732421875,35897300
2018-07-23,170.6464080810547,179.55999755859375,179.63999938964844,177.74000549316406,178.4600067138672,22184700
2018-07-24,171.3496856689453,180.3000030517578,182.0500030517578,179.55999755859375,181.41000366210938,36900300
2018-07-25,173.74465942382812,182.82000732421875,182.92999267578125,180.2899932861328,180.3800048828125,35026600
2018-07-26,171.11212158203125,180.0500030517578,180.9199981689453,179.80999755859375,180.33999633789062,40873500
2018-07-27,168.80274963378906,177.6199951171875,181.30999755859375,176.60000610351562,181.19000244140625,59456100
2018-07-30,166.41737365722656,175.11000061035156,177.72999572753906,174.27000427246094,177.6300048828125,60193000
2018-07-31,167.69082641601562,176.4499969482422,177.1300048828125,174.82000732421875,175.8000030517578,47285100
2018-08-01,168.32752990722656,177.1199951171875,177.64999389648438,176.10000610351562,176.86000061035156,37101900
2018-08-02,170.617919921875,179.52999877929688,179.74000549316406,175.7899932861328,175.8699951171875,47178200
2018-08-03,171.14065551757812,180.0800018310547,180.08999633789062,179.0800018310547,179.8699951171875,28934400
2018-08-06,172.1480255126953,181.13999938964844,181.19000244140625,179.74000549316406,179.9600067138672,24808800
2018-08-07,172.77525329589844,181.8000030517578,182.13999938964844,181.25999450683594,181.64999389648438,29895700
2018-08-08,172.9843292236328,182.02000427246094,182.35000610351562,181.05999755859375,181.5500030517578,22680700
2018-08-09,172.8797607421875,181.91000366210938,182.6300048828125,181.63999938964844,181.91000366210938,18852900
2018-08-10,171.55877685546875,180.52000427246094,181.22000122070312,179.83999633789062,180.67999267578125,33818500
2018-08-13,171.36874389648438,180.32000732421875,182.00999450683594,180.24000549316406,180.85000610351562,26089200
2018-08-14,172.44261169433594,181.4499969482422,181.66000366210938,180.0399932861328,181.00999450683594,20913000
2018-08-15,170.3328399658203,179.22999572753906,180.5800018310547,178.1199951171875,180.00999450683594,58528000
2018-08-16,170.8935546875,179.82000732421875,180.99000549316406,179.47000122070312,180.61000061035156,27711800
2018-08-17,170.9315643310547,179.86000061035156,180.30999755859375,178.27000427246094,179.35000610351562,36092600
2018-08-20,170.77947998046875,179.6999969482422,180.3300018310547,179.0,180.25999450683594,24939000
2018-08-21,171.40675354003906,180.36000061035156,181.44000244140625,180.1300048828125,180.24000549316406,26258700
2018-08-22,172.07203674316406,181.05999755859375,181.27000427246094,179.75,179.97999572753906,18042400
2018-08-23,171.82493591308594,180.8000030517578,182.0500030517578,180.5,180.74000549316406,25776200
2018-08-24,173.42152404785156,182.47999572753906,182.6300048828125,181.36000061035156,181.39999389648438,23136100
2018-08-27,175.18914794921875,184.33999633789062,184.33999633789062,183.11000061035156,183.39999389648438,29343600
2018-08-28,175.44578552246094,184.61000061035156,185.02000427246094,184.22000122070312,184.8300018310547,20277000
2018-08-29,177.47003173828125,186.74000549316406,186.83999633789062,184.86000061035156,184.92999267578125,29175600
2018-08-30,177.1564483642578,186.41000366210938,187.52000427246094,185.7899932861328,186.3800048828125,29315500
2018-08-31,177.38449096679688,186.64999389648438,187.17999267578125,185.97999572753906,186.17999267578125,28653200
2018-09-04,176.6241912841797,185.85000610351562,186.39999389648438,184.85000610351562,186.0800018310547,29063500
2018-09-05,174.34335327148438,183.4499969482422,185.5500030517578,182.82000732421875,185.52000427246094,42623300
2018-09-06,172.78475952148438,181.80999755859375,183.75,180.5800018310547,183.52999877929688,46091400
2018-09-07,172.11947631835938,181.11000061035156,182.6699981689453,180.44000244140625,180.5,46629500
2018-09-10,172.69924926757812,181.72000122070312,182.25,180.72999572753906,182.14999389648438,26132000
2018-09-11,174.0297088623047,183.1199951171875,183.4199981689453,180.52000427246094,180.99000549316406,30116500
2018-09-12,173.51657104492188,182.5800018310547,182.97999572753906,181.00999450683594,182.85000610351562,36204000
2018-09-13,175.3697509765625,184.52999877929688,184.8800048828125,183.63999938964844,183.72000122070312,31133200
2018-09-14,174.8565673828125,183.99000549316406,184.9499969482422,183.25999450683594,184.66000366210938,31224100
2018-09-17,172.33807373046875,181.33999633789062,183.80999755859375,181.1699981689453,183.67999267578125,33071200
2018-09-18,173.76364135742188,182.83999633789062,183.72999572753906,181.39999389648438,181.49000549316406,31877300
2018-09-19,173.6305694580078,182.6999969482422,183.3000030517578,181.50999450683594,182.8699951171875,31843400
2018-09-20,175.55029296875,184.72000122070312,184.97000122070312,183.52000427246094,183.9600067138672,33295800
2018-09-21,174.59043884277344,183.7100067138672,185.47999572753906,183.47999572753906,185.22000122070312,38605400
2018-09-24,175.07601928710938,183.88999938964844,183.9600067138672,181.3000030517578,182.0500030517578,34945600
2018-09-25,175.31405639648438,184.13999938964844,184.27999877929688,183.17999267578125,183.80999755859375,25277500
2018-09-26,175.4377899169922,184.27000427246094,185.99000549316406,183.91000366210938,184.3000030517578,36210600
2018-09-27,176.9230194091797,185.8300018310547,186.49000549316406,184.9199981689453,185.02000427246094,33113300
2018-09-28,176.88491821289062,185.7899932861328,186.27999877929688,184.97000122070312,185.30999755859375,28076800
2018-10-01,177.24668884277344,186.1699981689453,187.52999877929688,185.6999969482422,186.8699951171875,27371300
2018-10-02,176.8468475341797,185.75,187.17999267578125,185.32000732421875,186.00999450683594,25618600
2018-10-03,177.0372772216797,185.9499969482422,186.97000122070312,185.66000366210938,186.52999877929688,29128700
2018-10-04,173.63839721679688,182.3800048828125,185.32000732421875,181.05999755859375,185.1999969482422,80557300
2018-10-05,171.51522827148438,180.14999389648438,182.97000122070312,178.42999267578125,182.36000061035156,83325600
2018-10-08,170.46795654296875,179.0500030517578,180.63999938964844,176.92999267578125,179.52000427246094,66864500
2018-10-09,171.0201873779297,179.6300048828125,181.02000427246094,178.75,179.17999267578125,49097900
2018-10-10,163.4988250732422,171.72999572753906,178.6199951171875,171.5,178.50999450683594,114471100
2018-10-11,161.470947265625,169.60000610351562,173.39999389648438,167.80999755859375,171.02000427246094,143084500
2018-10-12,165.9647216796875,174.32000732421875,174.86000061035156,170.92999267578125,174.1699981689453,102078400
2018-10-15,163.95584106445312,172.2100067138672,174.0399932861328,171.55999755859375,173.7100067138672,64885300
2018-10-16,168.7257080078125,177.22000122070312,177.64999389648438,173.6999969482422,174.02000427246094,71979700
2018-10-17,168.7923126220703,177.2899932861328,178.25999450683594,175.47000122070312,178.0800018310547,66987600
2018-10-18,164.87930297851562,173.17999267578125,176.67999267578125,172.44000244140625,176.6199951171875,82486200
2018-10-19,164.72695922851562,173.02000427246094,176.07000732421875,172.38999938964844,174.5800018310547,82923700
2018-10-22,165.57435607910156,173.91000366210938,175.25,172.58999633789062,174.05999755859375,52909300
2018-10-23,164.96498107910156,173.27000427246094,174.1300048828125,168.82000732421875,170.63999938964844,77567000
2018-10-24,157.41510009765625,165.33999633789062,173.36000061035156,165.0399932861328,173.07000732421875,102997400
2018-10-25,162.8608856201172,171.05999755859375,172.0800018310547,167.16000366210938,167.91000366210938,83481100
2018-10-26,158.67184448242188,166.66000366210938,169.9600067138672,164.22999572753906,165.1999969482422,130970900
2018-10-29,155.40625,163.22999572753906,169.86000061035156,160.08999633789062,169.2100067138672,111871900
2018-10-30,157.96730041503906,165.9199981689453,166.0399932861328,162.00999450683594,162.75,92584000
2018-10-31,161.68038940429688,169.82000732421875,171.25,168.5399932861328,168.6199951171875,73828600
2018-11-01,163.8130340576172,172.05999755859375,172.24000549316406,168.77999877929688,170.07000732421875,52706800
2018-11-02,161.26145935058594,169.3800048828125,172.5500030517578,168.22000122070312,171.52999877929688,75966800
2018-11-05,160.861572265625,168.9600067138672,169.66000366210938,167.0800018310547,169.60000610351562,39573500
2018-11-06,162.08026123046875,170.24000549316406,171.19000244140625,168.72000122070312,168.97000122070312,34410400
2018-11-07,167.16432189941406,175.5800018310547,175.5800018310547,171.8699951171875,172.27999877929688,51169600
2018-11-08,166.0979461669922,174.4600067138672,175.3000030517578,173.6300048828125,174.75999450683594,40296500
2018-11-09,163.2988739013672,171.52000427246094,173.25,170.16000366210938,172.8300018310547,50602700
2018-11-12,158.357666015625,166.3300018310547,170.63999938964844,166.17999267578125,170.32000732421875,62578400
2018-11-13,158.49093627929688,166.47000122070312,169.47999572753906,166.0,167.11000061035156,64128100
2018-11-14,157.28179931640625,165.1999969482422,168.6999969482422,164.25,168.1199951171875,75270700
2018-11-15,160.03323364257812,168.08999633789062,168.5399932861328,163.4600067138672,164.89999389648438,73254300
2018-11-16,159.4716033935547,167.5,168.30999755859375,165.77999877929688,166.4499969482422,65390700
2018-11-19,154.2923126220703,162.05999755859375,166.89999389648438,161.5399932861328,166.6999969482422,67280500
2018-11-20,151.5313262939453,159.16000366210938,161.3800048828125,157.1300048828125,158.3699951171875,102652800
2018-11-21,152.68331909179688,160.3699951171875,161.97000122070312,159.22999572753906,161.35000610351562,42965800
2018-11-23,151.5789337158203,159.2100067138672,160.83999633789062,159.08999633789062,159.08999633789062,23503700
2018-11-26,155.08255004882812,162.88999938964844,162.97000122070312,160.75999450683594,161.44000244140625,42012600
2018-11-27,155.6061553955078,163.44000244140625,163.85000610351562,161.17999267578125,162.0,36608100
2018-11-28,160.61402893066406,168.6999969482422,168.6999969482422,163.47000122070312,164.6199951171875,70141000
2018-11-29,160.09042358398438,168.14999389648438,169.25999450683594,166.82000732421875,167.99000549316406,44885700
2018-11-30,161.251953125,169.3699951171875,169.47000122070312,167.5399932861328,168.3800048828125,36722800
2018-12-03,164.07005310058594,172.3300018310547,173.30999755859375,169.50999450683594,173.11000061035156,50771700
2018-12-04,157.77694702148438,165.72000122070312,171.91000366210938,165.52000427246094,171.42999267578125,70594700
2018-12-06,158.8907928466797,166.88999938964844,166.91000366210938,161.77000427246094,162.3800048828125,71715500
2018-12-07,153.64488220214844,161.3800048828125,167.1199951171875,160.86000061035156,166.16000366210938,80432200
2018-12-10,155.25396728515625,163.07000732421875,163.77999877929688,159.41000366210938,161.0800018310547,73960800
2018-12-11,155.76803588867188,163.61000061035156,165.77000427246094,162.22999572753906,165.72999572753906,59058300
2018-12-12,157.13900756835938,165.0500030517578,167.60000610351562,164.9600067138672,166.0,53780000
2018-12-13,157.1865997314453,165.10000610351562,166.82000732421875,164.02999877929688,166.1300048828125,46378500
2018-12-14,153.35926818847656,161.0800018310547,163.80999755859375,160.6999969482422,163.2100067138672,56547400
2018-12-17,149.88426208496094,157.42999267578125,161.6699981689453,156.1699981689453,160.38999938964844,74834100
2018-12-18,150.82676696777344,158.4199981689453,159.9499969482422,157.0399932861328,158.64999389648438,63642100
2018-12-19,147.12322998046875,154.52999877929688,160.72000122070312,153.33999633789062,158.17999267578125,81856500
2018-12-20,144.99057006835938,152.2899932861328,155.8699951171875,150.38999938964844,154.14999389648438,99002100
2018-12-21,140.49684143066406,147.57000732421875,154.08999633789062,146.72000122070312,153.0500030517578,141129400
2018-12-24,137.0128173828125,143.5,147.97999572753906,143.4600067138672,146.0800018310547,56163300
2018-12-26,145.56776428222656,152.4600067138672,152.5399932861328,144.08999633789062,145.0800018310547,98982100
2018-12-27,146.1310577392578,153.0500030517578,153.17999267578125,147.0800018310547,150.3699951171875,85824300
2018-12-28,146.05470275878906,152.97000122070312,155.58999633789062,151.72000122070312,154.14999389648438,77856600
2018-12-31,147.28634643554688,154.25999450683594,154.97999572753906,152.7100067138672,154.47000122070312,53015300
2019-01-02,147.87832641601562,154.8800048828125,155.75,150.8800048828125,150.99000549316406,58576700
2019-01-03,143.04710388183594,149.82000732421875,153.25999450683594,149.49000549316406,152.60000610351562,74820200
2019-01-04,149.16729736328125,156.22999572753906,157.0,151.74000549316406,152.33999633789062,74709300
2019-01-07,150.94325256347656,158.08999633789062,158.86000061035156,156.11000061035156,156.6199951171875,52059300
2019-01-08,152.30857849121094,159.52000427246094,160.11000061035156,157.1999969482422,159.5399932861328,49388700
2019-01-09,153.54986572265625,160.82000732421875,161.52000427246094,159.47000122070312,160.13999938964844,46491700
2019-01-10,153.9890594482422,161.27999877929688,161.3699951171875,158.6999969482422,159.60000610351562,38943400
2019-01-11,153.42567443847656,160.69000244140625,160.86000061035156,159.7899932861328,160.3300018310547,30176600
2019-01-14,152.06988525390625,159.27000427246094,159.9600067138672,158.58999633789062,159.3300018310547,30710200
2019-01-15,155.039306640625,162.3800048828125,162.60000610351562,159.91000366210938,160.0,40874200
2019-01-16,155.01068115234375,162.35000610351562,163.77999877929688,162.2899932861328,162.64999389648438,33812200
2019-01-17,156.23280334472656,163.6300048828125,164.36000061035156,161.57000732421875,161.8300018310547,39329000
2019-01-18,157.77951049804688,165.25,166.02000427246094,163.82000732421875,164.77999877929688,57183200
2019-01-22,154.61917114257812,161.94000244140625,164.13999938964844,160.75999450683594,164.05999755859375,56711700
2019-01-23,154.8197021484375,162.14999389648438,163.50999450683594,160.32000732421875,162.77000427246094,38106100
2019-01-24,155.8222198486328,163.1999969482422,163.44000244140625,162.05999755859375,162.67999267578125,32417800
2019-01-25,157.68408203125,165.14999389648438,165.64999389648438,163.9499969482422,164.50999450683594,36515900
2019-01-28,155.7362823486328,163.11000061035156,163.1199951171875,161.75,163.02000427246094,33491200
2019-01-29,154.2659149169922,161.57000732421875,163.24000549316406,160.99000549316406,163.1999969482422,30784200
2019-01-30,158.19009399414062,165.67999267578125,166.27999877929688,162.88999938964844,163.39999389648438,41346500
2019-01-31,160.5580291748047,168.16000366210938,168.99000549316406,166.47000122070312,166.6999969482422,37258400
2019-02-01,159.8800506591797,167.4499969482422,168.60000610351562,166.99000549316406,167.3300018310547,32143700
2019-02-04,161.86607360839844,169.52999877929688,169.52999877929688,167.3300018310547,167.47999572753906,26718800
2019-02-05,163.2982635498047,171.02999877929688,171.22999572753906,169.69000244140625,169.75999450683594,28156400
2019-02-06,162.811279296875,170.52000427246094,171.3699951171875,169.75,171.07000732421875,27970000
2019-02-07,160.62478637695312,168.22999572753906,169.4499969482422,166.9499969482422,169.02999877929688,42036200
2019-02-08,160.93991088867188,168.55999755859375,168.58999633789062,166.57000732421875,166.75999450683594,29020700
2019-02-11,160.78720092773438,168.39999389648438,169.5800018310547,167.97999572753906,169.1699981689453,21434100
2019-02-12,163.16458129882812,170.88999938964844,171.13999938964844,169.3300018310547,169.6300048828125,29722100
2019-02-13,163.27914428710938,171.00999450683594,172.16000366210938,170.82000732421875,171.64999389648438,26094100
2019-02-14,163.47967529296875,171.22000122070312,171.8300018310547,169.8300018310547,170.39999389648438,30326800
2019-02-15,164.16709899902344,171.94000244140625,172.55999755859375,171.13999938964844,172.52000427246094,32521700
2019-02-19,164.49171447753906,172.27999877929688,172.8000030517578,171.3800048828125,171.41000366210938,19487700
2019-02-20,164.4630889892578,172.25,173.0800018310547,171.32000732421875,172.39999389648438,32593000
2019-02-21,163.861572265625,171.6199951171875,172.25999450683594,170.7100067138672,171.7899932861328,25207400
2019-02-22,165.07412719726562,172.88999938964844,173.00999450683594,171.89999389648438,171.99000549316406,27735400
2019-02-25,165.67572021484375,173.52000427246094,174.66000366210938,173.39999389648438,174.2100067138672,32608800
2019-02-26,165.84751892089844,173.6999969482422,174.25,172.80999755859375,173.10000610351562,21939700
2019-02-27,165.7424774169922,173.58999633789062,173.8000030517578,171.75999450683594,172.89999389648438,25162000
2019-02-28,165.36062622070312,173.19000244140625,173.80999755859375,172.6999969482422,173.0500030517578,25085500
2019-03-01,166.50631713867188,174.38999938964844,174.64999389648438,173.17999267578125,174.44000244140625,31431200
2019-03-04,166.53497314453125,174.4199981689453,175.7899932861328,172.47000122070312,175.5399932861328,38063500
2019-03-05,166.65911865234375,174.5500030517578,175.08999633789062,173.69000244140625,174.5500030517578,22319900
2019-03-06,165.71388244628906,173.55999755859375,174.75,173.27999877929688,174.72000122070312,27194600
2019-03-07,163.68017578125,171.42999267578125,173.17999267578125,170.7899932861328,173.1199951171875,39407400
2019-03-08,163.4319305419922,171.1699981689453,171.25999450683594,169.33999633789062,169.50999450683594,39303200
2019-03-11,166.83099365234375,174.72999572753906,174.85000610351562,171.85000610351562,171.8800048828125,30518400
2019-03-12,167.74758911132812,175.69000244140625,176.13999938964844,174.77000427246094,175.19000244140625,33953500
2019-03-13,169.00787353515625,177.00999450683594,177.92999267578125,176.35000610351562,176.60000610351562,42426100
2019-03-14,168.72149658203125,176.7100067138672,177.33999633789062,176.66000366210938,177.1300048828125,23751500
2019-03-15,170.28733825683594,178.35000610351562,178.8800048828125,177.27999877929688,177.39999389648438,38192000
2019-03-18,170.69290161132812,178.4499969482422,178.99000549316406,177.58999633789062,177.9499969482422,32935100
2019-03-19,171.2667999267578,179.0500030517578,180.0,178.2899932861328,179.17999267578125,36893300
2019-03-20,171.94593811035156,179.75999450683594,180.86000061035156,178.24000549316406,179.05999755859375,50105000
2019-03-21,174.63380432128906,182.57000732421875,182.8300018310547,179.1999969482422,179.22000122070312,42428500
2019-03-22,170.79811096191406,178.55999755859375,182.27000427246094,178.3699951171875,181.77999877929688,70794500
2019-03-25,170.47291564941406,178.22000122070312,178.83999633789062,176.92999267578125,177.91000366210938,46336500
2019-03-26,171.2667999267578,179.0500030517578,180.69000244140625,178.13999938964844,179.60000610351562,33248100
2019-03-27,170.16680908203125,177.89999389648438,179.72000122070312,176.60000610351562,179.32000732421875,37096700
2019-03-28,170.55894470214844,178.30999755859375,178.97999572753906,177.24000549316406,178.36000061035156,30368200
2019-03-29,171.8502960205078,179.66000366210938,179.8300018310547,178.58999633789062,179.69000244140625,35205500
2019-04-01,174.12681579589844,182.0399932861328,182.25999450683594,180.77000427246094,181.50999450683594,30969500
2019-04-02,174.7868194580078,182.72999572753906,182.91000366210938,181.77999877929688,182.24000549316406,22645200
2019-04-03,175.7912139892578,183.77999877929688,184.9199981689453,183.2100067138672,183.75999450683594,31633500
2019-04-04,175.72425842285156,183.7100067138672,184.5,182.64999389648438,183.8300018310547,28530800
2019-04-05,176.6329345703125,184.66000366210938,184.77000427246094,184.02000427246094,184.24000549316406,25674700
2019-04-08,177.08253479003906,185.1300048828125,185.27999877929688,183.6300048828125,184.36000061035156,22697500
2019-04-09,176.46078491210938,184.47999572753906,185.11000061035156,184.08999633789062,184.5,25631900
2019-04-10,177.40774536132812,185.47000122070312,185.52999877929688,184.52000427246094,184.72000122070312,24563000
2019-04-11,176.9868927001953,185.02999877929688,185.77999877929688,184.69000244140625,185.77999877929688,20654100
2019-04-12,177.75209045410156,185.8300018310547,185.9499969482422,185.05999755859375,185.85000610351562,24989100
2019-04-15,177.78076171875,185.86000061035156,186.07000732421875,184.6199951171875,185.83999633789062,21073000
2019-04-16,178.39297485351562,186.5,186.91000366210938,185.92999267578125,186.5399932861328,27195700
2019-04-17,179.01467895507812,187.14999389648438,187.92999267578125,186.60000610351562,187.75,29651600
2019-04-18,179.2443084716797,187.38999938964844,187.7899932861328,186.2899932861328,187.4600067138672,28580900
2019-04-22,179.75123596191406,187.9199981689453,187.99000549316406,186.42999267578125,186.57000732421875,17936000
2019-04-23,182.037353515625,190.30999755859375,190.5399932861328,188.1300048828125,188.39999389648438,33665600
2019-04-24,181.4634246826172,189.7100067138672,190.7100067138672,189.64999389648438,190.47000122070312,24977100
2019-04-25,182.19993591308594,190.47999572753906,191.22000122070312,189.4499969482422,191.1300048828125,29517500
2019-04-26,182.36256408691406,190.64999389648438,190.69000244140625,188.58999633789062,190.17999267578125,26359500
2019-04-29,182.71649169921875,191.02000427246094,191.32000732421875,190.33999633789062,190.64999389648438,21716200
2019-04-30,181.30076599121094,189.5399932861328,189.85000610351562,188.2100067138672,189.47999572753906,31495300
2019-05-01,180.7173309326172,188.92999267578125,191.32000732421875,188.8000030517578,190.77999877929688,34797100
2019-05-02,179.93299865722656,188.11000061035156,189.85000610351562,186.8699951171875,188.8699951171875,44110100
2019-05-03,182.80259704589844,191.11000061035156,191.25,189.3300018310547,189.6699981689453,30386200
2019-05-06,181.6834259033203,189.94000244140625,190.1999969482422,186.75999450683594,187.0500030517578,38371800
2019-05-07,178.14430236816406,186.24000549316406,188.6699981689453,184.50999450683594,187.8699951171875,58818100
2019-05-08,177.6947479248047,185.77000427246094,187.1699981689453,184.9600067138672,185.6300048828125,37165300
2019-05-09,176.73818969726562,184.77000427246094,185.41000366210938,182.08999633789062,183.6999969482422,55351700
2019-05-10,176.95819091796875,185.0,185.88999938964844,181.02999877929688,184.11000061035156,58526400
2019-05-13,170.8172149658203,178.5800018310547,181.25999450683594,178.05999755859375,180.2899932861328,67185800
2019-05-14,172.69203186035156,180.5399932861328,181.6300048828125,178.86000061035156,179.52000427246094,43360600
2019-05-15,175.1311492919922,183.08999633789062,183.5500030517578,179.30999755859375,179.35000610351562,40944500
2019-05-16,176.89125061035156,184.92999267578125,186.07000732421875,182.9499969482422,183.1699981689453,39281200
2019-05-17,175.08335876464844,183.0399932861328,185.5800018310547,182.8800048828125,183.10000610351562,44702300
2019-05-20,172.12770080566406,179.9499969482422,181.17999267578125,179.33999633789062,180.49000549316406,38608300
2019-05-21,173.92593383789062,181.8300018310547,182.3300018310547,180.9199981689453,181.5,31613800
2019-05-22,173.1511993408203,181.02000427246094,182.07000732421875,180.75,180.82000732421875,24332600
2019-05-23,170.5015869140625,178.25,179.02000427246094,177.13999938964844,178.94000244140625,45351300
2019-05-24,170.41551208496094,178.16000366210938,179.85000610351562,177.94000244140625,179.2100067138672,25903300
2019-05-28,169.77464294433594,177.49000549316406,179.66000366210938,177.47000122070312,178.66000366210938,24763800
2019-05-29,168.37806701660156,176.02999877929688,177.0,175.08999633789062,176.38999938964844,42178800
2019-05-30,169.0859832763672,176.77000427246094,177.27000427246094,175.77000427246094,176.5,30354800
2019-05-31,166.3885040283203,173.9499969482422,175.2899932861328,173.8699951171875,174.69000244140625,45446200
2019-06-03,162.7249755859375,170.1199951171875,173.9499969482422,169.27000427246094,173.47999572753906,75842300
2019-06-04,167.3067169189453,174.91000366210938,174.97000122070312,171.3699951171875,172.02999877929688,47797800
2019-06-05,168.55027770996094,176.2100067138672,176.61000061035156,174.3800048828125,176.5800018310547,34412700
2019-06-06,169.8894500732422,177.61000061035156,178.0399932861328,175.72999572753906,176.50999450683594,29913200
2019-06-07,173.17031860351562,181.0399932861328,181.77000427246094,178.3300018310547,178.55999755859375,45888300
2019-06-10,175.1885986328125,183.14999389648438,184.85000610351562,182.2100067138672,182.25,41385300
2019-06-11,175.42771911621094,183.39999389648438,185.39999389648438,182.77999877929688,185.05999755859375,41260300
2019-06-12,174.41384887695312,182.33999633789062,183.27999877929688,182.0,182.89999389648438,27758100
2019-06-13,175.4468994140625,183.4199981689453,183.8699951171875,182.74000549316406,183.10000610351562,23715800
2019-06-14,174.7007598876953,182.63999938964844,183.11000061035156,181.94000244140625,182.47999572753906,22844100
2019-06-17,175.75296020507812,183.74000549316406,184.25,182.83999633789062,183.0399932861328,20379500
2019-06-18,178.30691528320312,186.41000366210938,187.72000122070312,185.42999267578125,185.91000366210938,48177300
2019-06-19,178.97647094726562,187.11000061035156,187.52999877929688,185.57000732421875,186.66000366210938,31672900
2019-06-20,180.64085388183594,188.85000610351562,189.75999450683594,187.16000366210938,189.72000122070312,40922000
2019-06-21,180.3730010986328,188.57000732421875,189.77000427246094,188.1699981689453,188.6300048828125,39980400
2019-06-24,180.3787384033203,188.16000366210938,188.72000122070312,188.05999755859375,188.52999877929688,19375200
2019-06-25,177.28233337402344,184.92999267578125,188.13999938964844,184.64999389648438,188.02999877929688,33921100
2019-06-26,178.10675048828125,185.7899932861328,187.3300018310547,185.49000549316406,186.16000366210938,22595700
2019-06-27,178.7873992919922,186.5,186.94000244140625,185.99000549316406,186.4600067138672,19709200
2019-06-28,179.0174560546875,186.74000549316406,187.14999389648438,186.07000732421875,186.9499969482422,21179200
2019-07-01,181.43325805664062,189.25999450683594,190.57000732421875,188.3800048828125,190.32000732421875,31025600
2019-07-02,182.15225219726562,190.00999450683594,190.02999877929688,188.66000366210938,189.1999969482422,18035800
2019-07-03,183.5231170654297,191.44000244140625,191.44000244140625,190.2899932861328,190.49000549316406,15792100
2019-07-05,183.14927673339844,191.0500030517578,191.39999389648438,189.38999938964844,190.1300048828125,21415600
2019-07-08,181.86465454101562,189.7100067138672,189.8699951171875,188.92999267578125,189.80999755859375,17598800
2019-07-09,182.775390625,190.66000366210938,190.89999389648438,188.64999389648438,188.80999755859375,19193500
2019-07-10,184.59678649902344,192.55999755859375,193.08999633789062,191.47000122070312,191.82000732421875,28374500
2019-07-11,184.4625701904297,192.4199981689453,193.33999633789062,191.80999755859375,192.85000610351562,23736100
2019-07-12,185.52664184570312,193.52999877929688,193.5399932861328,192.4499969482422,192.6300048828125,20211900
2019-07-15,186.1210174560547,194.14999389648438,194.19000244140625,193.44000244140625,193.97999572753906,15606100
2019-07-16,185.1623992919922,193.14999389648438,194.08999633789062,192.55999755859375,193.91000366210938,20190900
2019-07-17,184.25169372558594,192.1999969482422,193.49000549316406,192.17999267578125,193.14999389648438,16765100
2019-07-18,184.4625701904297,192.4199981689453,192.7899932861328,190.69000244140625,191.2899932861328,28877000
2019-07-19,183.11087036132812,191.00999450683594,193.8300018310547,190.80999755859375,193.74000549316406,29387900
2019-07-22,184.56808471679688,192.52999877929688,192.94000244140625,191.44000244140625,191.44000244140625,18954900
2019-07-23,185.77593994140625,193.7899932861328,193.80999755859375,192.2899932861328,193.5800018310547,23786700
2019-07-24,187.0796356201172,195.14999389648438,195.16000366210938,193.02999877929688,193.0500030517578,20422900
2019-07-25,185.30616760253906,193.3000030517578,194.52000427246094,192.92999267578125,194.49000549316406,23434700
2019-07-26,187.2138671875,195.2899932861328,195.5500030517578,194.42999267578125,194.52999877929688,20431200
2019-07-29,186.5715789794922,194.6199951171875,195.17999267578125,193.38999938964844,195.11000061035156,20451700
2019-07-30,185.766357421875,193.77999877929688,194.5399932861328,192.99000549316406,193.1300048828125,18705000
2019-07-31,183.19715881347656,191.10000610351562,194.42999267578125,189.32000732421875,194.3000030517578,41627500
2019-08-01,182.28646850585938,190.14999389648438,194.97999572753906,189.22999572753906,191.42999267578125,63251600
2019-08-02,179.60223388671875,187.35000610351562,188.99000549316406,186.2100067138672,188.72000122070312,55214000
2019-08-05,173.25601196289062,180.72999572753906,183.50999450683594,179.1999969482422,183.42999267578125,75040000
2019-08-06,175.68136596679688,183.25999450683594,183.8000030517578,181.07000732421875,182.39999389648438,41897200
2019-08-07,176.63040161132812,184.25,184.50999450683594,179.88999938964844,181.27000427246094,49990600
2019-08-08,180.47457885742188,188.25999450683594,188.32000732421875,184.57000732421875,185.0800018310547,38418100
2019-08-09,178.7777862548828,186.49000549316406,188.0,185.02999877929688,187.36000061035156,33608900
2019-08-12,176.72630310058594,184.35000610351562,185.89999389648438,183.5,185.33999633789062,24642900
2019-08-13,180.59922790527344,188.38999938964844,189.67999267578125,184.02000427246094,184.19000244140625,40241900
2019-08-14,175.20205688476562,182.75999450683594,185.9499969482422,182.4199981689453,185.36000061035156,51000500
2019-08-15,175.00074768066406,182.5500030517578,183.58999633789062,181.16000366210938,183.0,36685000
2019-08-16,177.80953979492188,185.47999572753906,185.9499969482422,184.10000610351562,184.2100067138672,32781400
2019-08-19,180.63758850097656,188.42999267578125,188.8300018310547,187.5,188.16000366210938,22494100
2019-08-20,179.23797607421875,186.97000122070312,188.63999938964844,186.9199981689453,187.9600067138672,19902900
2019-08-21,180.82933044433594,188.6300048828125,189.22999572753906,187.9600067138672,188.61000061035156,20418500
2019-08-22,180.24449157714844,188.02000427246094,189.4600067138672,186.5399932861328,188.97999572753906,24243700
2019-08-23,174.5405731201172,182.07000732421875,188.4499969482422,181.55999755859375,186.74000549316406,55372400
2019-08-26,177.1768798828125,184.82000732421875,184.8699951171875,183.0800018310547,184.13999938964844,27598900
2019-08-27,176.80296325683594,184.42999267578125,186.4199981689453,183.7100067138672,186.11000061035156,28012800
2019-08-28,177.43568420410156,185.08999633789062,185.39999389648438,182.91000366210938,183.8300018310547,21792400
2019-08-29,180.14866638183594,187.9199981689453,188.4600067138672,186.67999267578125,187.38999938964844,25358900
2019-08-30,179.71726989746094,187.47000122070312,188.97000122070312,186.41000366210938,188.92999267578125,26319800
2019-09-03,177.97254943847656,185.64999389648438,187.17999267578125,185.02999877929688,186.22000122070312,27964200
2019-09-04,180.5417022705078,188.3300018310547,188.49000549316406,186.89999389648438,187.44000244140625,21592100
2019-09-05,183.84902954101562,191.77999877929688,192.3300018310547,190.33999633789062,190.41000366210938,33932600
2019-09-06,183.66690063476562,191.58999633789062,192.1699981689453,191.1699981689453,192.10000610351562,19487800
2019-09-09,183.283447265625,191.19000244140625,192.27000427246094,190.22000122070312,192.19000244140625,24407600
2019-09-10,182.7561798095703,190.63999938964844,190.74000549316406,188.91000366210938,190.16000366210938,23744700
2019-09-11,184.47213745117188,192.42999267578125,192.52999877929688,190.55999755859375,191.0,25063600
2019-09-12,185.23907470703125,193.22999572753906,194.7100067138672,192.97000122070312,193.61000061035156,28689900
2019-09-13,184.57762145996094,192.5399932861328,193.39999389648438,192.2899932861328,192.9499969482422,27669800
2019-09-16,183.75315856933594,191.67999267578125,192.0800018310547,191.11000061035156,191.3000030517578,20319000
2019-09-17,184.63514709472656,192.60000610351562,192.60000610351562,191.2899932861328,191.6999969482422,20953400
2019-09-18,184.55844116210938,192.52000427246094,192.60000610351562,190.11000061035156,192.1999969482422,29781300
2019-09-19,184.86521911621094,192.83999633789062,194.0399932861328,192.47000122070312,192.86000061035156,26039400
2019-09-20,182.9095916748047,190.8000030517578,193.30999755859375,190.16000366210938,193.11000061035156,29086100
2019-09-23,182.99024963378906,190.5,191.07000732421875,189.72000122070312,190.36000061035156,22485900
2019-09-24,180.55996704101562,187.97000122070312,191.7899932861328,187.14999389648438,191.3699951171875,40820700
2019-09-25,182.58685302734375,190.0800018310547,190.5800018310547,186.2100067138672,187.77999877929688,34704900
2019-09-26,181.91441345214844,189.3800048828125,190.0,187.97999572753906,189.8300018310547,26826000
2019-09-27,179.6570587158203,187.02999877929688,189.8300018310547,185.75,189.72999572753906,40773500
2019-09-30,181.36688232421875,188.80999755859375,189.11000061035156,187.39999389648438,187.7899932861328,26307700
2019-10-01,179.8876190185547,187.27000427246094,190.58999633789062,186.9600067138672,189.5,32367600
2019-10-02,176.79454040527344,184.0500030517578,186.02999877929688,183.02000427246094,186.0,48544300
2019-10-03,178.73489379882812,186.07000732421875,186.2100067138672,181.82000732421875,184.02999877929688,39392500
2019-10-04,181.36688232421875,188.80999755859375,189.0800018310547,186.8800048828125,187.0800018310547,31887600
2019-10-07,180.8193359375,188.24000549316406,189.74000549316406,187.91000366210938,188.27000427246094,21216000
2019-10-08,178.11053466796875,185.4199981689453,187.86000061035156,185.27000427246094,187.05999755859375,32379300
2019-10-09,179.84915161132812,187.22999572753906,188.0800018310547,186.42999267578125,186.99000549316406,20147400
2019-10-10,181.2420196533203,188.67999267578125,189.42999267578125,187.1199951171875,187.27999877929688,25177700
2019-10-11,183.5762176513672,191.11000061035156,192.6300048828125,190.72000122070312,190.8300018310547,40976700
2019-10-14,183.55699157714844,191.08999633789062,191.6999969482422,190.64999389648438,190.83999633789062,14975000
2019-10-15,185.89122009277344,193.52000427246094,193.97000122070312,191.55999755859375,191.67999267578125,23234200
2019-10-16,185.43011474609375,193.0399932861328,193.52999877929688,192.42999267578125,192.86000061035156,20457100
2019-10-17,185.92002868652344,193.5500030517578,194.5,192.80999755859375,194.1999969482422,19045200
2019-10-18,184.1333770751953,191.69000244140625,193.6699981689453,190.7100067138672,193.1999969482422,27700800
2019-10-21,185.76638793945312,193.38999938964844,193.52000427246094,192.13999938964844,192.7100067138672,15801200
2019-10-22,184.2870635986328,191.85000610351562,194.4199981689453,191.7899932861328,194.14999389648438,22392300
2019-10-23,184.6424102783203,192.22000122070312,192.25999450683594,191.14999389648438,191.4600067138672,14828400
2019-10-24,186.438720703125,194.08999633789062,194.2100067138672,192.74000549316406,193.58999633789062,18998500
2019-10-25,187.92764282226562,195.63999938964844,195.74000549316406,193.0500030517578,193.08999633789062,21507100
2019-10-28,189.7815704345703,197.57000732421875,197.8300018310547,196.5500030517578,196.5500030517578,18818700
2019-10-29,188.3118438720703,196.0399932861328,197.5399932861328,196.00999450683594,197.24000549316406,18569700
2019-10-30,189.2244110107422,196.99000549316406,197.32000732421875,195.2899932861328,196.4199981689453,21764300
2019-10-31,189.31085205078125,197.0800018310547,197.64999389648438,195.94000244140625,197.55999755859375,26801800
2019-11-01,191.03028869628906,198.8699951171875,198.8800048828125,197.6300048828125,197.92999267578125,22131900
2019-11-04,192.2117919921875,200.10000610351562,200.52999877929688,198.8699951171875,200.19000244140625,19015900
2019-11-05,192.31744384765625,200.2100067138672,200.5500030517578,199.5500030517578,200.35000610351562,15048900
2019-11-06,191.8852081298828,199.75999450683594,200.0,198.7899932861328,199.97999572753906,19725500
2019-11-07,192.52882385253906,200.42999267578125,201.72000122070312,199.85000610351562,200.75999450683594,17832400
2019-11-08,193.2972412109375,201.22999572753906,201.25,199.5399932861328,200.07000732421875,15258800
2019-11-11,193.0378875732422,200.9600067138672,201.0399932861328,199.94000244140625,200.2100067138672,10147600
2019-11-12,193.59503173828125,201.5399932861328,202.2100067138672,200.82000732421875,201.1300048828125,14778300
2019-11-13,193.64306640625,201.58999633789062,201.77999877929688,200.7100067138672,200.83999633789062,15774600
2019-11-14,193.48936462402344,201.42999267578125,201.55999755859375,200.22000122070312,200.8300018310547,16945400
2019-11-15,194.9110565185547,202.91000366210938,202.91000366210938,202.0,202.64999389648438,18427900
2019-11-18,195.06472778320312,203.07000732421875,203.38999938964844,201.77000427246094,202.58999633789062,18365900
2019-11-19,195.35287475585938,203.3699951171875,203.83999633789062,202.58999633789062,203.83999633789062,16923300
2019-11-20,194.18093872070312,202.14999389648438,203.4499969482422,200.6199951171875,202.83999633789062,36629000
2019-11-21,193.74876403808594,201.6999969482422,202.07000732421875,201.07000732421875,201.92999267578125,17883600
2019-11-22,193.87362670898438,201.8300018310547,202.32000732421875,200.74000549316406,202.1999969482422,17189600
2019-11-25,196.16937255859375,204.22000122070312,204.25999450683594,202.6699981689453,202.6999969482422,17752800
2019-11-26,196.54403686523438,204.61000061035156,204.8699951171875,204.0500030517578,204.35000610351562,14780600
2019-11-27,197.91761779785156,206.0399932861328,206.0500030517578,204.88999938964844,205.13999938964844,16963100
2019-11-29,197.01467895507812,205.10000610351562,205.8300018310547,205.0,205.52000427246094,9854600
2019-12-02,194.99746704101562,203.0,205.17999267578125,201.77999877929688,205.11000061035156,28007000
2019-12-03,193.4701690673828,201.41000366210938,201.49000549316406,199.22999572753906,200.2100067138672,31104100
2019-12-04,194.449951171875,202.42999267578125,202.91000366210938,202.13999938964844,202.44000244140625,15300100
2019-12-05,194.8341827392578,202.8300018310547,203.14999389648438,201.83999633789062,203.14999389648438,14962300
2019-12-06,196.91867065429688,205.0,205.14999389648438,204.14999389648438,204.30999755859375,16555300
2019-12-09,196.02529907226562,204.07000732421875,205.58999633789062,203.97999572753906,204.6300048828125,13984100
2019-12-10,195.8620147705078,203.89999389648438,204.8800048828125,203.44000244140625,204.1699981689453,21799800
2019-12-11,196.89939880371094,204.97999572753906,205.19000244140625,204.0399932861328,204.36000061035156,18780800
2019-12-12,198.36911010742188,206.50999450683594,207.32000732421875,204.49000549316406,204.77000427246094,32612000
2019-12-13,199.02232360839844,207.19000244140625,207.91000366210938,205.9600067138672,206.39999389648438,32519400
2019-12-16,201.02029418945312,209.27000427246094,209.52999877929688,208.47999572753906,208.5500030517578,21296600
2019-12-17,201.1355743408203,209.38999938964844,209.7100067138672,209.0399932861328,209.5399932861328,15996100
2019-12-18,201.2892608642578,209.5500030517578,210.1300048828125,209.3300018310547,209.57000732421875,15443300
2019-12-19,202.54763793945312,210.86000061035156,210.92999267578125,209.6199951171875,209.63999938964844,17865900
2019-12-20,203.3640899658203,211.7100067138672,212.52000427246094,211.27000427246094,211.86000061035156,27672600
2019-12-23,203.90127563476562,211.80999755859375,212.14999389648438,211.6300048828125,212.0,23774700
2019-12-24,204.00714111328125,211.9199981689453,212.08999633789062,211.44000244140625,212.0,7089000
2019-12-26,205.80734252929688,213.7899932861328,213.80999755859375,212.22999572753906,212.25999450683594,17067500
2019-12-27,205.6341094970703,213.61000061035156,214.55999755859375,213.0399932861328,214.5399932861328,18134100
2019-12-30,204.28636169433594,212.2100067138672,213.6300048828125,211.16000366210938,213.5,21815500
2019-12-31,204.67141723632812,212.61000061035156,212.75999450683594,211.1999969482422,211.52999877929688,18170900
2020-01-02,208.0888671875,216.16000366210938,216.16000366210938,213.97999572753906,214.39999389648438,30969400
2020-01-03,206.18280029296875,214.17999267578125,215.47000122070312,213.27999877929688,213.3000030517578,27518900
2020-01-06,207.51126098632812,215.55999755859375,215.58999633789062,212.24000549316406,212.5,21655300
2020-01-07,207.48236083984375,215.52999877929688,216.13999938964844,214.85000610351562,215.63999938964844,22139300
2020-01-08,209.0418701171875,217.14999389648438,218.13999938964844,215.16000366210938,215.5,26397300
2020-01-09,210.8131866455078,218.99000549316406,219.41000366210938,217.7100067138672,218.94000244140625,23547000
2020-01-10,210.2741241455078,218.42999267578125,219.8699951171875,218.0399932861328,219.85000610351562,21898500
2020-01-13,212.69998168945312,220.9499969482422,220.97999572753906,218.97999572753906,219.3300018310547,22756900
2020-01-14,211.86251831054688,220.0800018310547,221.2100067138672,219.74000549316406,220.83999633789062,24418100
2020-01-15,211.94918823242188,220.1699981689453,221.1999969482422,219.4499969482422,220.1999969482422,25742100
2020-01-16,213.98037719726562,222.27999877929688,222.32000732421875,220.8000030517578,221.27000427246094,18805000
2020-01-17,215.039306640625,223.3800048828125,223.55999755859375,222.1199951171875,223.27999877929688,24325200
2020-01-21,214.94300842285156,223.27999877929688,223.83999633789062,222.66000366210938,222.75999450683594,21146300
2020-01-22,215.510986328125,223.8699951171875,225.14999389648438,223.58999633789062,224.41000366210938,20736400
2020-01-23,216.2041015625,224.58999633789062,224.69000244140625,222.6999969482422,223.74000549316406,26496100
2020-01-24,214.38461303710938,222.6999969482422,225.8800048828125,221.6699981689453,225.63999938964844,37436500
2020-01-27,209.9564666748047,218.10000610351562,219.27999877929688,217.17999267578125,217.6699981689453,42264400
2020-01-28,213.1813507080078,221.4499969482422,221.9600067138672,219.05999755859375,219.63999938964844,26731900
2020-01-29,213.5279083251953,221.80999755859375,222.92999267578125,220.8300018310547,222.67999267578125,28924500
2020-01-30,214.2884063720703,222.60000610351562,222.6999969482422,219.69000244140625,220.3800048828125,39568100
2020-01-31,210.89022827148438,219.07000732421875,223.55999755859375,218.2899932861328,223.52999877929688,52015800
2020-02-03,214.07659912109375,222.3800048828125,222.88999938964844,219.99000549316406,220.13999938964844,25408600
2020-02-04,218.9765625,227.47000122070312,227.86000061035156,224.64999389648438,225.4199981689453,30691200
2020-02-05,219.69857788085938,228.22000122070312,230.25,226.85000610351562,230.2100067138672,38534800
2020-02-06,221.5950164794922,230.19000244140625,230.25,227.97999572753906,228.7899932861328,22467100
2020-02-07,220.64198303222656,229.1999969482422,230.44000244140625,228.5399932861328,229.16000366210938,25884900
2020-02-10,223.30856323242188,231.97000122070312,231.97999572753906,228.3800048828125,228.44000244140625,21478900
2020-02-11,223.34703063964844,232.00999450683594,234.02000427246094,231.39999389648438,233.25,30198000
2020-02-12,225.52268981933594,234.27000427246094,234.3800048828125,232.8000030517578,233.3800048828125,24471300
2020-02-13,225.23385620117188,233.97000122070312,234.92999267578125,232.36000061035156,232.63999938964844,22773200
2020-02-14,225.87884521484375,234.63999938964844,234.86000061035156,233.5500030517578,234.33999633789062,23438500
2020-02-18,225.96548461914062,234.72999572753906,235.1699981689453,233.25,233.5,24394500
2020-02-19,228.1314239501953,236.97999572753906,237.47000122070312,235.85000610351562,236.1300048828125,22230500
2020-02-20,226.0136260986328,234.77999877929688,236.9499969482422,231.8800048828125,236.4600067138672,42604000
2020-02-21,221.6720733642578,230.27000427246094,234.00999450683594,229.32000732421875,233.61000061035156,66017200
2020-02-24,213.12356567382812,221.38999938964844,224.25,220.25999450683594,221.67999267578125,84522600
2020-02-25,207.328369140625,215.3699951171875,223.99000549316406,214.74000549316406,223.25,97743000
2020-02-26,208.3969268798828,216.47999572753906,220.27999877929688,214.89999389648438,216.7100067138672,79537700
2020-02-27,197.96165466308594,205.63999938964844,216.4199981689453,205.5,210.89999389648438,121822600
2020-02-28,198.11569213867188,205.8000030517578,207.1699981689453,198.1699981689453,198.63999938964844,148173700
2020-03-02,208.33914184570312,216.4199981689453,216.57000732421875,205.94000244140625,208.8800048828125,112933900
2020-03-03,201.6582489013672,209.47999572753906,219.61000061035156,207.6199951171875,217.11000061035156,131953500
2020-03-04,210.07196044921875,218.22000122070312,218.3300018310547,211.3699951171875,213.32000732421875,73086200
2020-03-05,203.6894989013672,211.58999633789062,216.36000061035156,210.10000610351562,212.69000244140625,78705500
2020-03-06,200.25282287597656,208.02000427246094,209.14999389648438,202.91000366210938,204.6699981689453,89828400
2020-03-09,186.3423614501953,193.57000732421875,201.16000366210938,192.11000061035156,193.47999572753906,116424000
2020-03-10,196.48880004882812,204.11000061035156,204.3000030517578,193.67999267578125,201.11000061035156,100599200
2020-03-11,187.93077087402344,195.22000122070312,200.75,192.72999572753906,199.35000610351562,89168800
2020-03-12,170.69908142089844,177.32000732421875,190.77999877929688,176.94000244140625,182.08999633789062,137820700
2020-03-13,185.1582489013672,192.33999633789062,194.47999572753906,178.1300048828125,187.07000732421875,134882000
2020-03-16,162.9785614013672,169.3000030517578,184.67999267578125,169.16000366210938,174.14999389648438,92054400
2020-03-17,175.3391571044922,182.13999938964844,184.38999938964844,169.77999877929688,175.47000122070312,121257100
2020-03-18,170.00604248046875,176.60000610351562,179.22000122070312,166.8000030517578,171.61000061035156,114156300
2020-03-19,171.0264129638672,177.66000366210938,183.49000549316406,171.6300048828125,175.69000244140625,120896500
2020-03-20,164.3262939453125,170.6999969482422,182.8699951171875,170.10000610351562,181.74000549316406,118983900
2020-03-23,164.44496154785156,170.4600067138672,174.2100067138672,164.92999267578125,170.9199981689453,124639800
2020-03-24,177.17918395996094,183.66000366210938,183.8300018310547,177.9499969482422,179.91000366210938,94881800
2020-03-25,175.8671417236328,182.3000030517578,189.50999450683594,179.97999572753906,184.4199981689453,88754900
2020-03-26,185.12835693359375,191.89999389648438,192.72000122070312,183.61000061035156,183.8699951171875,79887600
2020-03-27,178.76129150390625,185.3000030517578,190.50999450683594,184.66000366210938,186.92999267578125,58845000
2020-03-30,185.26344299316406,192.0399932861328,192.49000549316406,186.33999633789062,187.05999755859375,49356900
2020-03-31,183.6813201904297,190.39999389648438,195.25,189.1999969482422,191.72000122070312,62659300
2020-04-01,175.8767547607422,182.30999755859375,187.66000366210938,180.86000061035156,184.77000427246094,53715400
2020-04-02,179.4462432861328,186.00999450683594,190.10000610351562,180.97000122070312,181.24000549316406,56465300
2020-04-03,176.89935302734375,183.3699951171875,187.07000732421875,181.2899932861328,185.5500030517578,47487600
2020-04-06,189.5467529296875,196.47999572753906,197.64999389648438,189.19000244140625,190.47999572753906,64763500
2020-04-07,189.46958923339844,196.39999389648438,202.66000366210938,196.0,202.3699951171875,69904500
2020-04-08,193.492431640625,200.57000732421875,201.1699981689453,196.1699981689453,198.14999389648438,45940400
2020-04-09,193.77224731445312,200.86000061035156,203.22000122070312,199.02999877929688,202.35000610351562,68252600
2020-04-13,195.86566162109375,203.02999877929688,203.4199981689453,198.75,200.0,42853900
2020-04-14,204.38406372070312,211.86000061035156,212.5,206.4199981689453,207.22999572753906,63959600
2020-04-15,202.039794921875,209.42999267578125,211.8300018310547,207.1199951171875,208.47999572753906,47036000
2020-04-16,205.72496032714844,213.25,214.3699951171875,209.69000244140625,211.69000244140625,64657400
2020-04-17,207.69305419921875,215.2899932861328,216.50999450683594,212.0800018310547,216.1699981689453,62863200
2020-04-20,205.23304748535156,212.74000549316406,215.8800048828125,212.57000732421875,213.36000061035156,38249100
2020-04-21,197.66000366210938,204.88999938964844,211.16000366210938,203.6300048828125,210.60000610351562,72932800
2020-04-22,203.52545166015625,210.97000122070312,212.35000610351562,208.3300018310547,209.10000610351562,40089100
2020-04-23,203.09132385253906,210.52000427246094,214.44000244140625,210.10000610351562,211.7899932861328,43278500
2020-04-24,206.29415893554688,213.83999633789062,214.3000030517578,209.5,210.97000122070312,34231900
2020-04-27,207.9534912109375,215.55999755859375,216.6300048828125,214.5,216.19000244140625,36451700
2020-04-28,204.0367889404297,211.5,217.32000732421875,211.2100067138672,217.32000732421875,46862800
2020-04-29,211.27212524414062,219.0,219.97000122070312,215.13999938964844,216.19000244140625,48716400
2020-04-30,211.18528747558594,218.91000366210938,220.0399932861328,217.35000610351562,219.9499969482422,43359500
2020-05-01,205.23304748535156,212.74000549316406,216.6699981689453,211.67999267578125,214.5,48795000
2020-05-04,207.62550354003906,215.22000122070312,215.4499969482422,211.1199951171875,211.4600067138672,32841000
2020-05-05,209.97940063476562,217.66000366210938,220.13999938964844,216.85000610351562,217.44000244140625,37783100
2020-05-06,211.27212524414062,219.0,221.0399932861328,218.11000061035156,219.39999389648438,36455200
2020-05-07,213.99256896972656,221.82000732421875,222.72999572753906,220.4199981689453,221.82000732421875,38624800
2020-05-08,216.92530822753906,224.86000061035156,225.0,222.47999572753906,223.5500030517578,31852300
2020-05-11,218.86436462402344,226.8699951171875,227.92999267578125,223.25,223.49000549316406,35714100
2020-05-12,214.281982421875,222.1199951171875,228.10000610351562,222.08999633789062,227.49000549316406,41054100
2020-05-13,211.60003662109375,219.33999633789062,224.61000061035156,216.7100067138672,222.66000366210938,65521200
2020-05-14,214.0022430419922,221.8300018310547,221.8699951171875,215.99000549316406,217.97000122070312,51549300
2020-05-15,215.3914337158203,223.27000427246094,223.3300018310547,218.3300018310547,218.77999877929688,55747200
2020-05-18,219.4046173095703,227.42999267578125,228.67999267578125,225.47000122070312,226.27999877929688,42398100
2020-05-19,218.85475158691406,226.86000061035156,229.85000610351562,226.7100067138672,227.6999969482422,36237300
2020-05-20,223.22491455078125,231.38999938964844,231.75999450683594,229.47999572753906,229.5,37417000
2020-05-21,220.7938690185547,228.8699951171875,232.13999938964844,228.33999633789062,231.44000244140625,43642900
2020-05-22,221.55593872070312,229.66000366210938,229.8699951171875,227.5,228.4499969482422,28762400
2020-05-26,220.9578399658203,229.0399932861328,233.57000732421875,228.7899932861328,233.36000061035156,33055300
2020-05-27,222.16366577148438,230.2899932861328,230.41000366210938,223.94000244140625,228.69000244140625,55665600
2020-05-28,221.8743133544922,229.99000549316406,233.47000122070312,229.0500030517578,229.11000061035156,42784300
2020-05-29,225.12538146972656,233.36000061035156,233.60000610351562,228.75999450683594,230.3800048828125,50691800
2020-06-01,225.8007049560547,234.05999755859375,234.4499969482422,232.0,232.4600067138672,25776000
2020-06-02,227.31529235839844,235.6300048828125,235.69000244140625,232.00999450683594,234.5,33383400
2020-06-03,228.33786010742188,236.69000244140625,237.47000122070312,235.35000610351562,236.25999450683594,37228700
2020-06-04,226.73643493652344,235.02999877929688,237.7899932861328,233.67999267578125,236.3300018310547,38716100
2020-06-05,231.23199462890625,239.69000244140625,240.3000030517578,235.6300048828125,236.22000122070312,47365600
2020-06-08,233.0263214111328,241.5500030517578,241.67999267578125,237.91000366210938,239.5399932861328,32937300
2020-06-09,234.71463012695312,243.3000030517578,244.17999267578125,240.47000122070312,240.66000366210938,35046300
2020-06-10,237.5315704345703,246.22000122070312,247.82000732421875,244.50999450683594,245.0500030517578,58084400
2020-06-11,225.76211547851562,234.02000427246094,243.58999633789062,233.9600067138672,242.16000366210938,72919400
2020-06-12,227.55645751953125,235.8800048828125,240.39999389648438,231.74000549316406,239.08999633789062,72034800
2020-06-15,230.3251953125,238.75,239.4499969482422,231.47000122070312,232.44000244140625,45307400
2020-06-16,234.28048706054688,242.85000610351562,244.38999938964844,239.10000610351562,243.77999877929688,48890100
2020-06-17,235.02328491210938,243.6199951171875,245.5,242.72999572753906,244.39999389648438,34749300
2020-06-18,235.66001892089844,244.27999877929688,244.52999877929688,242.49000549316406,243.2899932861328,30578600
2020-06-19,235.6214599609375,244.24000549316406,247.0,242.4499969482422,246.72999572753906,49422100
2020-06-22,238.44717407226562,246.74000549316406,246.8699951171875,243.3800048828125,243.67999267578125,24068700
2020-06-23,240.47662353515625,248.83999633789062,251.14999389648438,247.82000732421875,248.38999938964844,32767400
2020-06-24,235.51905822753906,243.7100067138672,249.3300018310547,242.16000366210938,248.05999755859375,46032400
2020-06-25,237.76101684570312,246.02999877929688,246.33999633789062,241.13999938964844,243.8000030517578,36940800
2020-06-26,232.14633178710938,240.22000122070312,245.9600067138672,239.67999267578125,245.77999877929688,52824600
2020-06-29,234.67825317382812,242.83999633789062,242.85000610351562,237.35000610351562,239.97000122070312,34377800
2020-06-30,239.27828979492188,247.60000610351562,248.16000366210938,242.5800018310547,242.77000427246094,38909200
2020-07-01,242.07115173339844,250.49000549316406,251.52000427246094,247.0800018310547,247.63999938964844,34689200
2020-07-02,243.71401977539062,252.19000244140625,254.27000427246094,251.7100067138672,253.02000427246094,31956500
2020-07-06,249.7056121826172,258.3900146484375,258.92999267578125,255.42999267578125,255.4499969482422,34589000
2020-07-07,247.9854278564453,256.6099853515625,260.8800048828125,256.29998779296875,258.1300048828125,36578200
2020-07-08,251.25189208984375,259.989990234375,260.0199890136719,256.5,257.9800109863281,30426300
2020-07-09,253.3682861328125,262.17999267578125,262.8699951171875,257.6300048828125,261.9700012207031,40312900
2020-07-10,255.09811401367188,263.9700012207031,264.2300109863281,259.260009765625,262.0299987792969,32885300
2020-07-13,249.85057067871094,258.5400085449219,269.7900085449219,257.69000244140625,266.9100036621094,64108100
2020-07-14,251.61911010742188,260.3699951171875,260.7900085449219,252.75999450683594,255.92999267578125,72230500
2020-07-15,252.13121032714844,260.8999938964844,262.69000244140625,257.489990234375,261.8299865722656,54523900
2020-07-16,250.41104125976562,259.1199951171875,259.7799987792969,255.6199951171875,258.0199890136719,47594100
2020-07-17,250.70098876953125,259.4200134277344,260.30999755859375,257.1700134277344,259.5899963378906,35137900
2020-07-20,257.8136291503906,266.7799987792969,267.42999267578125,258.7900085449219,260.0799865722656,40610100
2020-07-21,255.12710571289062,264.0,268.4100036621094,263.1300048828125,268.3999938964844,43243800
2020-07-22,256.02581787109375,264.92999267578125,265.8900146484375,262.54998779296875,264.510009765625,29865500
2020-07-23,249.33837890625,258.010009765625,265.239990234375,256.54998779296875,264.510009765625,51363500
2020-07-24,246.970703125,255.55999755859375,256.92999267578125,251.32000732421875,254.0399932861328,54054500
2020-07-27,251.3774871826172,260.1199951171875,260.5199890136719,256.45001220703125,257.260009765625,36445700
2020-07-28,248.1787567138672,256.80999755859375,259.8500061035156,256.510009765625,259.30999755859375,31302400
2020-07-29,251.03927612304688,259.7699890136719,260.6600036621094,257.9100036621094,258.3999938964844,27556900
2020-07-30,252.35357666015625,261.1300048828125,261.7099914550781,256.54998779296875,257.739990234375,41774500
2020-07-31,256.85693359375,265.7900085449219,265.95001220703125,260.8500061035156,265.9100036621094,53686300
2020-08-03,260.3262634277344,269.3800048828125,270.1499938964844,267.8699951171875,268.0,32081600
2020-08-04,261.2926330566406,270.3800048828125,270.4800109863281,268.0899963378906,268.8599853515625,24911300
2020-08-05,261.9400634765625,271.04998779296875,271.5199890136719,269.9599914550781,270.8800048828125,21612100
2020-08-06,265.4095458984375,274.6400146484375,274.9800109863281,270.19000244140625,270.8500061035156,28048200
2020-08-07,262.34600830078125,271.4700012207031,274.8800048828125,269.25,274.0799865722656,44969400
2020-08-10,261.2250671386719,270.30999755859375,271.9800109863281,266.6700134277344,271.7699890136719,35088400
2020-08-11,256.2771301269531,265.19000244140625,270.44000244140625,264.6300048828125,269.1099853515625,43104300
2020-08-12,262.7228698730469,271.8599853515625,272.8399963378906,267.3699951171875,267.4200134277344,38773400
2020-08-13,263.3221130371094,272.4800109863281,274.8299865722656,271.510009765625,272.6600036621094,31895700
2020-08-14,263.01287841796875,272.1600036621094,273.3999938964844,270.7200012207031,273.1199951171875,30799500
2020-08-17,266.0666809082031,275.32000732421875,275.8399963378906,272.20001220703125,273.92999267578125,24803000
2020-08-18,268.6275634765625,277.9700012207031,278.4599914550781,274.9100036621094,276.4200134277344,23529500
2020-08-19,266.82037353515625,276.1000061035156,279.0199890136719,275.57000732421875,277.92999267578125,31999400
2020-08-20,270.5216369628906,279.92999267578125,280.42999267578125,274.8599853515625,275.2799987792969,27723400
2020-08-21,272.396484375,281.8699951171875,282.3399963378906,279.4599914550781,280.1300048828125,34748900
2020-08-24,274.09735107421875,283.6300048828125,286.0,281.2699890136719,285.25,36418500
2020-08-25,276.2523498535156,285.8599853515625,286.05999755859375,282.3699951171875,282.8299865722656,34866600
2020-08-26,282.14727783203125,291.9599914550781,292.2200012207031,285.8299865722656,287.1499938964844,42216700
2020-08-27,281.2679748535156,291.04998779296875,293.8500061035156,288.7099914550781,292.9700012207031,49482700
2020-08-28,282.6982421875,292.5299987792969,293.17999267578125,290.92999267578125,292.3299865722656,28021000
2020-08-31,284.9692687988281,294.8800048828125,296.75,292.6199951171875,293.07000732421875,36321000
2020-09-01,289.83990478515625,299.9200134277344,300.0400085449219,295.7900085449219,297.6199951171875,36216200
2020-09-02,292.5843811035156,302.760009765625,303.5,296.8900146484375,303.2799987792969,50836800
2020-09-03,277.750244140625,287.4100036621094,298.6199951171875,284.4100036621094,298.1000061035156,110083300
2020-09-04,274.04901123046875,283.5799865722656,288.92999267578125,271.79998779296875,285.55999755859375,123959000
2020-09-08,260.8771057128906,269.95001220703125,278.2200012207031,269.6600036621094,272.2200012207031,99568600
2020-09-09,268.5405578613281,277.8800048828125,280.04998779296875,273.0,275.6400146484375,64837900
2020-09-10,263.1867370605469,272.3399963378906,282.20001220703125,270.55999755859375,280.94000244140625,69667500
2020-09-11,261.36029052734375,270.45001220703125,275.2200012207031,266.8999938964844,274.1499938964844,71809000
2020-09-14,265.9119567871094,275.1600036621094,277.2200012207031,272.9599914550781,274.3599853515625,38525200
2020-09-15,269.6808776855469,279.05999755859375,280.45001220703125,275.1300048828125,279.0299987792969,41849900
2020-09-16,265.38043212890625,274.6099853515625,280.3599853515625,274.25,279.8800048828125,42321000
2020-09-17,261.2346496582031,270.32000732421875,274.3999938964844,266.67999267578125,267.54998779296875,81570800
2020-09-18,257.9006042480469,266.8699951171875,272.0899963378906,262.6300048828125,271.7900085449219,86251100
2020-09-21,258.5191345214844,267.510009765625,267.6499938964844,260.1099853515625,262.4700012207031,57168600
2020-09-22,263.3221130371094,272.4800109863281,273.0799865722656,266.5400085449219,269.989990234375,41128900
2020-09-23,255.28170776367188,264.1600036621094,272.3399963378906,263.25,272.1499938964844,48837300
2020-09-24,256.47039794921875,265.3900146484375,268.70001220703125,261.2200012207031,261.3900146484375,70631700
2020-09-25,262.4329528808594,271.55999755859375,272.3999938964844,264.29998779296875,265.9100036621094,55242400
2020-09-28,267.8833923339844,277.20001220703125,277.20001220703125,271.6700134277344,276.5799865722656,58438300
2020-09-29,266.6753845214844,275.95001220703125,277.7099914550781,275.3699951171875,276.6199951171875,27050000
2020-09-30,268.5019226074219,277.8399963378906,281.0899963378906,275.8699951171875,276.1499938964844,49380800
2020-10-01,272.7637023925781,282.25,282.8800048828125,279.8399963378906,281.7900085449219,50020200
2020-10-02,265.0905456542969,274.30999755859375,282.239990234375,273.44000244140625,276.0199890136719,75497400
2020-10-05,270.7439880371094,280.1600036621094,280.489990234375,276.2300109863281,276.3399963378906,28184600
2020-10-06,265.9119567871094,275.1600036621094,281.19000244140625,274.25,279.45001220703125,49704200
2020-10-07,270.51202392578125,279.9200134277344,280.739990234375,277.2799987792969,277.8900146484375,27539700
2020-10-08,271.95196533203125,281.4100036621094,282.4700012207031,280.30999755859375,282.3999938964844,25443300
2020-10-09,276.10736083984375,285.7099914550781,285.7900085449219,282.7099914550781,283.1099853515625,30201100
2020-10-12,284.6309814453125,294.5299987792969,297.4599914550781,289.4700012207031,290.54998779296875,79370700
2020-10-13,284.62127685546875,294.5199890136719,297.04998779296875,293.1099853515625,296.3900146484375,64240000
2020-10-14,282.2440185546875,292.05999755859375,296.3500061035156,290.260009765625,295.3500061035156,36949100
2020-10-15,280.3498229980469,290.1000061035156,290.7099914550781,286.5400085449219,287.20001220703125,42514200
2020-10-16,278.81329345703125,288.510009765625,293.2699890136719,288.1499938964844,291.79998779296875,40570700
2020-10-19,274.2615661621094,283.79998779296875,291.4800109863281,282.7900085449219,290.489990234375,36756800
2020-10-20,274.8511657714844,284.4100036621094,287.6199951171875,282.95001220703125,284.55999755859375,32195400
2020-10-21,274.638427734375,284.19000244140625,287.32000732421875,283.69000244140625,284.6700134277344,29306100
2020-10-22,274.62884521484375,284.17999267578125,285.9800109863281,280.82000732421875,285.04998779296875,32196200
2020-10-23,275.1700134277344,284.739990234375,284.9100036621094,281.7799987792969,284.7699890136719,24658500
2020-10-26,271.0435485839844,280.4700012207031,285.29998779296875,276.760009765625,282.3800048828125,38421100
2020-10-27,273.159912109375,282.6600036621094,283.510009765625,280.20001220703125,281.5,30559100
2020-10-28,262.51025390625,271.6400146484375,278.6400146484375,271.3800048828125,278.010009765625,53413500
2020-10-29,267.1007080078125,276.3900146484375,279.489990234375,272.5199890136719,273.0,43246300
2020-10-30,260.3262634277344,269.3800048828125,275.239990234375,267.07000732421875,274.3399963378906,65838300
2020-11-02,260.9060974121094,269.9800109863281,273.5199890136719,266.9700012207031,271.8500061035156,39987400
2020-11-03,265.4191589355469,274.6499938964844,276.82000732421875,270.8399963378906,271.9599914550781,43604100
2020-11-04,277.2671203613281,286.9100036621094,288.7699890136719,281.8699951171875,283.5899963378906,75728200
2020-11-05,284.4956970214844,294.3900146484375,295.3900146484375,292.0,293.5299987792969,52054200
2020-11-06,284.7082824707031,294.6099853515625,295.3599853515625,289.8299865722656,293.7099914550781,40959800
2020-11-09,278.89056396484375,288.5899963378906,299.1400146484375,288.1199951171875,297.6499938964844,86537100
2020-11-10,273.8944091796875,283.4200134277344,286.6600036621094,280.6199951171875,285.1700134277344,69024900
2020-11-11,280.0213317871094,289.760009765625,290.25,283.3800048828125,286.0299987792969,36102900
2020-11-12,278.7070007324219,288.3999938964844,292.07000732421875,287.25,290.760009765625,34414600
2020-11-13,281.1519470214844,290.92999267578125,291.57000732421875,287.8699951171875,290.1700134277344,24806900
2020-11-16,283.34564208984375,293.20001220703125,293.510009765625,289.989990234375,290.6199951171875,30168400
2020-11-17,282.4469909667969,292.2699890136719,293.739990234375,291.6099853515625,293.3999938964844,21843500
2020-11-18,280.3594970703125,290.1099853515625,293.3699951171875,290.0199890136719,291.70001220703125,28069600
2020-11-19,282.5531921386719,292.3800048828125,292.70001220703125,288.8500061035156,289.5400085449219,22718400
2020-11-20,280.62042236328125,290.3800048828125,293.07000732421875,290.2900085449219,292.29998779296875,25907300
2020-11-23,280.6300964355469,290.3900146484375,292.75,288.07000732421875,291.4100036621094,26875600
2020-11-24,284.5729675292969,294.4700012207031,294.9800109863281,289.6300048828125,291.489990234375,24516800
2020-11-25,286.3221435546875,296.2799987792969,296.94000244140625,294.5899963378906,295.57000732421875,23326800
2020-11-27,288.96038818359375,299.010009765625,300.1700134277344,297.8999938964844,298.30999755859375,17163100
2020-11-30,289.54986572265625,299.6199951171875,299.9700012207031,294.7799987792969,299.3399963378906,27836200
2020-12-01,293.2608947753906,303.4599914550781,305.1400146484375,300.8299865722656,301.9700012207031,27521300
2020-12-02,293.63775634765625,303.8500061035156,304.20001220703125,300.3500061035156,302.25,23620000
2020-12-03,294.05328369140625,304.2799987792969,305.8800048828125,303.5299987792969,304.1700134277344,22828700
2020-12-04,295.2515869140625,305.5199890136719,305.6700134277344,303.6300048828125,304.3299865722656,19332100
2020-12-07,296.92340087890625,307.25,307.6300048828125,305.5199890136719,305.7099914550781,20851000
2020-12-08,297.9285583496094,308.2900085449219,308.6000061035156,304.95001220703125,306.760009765625,18341500
2020-12-09,291.1831359863281,301.30999755859375,308.3599853515625,300.2099914550781,308.07000732421875,48839300
2020-12-10,292.3523864746094,302.5199890136719,303.67999267578125,298.0899963378906,299.2099914550781,27519500
2020-12-11,291.7049865722656,301.8500061035156,301.9800109863281,298.4700012207031,300.80999755859375,26760400
2020-12-14,293.8213806152344,304.0400085449219,306.04998779296875,303.010009765625,303.0799865722656,28804800
2020-12-15,296.9621887207031,307.2900085449219,307.2900085449219,304.1099853515625,306.3699951171875,25709000
2020-12-16,298.5953063964844,308.9800109863281,309.7900085449219,306.6199951171875,307.70001220703125,25461900
2020-12-17,300.5473937988281,311.0,311.239990234375,309.3900146484375,310.6300048828125,23730500
2020-12-18,299.6390380859375,310.05999755859375,311.9800109863281,307.6099853515625,311.6600036621094,41173400
2020-12-21,299.0785217285156,308.9200134277344,309.4700012207031,303.6000061035156,306.4599914550781,37095500
2020-12-22,299.8917236328125,309.760009765625,310.7099914550781,306.8500061035156,309.8500061035156,26176300
2020-12-23,298.38128662109375,308.20001220703125,310.17999267578125,308.0400085449219,309.80999755859375,21201300
2020-12-24,299.6981201171875,309.55999755859375,310.0199890136719,308.3900146484375,308.4700012207031,16785000
2020-12-28,302.71868896484375,312.67999267578125,313.1700134277344,310.3599853515625,312.25,22497700
2020-12-29,302.9896545410156,312.9599914550781,314.69000244140625,312.0299987792969,314.04998779296875,25871900
2020-12-30,302.9994201660156,312.9700012207031,314.489990234375,312.3299865722656,314.1600036621094,18138100
2020-12-31,303.744873046875,313.739990234375,314.239990234375,311.760009765625,312.8699951171875,21611400
2021-01-04,299.4560241699219,309.30999755859375,315.2900085449219,305.17999267578125,315.1099853515625,45305900
2021-01-05,301.9247741699219,311.8599853515625,312.1400146484375,308.2900085449219,308.2900085449219,29323400
2021-01-06,297.742431640625,307.5400085449219,311.8800048828125,305.9800109863281,307.0,52809600
2021-01-07,304.9454650878906,314.9800109863281,315.8399963378906,310.25,310.2799987792969,30394800
2021-01-08,308.86639404296875,319.0299987792969,319.3900146484375,315.0799865722656,317.3399963378906,33955800
2021-01-11,304.40325927734375,314.4200134277344,317.19000244140625,313.75,315.9800109863281,32746400
2021-01-12,303.9191589355469,313.9200134277344,315.5799865722656,311.20001220703125,314.4599914550781,29266800
2021-01-13,305.97161865234375,316.0400085449219,316.8599853515625,313.57000732421875,314.19000244140625,22898400
2021-01-14,304.33544921875,314.3500061035156,317.5299987792969,313.8599853515625,316.5,23500100
2021-01-15,301.9247741699219,311.8599853515625,315.1199951171875,310.5799865722656,314.1300048828125,35118700
2021-01-19,306.3298034667969,316.4100036621094,316.92999267578125,313.1199951171875,314.25,24537000
2021-01-20,313.4553527832031,323.7699890136719,324.739990234375,316.510009765625,320.1400146484375,30728100
2021-01-21,315.9628601074219,326.3599853515625,327.1300048828125,323.7300109863281,325.1499938964844,25130600
2021-01-22,315.0528564453125,325.4200134277344,326.4599914550781,324.7099914550781,325.2900085449219,21609400
2021-01-25,317.6571044921875,328.1099853515625,330.32000732421875,321.4100036621094,328.9100036621094,39080600
2021-01-26,318.12176513671875,328.5899963378906,329.760009765625,327.2200012207031,328.8500061035156,25498100
2021-01-27,309.2536926269531,319.42999267578125,326.2699890136719,317.3599853515625,326.260009765625,55264000
2021-01-28,311.0835266113281,321.32000732421875,326.4200134277344,320.0299987792969,320.6700134277344,42836300
2021-01-29,304.5387268066406,314.55999755859375,320.7200012207031,312.760009765625,319.5799865722656,55259000
2021-02-01,312.1484680175781,322.4200134277344,323.5400085449219,316.0199890136719,318.1099853515625,35646000
2021-02-02,317.24078369140625,327.67999267578125,328.8699951171875,325.30999755859375,325.4800109863281,33930800
2021-02-03,315.9822692871094,326.3800048828125,330.20001220703125,326.32000732421875,329.82000732421875,24824500
2021-02-04,319.7192077636719,330.239990234375,330.3299865722656,326.4599914550781,327.82000732421875,22350900
2021-02-05,320.8034973144531,331.3599853515625,332.3999938964844,329.5299987792969,331.2200012207031,22732000
2021-02-08,322.9527587890625,333.5799865722656,333.739990234375,331.4100036621094,333.1000061035156,20462800
2021-02-09,322.88507080078125,333.510009765625,334.80999755859375,332.6099853515625,332.6199951171875,17597500
2021-02-10,322.14923095703125,332.75,335.4599914550781,329.5,334.989990234375,28068700
2021-02-11,323.9209289550781,334.5799865722656,335.0,332.1199951171875,334.3299865722656,22046100
2021-02-12,325.7314453125,336.45001220703125,336.6199951171875,332.6300048828125,333.7099914550781,20346800
2021-02-16,324.8504638671875,335.5400085449219,338.19000244140625,334.3399963378906,337.2699890136719,27080800
2021-02-17,323.2915954589844,333.92999267578125,335.6600036621094,330.1700134277344,332.4700012207031,31360300
2021-02-18,321.87823486328125,332.4700012207031,333.8699951171875,328.3599853515625,330.2300109863281,32236200
2021-02-19,320.47442626953125,331.0199890136719,333.989990234375,329.9700012207031,333.8599853515625,39157700
2021-02-22,312.16778564453125,322.44000244140625,327.79998779296875,322.2300109863281,326.5,47256900
2021-02-23,311.2383728027344,321.4800109863281,323.20001220703125,311.0,317.0,97241900
2021-02-24,313.80389404296875,324.1300048828125,324.45001220703125,315.9599914550781,318.739990234375,58206300
2021-02-25,302.8638916015625,312.8299865722656,324.0299987792969,311.239990234375,321.3900146484375,110182600
2021-02-26,304.13214111328125,314.1400146484375,319.1099853515625,310.8800048828125,315.8500061035156,104739800
2021-03-01,313.2810363769531,323.5899963378906,323.94000244140625,317.94000244140625,319.2699890136719,49164500
2021-03-02,308.2564392089844,318.3999938964844,324.3299865722656,318.1400146484375,324.25,48370000
2021-03-03,299.310791015625,309.1600036621094,318.239990234375,309.1000061035156,317.2699890136719,86301100
2021-03-04,294.4119873046875,304.1000061035156,312.0400085449219,300.1099853515625,308.7799987792969,139131600
2021-03-05,298.8460998535156,308.67999267578125,309.6099853515625,297.45001220703125,306.79998779296875,121523700
2021-03-08,290.3844909667969,299.94000244140625,310.05999755859375,299.510009765625,308.1199951171875,88409800
2021-03-09,301.8376770019531,311.7699890136719,313.7300109863281,306.9200134277344,307.4700012207031,80391100
2021-03-10,300.9759826660156,310.8800048828125,316.4700012207031,310.1700134277344,316.1600036621094,76798100
2021-03-11,307.90789794921875,318.0400085449219,319.8599853515625,314.8500061035156,315.7699890136719,53484800
2021-03-12,305.4100341796875,315.4599914550781,318.2300109863281,311.3900146484375,313.8599853515625,69315600
2021-03-15,308.6727294921875,318.8299865722656,319.0,314.1000061035156,315.7900085449219,42955700
2021-03-16,310.3668518066406,320.5799865722656,324.20001220703125,319.1000061035156,321.0899963378906,54925900
2021-03-17,311.6448974609375,321.8999938964844,323.8500061035156,315.67999267578125,317.45001220703125,78258700
2021-03-18,302.0990905761719,312.0400085449219,317.8800048828125,311.57000732421875,316.8699951171875,82718100
2021-03-19,303.1640625,313.1400146484375,314.7300109863281,309.6600036621094,311.8699951171875,78446200
2021-03-22,308.84942626953125,318.6099853515625,320.739990234375,315.2099914550781,315.2099914550781,56194800
2021-03-23,307.5018615722656,317.2200012207031,321.0899963378906,316.3800048828125,319.7300109863281,53455400
2021-03-24,302.3158264160156,311.8699951171875,318.6700134277344,311.7200012207031,318.6300048828125,64803700
2021-03-25,301.79229736328125,311.3299865722656,312.8900146484375,307.3900146484375,309.9700012207031,78729000
2021-03-26,306.3193664550781,316.0,316.3299865722656,309.6700134277344,311.1099853515625,63519600
2021-03-29,306.2320556640625,315.9100036621094,316.989990234375,312.4700012207031,315.45001220703125,54608000
2021-03-30,304.6907958984375,314.32000732421875,314.9100036621094,311.5400085449219,313.8900146484375,44635700
2021-03-31,309.3533935546875,319.1300048828125,320.739990234375,315.80999755859375,316.1600036621094,55032500
2021-04-01,314.626708984375,324.57000732421875,324.7099914550781,322.80999755859375,323.07000732421875,55685600
2021-04-05,320.90814208984375,331.04998779296875,331.8399963378906,326.8800048828125,327.1300048828125,42172500
2021-04-06,320.68524169921875,330.82000732421875,332.8299865722656,330.0199890136719,330.7300109863281,33537200
2021-04-07,321.4607238769531,331.6199951171875,332.4800109863281,329.3699951171875,330.3299865722656,32046400
2021-04-08,324.8147888183594,335.0799865722656,335.2699890136719,333.739990234375,334.55999755859375,29940800
2021-04-09,326.7826232910156,337.1099853515625,337.32000732421875,332.9200134277344,333.67999267578125,36664900
2021-04-12,326.35614013671875,336.6700134277344,337.1000061035156,334.7300109863281,336.0400085449219,25833000
2021-04-13,330.16571044921875,340.6000061035156,341.0799865722656,338.0199890136719,338.239990234375,30374000
2021-04-14,326.20098876953125,336.510009765625,340.9800109863281,335.6700134277344,340.8500061035156,42564300
2021-04-15,331.14471435546875,341.6099853515625,342.010009765625,336.2200012207031,339.4700012207031,36342800
2021-04-16,331.5324401855469,342.010009765625,342.2300109863281,340.0799865722656,342.1499938964844,40860100
2021-04-19,328.4984436035156,338.8800048828125,341.5799865722656,336.8999938964844,340.3900146484375,34533100
2021-04-20,326.1040344238281,336.4100036621094,339.5199890136719,334.3800048828125,338.20001220703125,38081800
2021-04-21,328.8957824707031,339.2900085449219,339.4800109863281,333.9700012207031,335.0899963378906,36598100
2021-04-22,324.9311218261719,335.20001220703125,339.8999938964844,334.010009765625,338.8900146484375,45936100
2021-04-23,329.0218200683594,339.4200134277344,340.7699890136719,335.8500061035156,335.8500061035156,36381900
2021-04-26,331.16412353515625,341.6300048828125,341.9200134277344,338.8999938964844,339.6700134277344,30812000
2021-04-27,329.7295227050781,340.1499938964844,342.1499938964844,339.1700134277344,341.92999267578125,33187200
2021-04-28,328.6146545410156,339.0,340.8500061035156,338.3299865722656,339.80999755859375,33615700
2021-04-29,329.79736328125,340.2200012207031,342.79998779296875,336.8999938964844,342.3699951171875,37708900
2021-04-30,327.6357116699219,337.989990234375,340.260009765625,337.04998779296875,337.70001220703125,38263400
2021-05-03,325.8908386230469,336.19000244140625,340.0,335.7300109863281,339.2300109863281,29729700
2021-05-04,320.0260925292969,330.1400146484375,333.8900146484375,326.2099914550781,333.55999755859375,65147000
2021-05-05,318.9501037597656,329.0299987792969,333.1400146484375,328.2300109863281,332.25,46219300
2021-05-06,321.3542175292969,331.510009765625,331.6700134277344,326.45001220703125,328.760009765625,46814300
2021-05-07,323.96173095703125,334.20001220703125,336.6499938964844,331.69000244140625,334.3699951171875,53324500
2021-05-10,315.7803039550781,325.760009765625,332.9599914550781,325.54998779296875,332.7799987792969,60700500
2021-05-11,315.3440856933594,325.30999755859375,326.1300048828125,319.0199890136719,319.70001220703125,71963600
2021-05-12,307.18206787109375,316.8900146484375,322.6199951171875,316.0,320.2300109863281,91164900
2021-05-13,309.55694580078125,319.3399963378906,322.3999938964844,316.8999938964844,319.9200134277344,69877800
2021-05-14,316.3909912109375,326.3900146484375,327.3299865722656,322.0799865722656,322.6000061035156,44370000
2021-05-17,314.4716491699219,324.4100036621094,326.3699951171875,321.45001220703125,324.6300048828125,39395000
2021-05-18,312.3487243652344,322.2200012207031,326.6499938964844,321.94000244140625,325.3900146484375,36528500
2021-05-19,312.7073974609375,322.5899963378906,322.8999938964844,316.29998779296875,316.6600036621094,66319100
2021-05-20,318.7562255859375,328.8299865722656,329.7099914550781,323.8900146484375,324.1199951171875,46466100
2021-05-21,316.99200439453125,327.010009765625,330.8599853515625,326.6400146484375,330.42999267578125,50330400
2021-05-24,322.3236083984375,332.510009765625,333.6700134277344,326.8999938964844,329.3699951171875,32475800
2021-05-25,322.7693786621094,332.9700012207031,334.80999755859375,331.760009765625,334.07000732421875,31280300
2021-05-26,323.8938903808594,334.1300048828125,334.6099853515625,332.95001220703125,333.6600036621094,25444900
2021-05-27,322.6822204589844,332.8800048828125,334.5400085449219,332.6700134277344,333.6700134277344,27931700
2021-05-28,323.7000732421875,333.92999267578125,335.57000732421875,333.6000061035156,334.1199951171875,29927400
2021-06-01,322.6240539550781,332.82000732421875,335.7900085449219,331.42999267578125,335.29998779296875,31145400
2021-06-02,323.2540283203125,333.4700012207031,334.3399963378906,331.70001220703125,333.25,22047900
2021-06-03,319.890380859375,330.0,331.8599853515625,328.2799987792969,330.54998779296875,37057800
2021-06-04,325.31884765625,335.6000061035156,336.05999755859375,331.7799987792969,331.8500061035156,38736500
2021-06-07,326.2882080078125,336.6000061035156,336.6600036621094,334.3399963378906,335.04998779296875,32611900
2021-06-08,326.4433288574219,336.760009765625,339.2900085449219,335.0299987792969,338.3999938964844,27282800
2021-06-09,326.5209045410156,336.8399963378906,338.9700012207031,336.6499938964844,338.1700134277344,21485300
2021-06-10,329.9233093261719,340.3500061035156,340.4599914550781,336.7300109863281,337.19000244140625,33702100
2021-06-11,330.7860412597656,341.239990234375,341.25,339.69000244140625,340.3599853515625,21222800
2021-06-14,333.9559631347656,344.510009765625,344.5199890136719,340.4599914550781,341.67999267578125,27827700
2021-06-15,331.7748107910156,342.260009765625,344.4700012207031,341.5199890136719,344.1499938964844,35963800
2021-06-16,330.5631103515625,341.010009765625,343.8399963378906,337.45001220703125,342.739990234375,55399500
2021-06-17,334.76043701171875,345.3399963378906,346.3800048828125,339.9200134277344,339.9700012207031,59722700
2021-06-18,332.1334228515625,342.6300048828125,344.80999755859375,341.8599853515625,343.6300048828125,55414900
2021-06-21,334.1977233886719,344.3599853515625,344.69000244140625,340.1499938964844,342.42999267578125,32992600
2021-06-22,337.3130187988281,347.57000732421875,348.0299987792969,343.8399963378906,344.1499938964844,28941600
2021-06-23,337.47796630859375,347.739990234375,348.9200134277344,346.8800048828125,347.510009765625,27188500
2021-06-24,339.5644226074219,349.8900146484375,351.4599914550781,349.1700134277344,349.7300109863281,32581600
2021-06-25,339.1471862792969,349.4599914550781,350.7200012207031,348.8399963378906,350.4700012207031,28682800
2021-06-28,343.2717590332031,353.7099914550781,353.8500061035156,350.7200012207031,350.7799987792969,39130300
2021-06-29,344.51397705078125,354.989990234375,355.0199890136719,352.6700134277344,353.5299987792969,29426000
2021-06-30,343.9705505371094,354.42999267578125,355.2300109863281,353.8299865722656,354.8299865722656,32724000
2021-07-01,344.1064453125,354.57000732421875,355.0899963378906,352.67999267578125,354.07000732421875,29290000
2021-07-02,348.0562744140625,358.6400146484375,358.9700012207031,356.2799987792969,356.5199890136719,32727200
2021-07-06,349.560546875,360.19000244140625,360.4800109863281,356.489990234375,359.260009765625,38842400
2021-07-07,350.2981872558594,360.95001220703125,362.760009765625,358.94000244140625,362.45001220703125,35265200
2021-07-08,348.18243408203125,358.7699890136719,359.6499938964844,354.4200134277344,355.739990234375,50890000
2021-07-09,350.3563537597656,361.010009765625,361.5,357.57000732421875,358.1700134277344,35184500
2021-07-12,351.7248229980469,362.4200134277344,362.8900146484375,360.8299865722656,362.45001220703125,25717700
2021-07-13,351.7248229980469,362.4200134277344,365.4700012207031,361.5400085449219,362.0299987792969,39723000
2021-07-14,352.35552978515625,363.07000732421875,365.489990234375,362.2200012207031,364.8299865722656,35336400
2021-07-15,349.880859375,360.5199890136719,363.19000244140625,358.4599914550781,362.9800109863281,53391600
2021-07-16,347.0469665527344,357.6000061035156,362.4100036621094,357.239990234375,361.3999938964844,47262000
2021-07-19,344.2034606933594,354.6700134277344,355.17999267578125,352.0400085449219,354.04998779296875,64404600
2021-07-20,348.201904296875,358.7900085449219,360.2799987792969,353.79998779296875,355.6300048828125,42183700
2021-07-21,350.8901062011719,361.55999755859375,361.55999755859375,358.1199951171875,358.3500061035156,30259900
2021-07-22,353.2095642089844,363.95001220703125,363.9599914550781,361.7699890136719,361.7699890136719,30252200
2021-07-23,357.3341979980469,368.20001220703125,368.489990234375,363.9200134277344,365.30999755859375,31960800
2021-07-26,357.6155700683594,368.489990234375,368.8900146484375,366.6000061035156,367.489990234375,28438100
2021-07-27,353.6754455566406,364.42999267578125,368.2200012207031,360.1600036621094,368.2200012207031,57933100
2021-07-28,355.0340881347656,365.8299865722656,367.45001220703125,363.239990234375,365.6000061035156,42066200
2021-07-29,355.6649169921875,366.4800109863281,367.67999267578125,365.25,365.25,25672500
2021-07-30,353.8113098144531,364.57000732421875,365.1700134277344,362.4100036621094,362.44000244140625,36484600
2021-08-02,353.8403625488281,364.6000061035156,366.8800048828125,363.8699951171875,366.2799987792969,27334100
2021-08-03,355.9852294921875,366.80999755859375,366.92999267578125,362.0,365.2799987792969,35558500
2021-08-04,356.4996032714844,367.3399963378906,368.32000732421875,365.6300048828125,366.7699890136719,29602200
2021-08-05,358.76080322265625,369.6700134277344,369.9100036621094,367.45001220703125,368.17999267578125,21443900
2021-08-06,357.1886291503906,368.04998779296875,369.3699951171875,366.9100036621094,368.3699951171875,33332100
2021-08-09,357.84857177734375,368.7300109863281,369.2699890136719,367.3900146484375,368.5199890136719,25960200
2021-08-10,356.01434326171875,366.8399963378906,369.55999755859375,365.6199951171875,369.260009765625,35130800
2021-08-11,355.4029541015625,366.2099914550781,368.6499938964844,364.8399963378906,368.1400146484375,34249800
2021-08-12,356.6839599609375,367.5299987792969,367.8999938964844,364.29998779296875,365.69000244140625,25969200
2021-08-13,357.93585205078125,368.82000732421875,369.1600036621094,367.3800048828125,367.8900146484375,19336200
2021-08-16,358.0911865234375,368.9800109863281,369.0199890136719,363.70001220703125,367.6700134277344,34856900
2021-08-17,354.9371032714844,365.7300109863281,367.1499938964844,363.2300109863281,366.1499938964844,44793900
2021-08-18,351.5209655761719,362.2099914550781,366.6199951171875,361.8699951171875,365.17999267578125,38541900
2021-08-19,353.2193298339844,363.9599914550781,365.67999267578125,359.9599914550781,360.2200012207031,48499400
2021-08-20,356.8780212402344,367.7300109863281,368.1400146484375,364.739990234375,365.05999755859375,39486000
2021-08-23,362.2157897949219,373.2300109863281,373.94000244140625,368.7900085449219,368.79998779296875,34034700
2021-08-24,363.3221435546875,374.3699951171875,374.989990234375,373.3599853515625,373.8399963378906,21732900
2021-08-25,363.7393493652344,374.79998779296875,375.3900146484375,373.8599853515625,374.6300048828125,20441900
2021-08-26,361.4295654296875,372.4200134277344,374.6199951171875,371.9700012207031,373.9200134277344,29133300
2021-08-27,364.9427490234375,376.0400085449219,376.55999755859375,372.57000732421875,373.07000732421875,27104700
2021-08-30,369.0382995605469,380.260009765625,380.760009765625,376.8299865722656,376.8500061035156,27295700
2021-08-31,368.7374572753906,379.95001220703125,380.5799865722656,378.3599853515625,380.510009765625,29628200
2021-09-01,369.34881591796875,380.5799865722656,382.7099914550781,380.3699951171875,381.0400085449219,28138300
2021-09-02,369.1741943359375,380.3999938964844,382.30999755859375,379.1499938964844,381.9700012207031,25453400
2021-09-03,370.3096618652344,381.57000732421875,381.9800109863281,379.20001220703125,379.2200012207031,24605400
2021-09-07,370.8336181640625,382.1099853515625,382.7799987792969,380.489990234375,381.67999267578125,23970200
2021-09-08,369.5429382324219,380.7799987792969,381.92999267578125,378.45001220703125,381.92999267578125,32949200
2021-09-09,368.2715759277344,379.4700012207031,382.1499938964844,379.2200012207031,381.010009765625,29399000
2021-09-10,365.4765930175781,376.5899963378906,381.9700012207031,376.25,381.2300109863281,40249400
2021-09-13,365.22418212890625,376.3299865722656,379.42999267578125,374.2200012207031,378.989990234375,48741800
2021-09-14,364.18585205078125,375.260009765625,378.6099853515625,374.2799987792969,377.8599853515625,41826600
2021-09-15,366.8935241699219,378.04998779296875,378.4100036621094,373.3699951171875,375.7300109863281,34097900
2021-09-16,367.1458435058594,378.30999755859375,378.8999938964844,374.70001220703125,376.67999267578125,35193100
2021-09-17,362.7980041503906,373.8299865722656,377.8699951171875,372.760009765625,377.82000732421875,60912300
2021-09-20,355.3013916015625,365.70001220703125,369.25,360.92999267578125,367.4599914550781,76203200
2021-09-21,355.7386474609375,366.1499938964844,368.80999755859375,364.989990234375,367.5799865722656,41927500
2021-09-22,359.06134033203125,369.57000732421875,371.07000732421875,365.9599914550781,367.0899963378906,46972900
2021-09-23,362.3744201660156,372.9800109863281,374.0400085449219,370.1000061035156,370.760009765625,44652000
2021-09-24,362.7144470214844,373.3299865722656,373.760009765625,370.2699890136719,370.6499938964844,36056800
2021-09-27,359.8192138671875,370.3500061035156,371.25,367.7300109863281,370.20001220703125,43338100
2021-09-28,349.63726806640625,359.8699951171875,370.29998779296875,359.3500061035156,365.6700134277344,97701600
2021-09-29,349.0638732910156,359.2799987792969,363.3699951171875,358.6400146484375,361.1700134277344,58076600
2021-09-30,347.781494140625,357.9599914550781,362.67999267578125,357.1000061035156,360.9700012207031,61384600
2021-10-01,349.93841552734375,360.17999267578125,361.25,354.3800048828125,358.6000061035156,56375500
2021-10-04,342.5934143066406,352.6199951171875,358.8599853515625,350.32000732421875,358.5199890136719,76766000
2021-10-05,347.2179870605469,357.3800048828125,359.69000244140625,353.4800109863281,353.7099914550781,47232900
2021-10-06,349.44293212890625,359.6700134277344,359.95001220703125,353.1499938964844,354.0799865722656,56806500
2021-10-07,352.64898681640625,362.9700012207031,365.69000244140625,362.25,362.79998779296875,39411200
2021-10-08,350.8905334472656,361.1600036621094,364.32000732421875,360.6099853515625,364.0799865722656,41822300
2021-10-11,348.19927978515625,358.3900146484375,363.20001220703125,358.29998779296875,359.5799865722656,34847200
2021-10-12,346.98486328125,357.1400146484375,360.3299865722656,356.4800109863281,359.8800048828125,43905100
2021-10-13,349.7635803222656,360.0,360.69000244140625,357.42999267578125,359.510009765625,40120800
2021-10-14,356.2049865722656,366.6300048828125,366.8500061035156,363.010009765625,363.69000244140625,43433900
2021-10-15,358.4492492675781,368.94000244140625,369.05999755859375,366.82000732421875,367.8800048828125,40419900
2021-10-18,362.0538330078125,372.6499938964844,372.8699951171875,366.989990234375,367.6099853515625,34513500
2021-10-19,364.79364013671875,375.4700012207031,375.5199890136719,372.70001220703125,373.75,29091000
2021-10-20,364.31756591796875,374.9800109863281,376.57000732421875,373.4599914550781,375.94000244140625,31390300
2021-10-21,366.5424499511719,377.2699890136719,377.4700012207031,373.8500061035156,374.1600036621094,25469300
2021-10-22,363.4626159667969,374.1000061035156,376.9700012207031,372.3900146484375,375.9800109863281,36275800
2021-10-25,367.1836853027344,377.92999267578125,378.8699951171875,373.55999755859375,375.55999755859375,32597800
2021-10-26,368.3398132324219,379.1199951171875,382.7099914550781,377.9100036621094,380.2300109863281,47191300
2021-10-27,369.1948547363281,380.0,383.1499938964844,379.30999755859375,379.5799865722656,45760500
2021-10-28,373.2947998046875,384.2200012207031,384.4800109863281,381.1600036621094,381.95001220703125,38007000
2021-10-29,375.1310119628906,386.1099853515625,386.2799987792969,380.70001220703125,381.05999755859375,37310100
2021-11-01,376.41351318359375,387.42999267578125,387.55999755859375,384.4200134277344,386.55999755859375,30765300
2021-11-02,377.9874267578125,389.04998779296875,389.5400085449219,386.75,386.79998779296875,25135300
2021-11-03,382.0000305175781,393.17999267578125,393.6099853515625,388.4800109863281,389.54998779296875,33748900
2021-11-04,386.896728515625,398.2200012207031,399.20001220703125,393.9200134277344,394.4800109863281,40265300
2021-11-05,387.26593017578125,398.6000061035156,400.989990234375,397.1600036621094,400.0400085449219,43383800
2021-11-08,386.7412109375,398.05999755859375,399.6199951171875,397.3999938964844,398.57000732421875,29256300
2021-11-09,384.07916259765625,395.32000732421875,399.57000732421875,393.9200134277344,399.1600036621094,50490700
2021-11-10,378.4344177246094,389.510009765625,395.3599853515625,387.5299987792969,392.4700012207031,54937400
2021-11-11,379.4836120605469,390.5899963378906,392.75,390.239990234375,392.57000732421875,32243000
2021-11-12,383.4767761230469,394.70001220703125,395.25,390.1300048828125,391.7699890136719,34730600
2021-11-15,383.389404296875,394.6099853515625,396.239990234375,392.1000061035156,395.9100036621094,33716900
2021-11-16,386.1195373535156,397.4200134277344,397.92999267578125,393.6600036621094,393.8599853515625,27872900
2021-11-17,386.3235168457031,397.6300048828125,399.7200012207031,396.6400146484375,397.75,28703300
2021-11-18,390.3263244628906,401.75,402.2699890136719,397.45001220703125,399.7300109863281,45721500
2021-11-19,392.5026550292969,403.989990234375,405.29998779296875,402.5799865722656,403.42999267578125,45191700
2021-11-22,387.94598388671875,399.29998779296875,408.7099914550781,399.19000244140625,405.57000732421875,61715400
2021-11-23,386.17779541015625,397.4800109863281,400.2300109863281,392.9200134277344,398.1099853515625,70098700
2021-11-24,387.4214172363281,398.760009765625,399.04998779296875,392.5400085449219,394.92999267578125,46954400
2021-11-26,380.0763854980469,391.20001220703125,397.5400085449219,389.7699890136719,396.1099853515625,51533300
2021-11-29,388.32489013671875,399.69000244140625,400.7300109863281,395.1400146484375,395.8900146484375,54447100
2021-11-30,382.6218566894531,393.82000732421875,401.19000244140625,391.75,398.7799987792969,81332700
2021-12-01,376.1123046875,387.1199951171875,400.4800109863281,386.6400146484375,398.2799987792969,77766500
2021-12-02,378.8230285644531,389.9100036621094,391.739990234375,384.3399963378906,385.79998779296875,84416600
2021-12-03,372.23583984375,383.1300048828125,392.3399963378906,378.8999938964844,391.30999755859375,105349100
2021-12-06,375.21856689453125,386.20001220703125,387.6000061035156,379.29998779296875,383.6300048828125,67588800
2021-12-07,386.517822265625,397.8299865722656,398.4599914550781,392.989990234375,393.0299987792969,56005300
2021-12-08,388.2472229003906,399.6099853515625,399.82000732421875,396.2200012207031,398.1700134277344,39204000
2021-12-09,382.5344543457031,393.7300109863281,400.20001220703125,393.5299987792969,398.3500061035156,49973700
2021-12-10,386.6926574707031,398.010009765625,398.2799987792969,393.3599853515625,396.6199951171875,52545800
2021-12-13,381.106201171875,392.260009765625,398.3299865722656,391.8800048828125,398.0,50166400
2021-12-14,377.1616516113281,388.20001220703125,390.0899963378906,383.6300048828125,387.29998779296875,75199200
2021-12-15,385.760009765625,397.04998779296875,397.4200134277344,383.8800048828125,387.94000244140625,73858000
2021-12-16,375.8402404785156,386.8399963378906,398.4800109863281,385.2099914550781,398.0400085449219,82591400
2021-12-17,373.9652099609375,384.9100036621094,389.19000244140625,381.7699890136719,383.3299865722656,80492500
2021-12-20,370.3375244140625,380.69000244140625,381.5,377.4700012207031,379.57000732421875,65336800
2021-12-21,378.6259460449219,389.2099914550781,389.5299987792969,380.20001220703125,384.04998779296875,48899500
2021-12-22,383.2370300292969,393.95001220703125,394.1600036621094,388.2300109863281,388.9100036621094,37042200
2021-12-23,386.1262512207031,396.9200134277344,398.42999267578125,394.1400146484375,394.30999755859375,29595500
2021-12-27,392.5078125,403.4800109863281,403.4800109863281,398.2200012207031,398.25,32820700
2021-12-28,390.68865966796875,401.6099853515625,404.5799865722656,400.7099914550781,404.3999938964844,33113700
2021-12-29,390.63031005859375,401.54998779296875,403.04998779296875,399.1099853515625,401.75,32248500
2021-12-30,389.4629211425781,400.3500061035156,403.57000732421875,399.75,401.3299865722656,23850100
2021-12-31,387.03106689453125,397.8500061035156,401.05999755859375,397.3399963378906,399.6600036621094,34752900
2022-01-03,390.7568054199219,401.67999267578125,401.94000244140625,396.8800048828125,399.04998779296875,40575900
2022-01-04,385.6884765625,396.4700012207031,402.2799987792969,393.2900085449219,402.239990234375,58027200
2022-01-05,373.8397216796875,384.2900085449219,395.8900146484375,384.0299987792969,394.739990234375,75739800
2022-01-06,373.5770568847656,384.0199890136719,387.3500061035156,380.1300048828125,382.4200134277344,70814300
2022-01-07,369.53009033203125,379.8599853515625,385.760009765625,378.0400085449219,384.0299987792969,72652300
2022-01-10,369.7733154296875,380.1099853515625,380.6400146484375,369.30999755859375,374.82000732421875,91770500
2022-01-11,375.3280944824219,385.82000732421875,385.989990234375,377.2200012207031,379.3599853515625,68295700
2022-01-12,376.81646728515625,387.3500061035156,390.20001220703125,385.010009765625,388.4599914550781,54576400
2022-01-13,367.3900146484375,377.6600036621094,389.4700012207031,376.70001220703125,388.7699890136719,77994000
2022-01-14,369.67608642578125,380.010009765625,380.3500061035156,374.8599853515625,375.07000732421875,80121200
2022-01-18,360.47332763671875,370.54998779296875,376.2200012207031,369.7699890136719,374.0400085449219,75450900
2022-01-19,356.5140075683594,366.4800109863281,374.69000244140625,366.2099914550781,372.1499938964844,81791500
2022-01-20,351.8834228515625,361.7200012207031,373.8699951171875,361.1700134277344,369.7900085449219,88610700
2022-01-21,342.1263122558594,351.69000244140625,362.17999267578125,351.3999938964844,359.4700012207031,143388900
2022-01-24,343.6924133300781,353.29998779296875,353.9800109863281,334.1499938964844,345.9100036621094,198685800
2022-01-25,335.7250671386719,345.1099853515625,351.0299987792969,341.67999267578125,346.6700134277344,124398400
2022-01-26,335.1998596191406,344.57000732421875,356.8800048828125,340.7799987792969,352.9100036621094,146559500
2022-01-27,331.8241882324219,341.1000061035156,351.2699890136719,340.04998779296875,349.3999938964844,95255700
2022-01-28,342.2331848144531,351.79998779296875,352.0199890136719,337.95001220703125,343.0299987792969,108167900
2022-01-31,353.17730712890625,363.04998779296875,363.6499938964844,351.5199890136719,353.20001220703125,94326400
2022-02-01,355.5801086425781,365.5199890136719,366.19000244140625,359.1400146484375,364.42999267578125,74433000
2022-02-02,358.46929931640625,368.489990234375,370.1000061035156,364.2900085449219,369.760009765625,78777100
2022-02-03,343.9356384277344,353.54998779296875,361.92999267578125,352.4599914550781,358.5299987792969,95384800
2022-02-04,348.27435302734375,358.010009765625,361.3999938964844,351.9700012207031,354.0799865722656,86318300
2022-02-07,345.4726867675781,355.1300048828125,361.04998779296875,353.8399963378906,358.6199951171875,58198100
2022-02-08,349.3541259765625,359.1199951171875,360.239990234375,352.79998779296875,353.9599914550781,64720900
2022-02-09,356.7572937011719,366.7300109863281,366.80999755859375,362.1199951171875,363.760009765625,55766400
2022-02-10,348.68292236328125,358.42999267578125,366.489990234375,356.5400085449219,359.5199890136719,112468500
2022-02-11,337.62213134765625,347.05999755859375,360.07000732421875,345.79998779296875,358.42999267578125,101569100
2022-02-14,338.0404357910156,347.489990234375,350.9800109863281,343.8900146484375,346.489990234375,80254400
2022-02-15,346.4454650878906,356.1300048828125,356.3699951171875,351.82000732421875,352.9100036621094,55128800
2022-02-16,346.3579406738281,356.0400085449219,357.0899963378906,350.7099914550781,353.82000732421875,58947100
2022-02-17,336.05596923828125,345.45001220703125,353.4599914550781,345.0199890136719,352.739990234375,61801400
2022-02-18,332.2230224609375,341.510009765625,346.80999755859375,339.1400146484375,346.4100036621094,80001500
2022-02-22,328.8862609863281,338.0799865722656,344.0400085449219,334.3500061035156,338.489990234375,85967100
2022-02-23,320.4617919921875,329.4200134277344,342.17999267578125,329.1000061035156,341.32000732421875,86215400
2022-02-24,331.230712890625,340.489990234375,341.0400085449219,318.260009765625,318.8399963378906,130614100
2022-02-25,336.3672180175781,345.7699890136719,345.9800109863281,337.3900146484375,341.30999755859375,78842100
2022-02-28,337.369140625,346.79998779296875,348.5400085449219,341.32000732421875,342.510009765625,77515500
2022-03-01,332.2034912109375,341.489990234375,348.0799865722656,338.8999938964844,345.75,67407000
2022-03-02,337.77777099609375,347.2200012207031,348.5899963378906,340.239990234375,343.0799865722656,70609000
2022-03-03,332.9526062011719,342.260009765625,350.0400085449219,340.3500061035156,349.92999267578125,71089400
2022-03-04,328.1274719238281,337.29998779296875,341.30999755859375,334.9200134277344,339.8399963378906,76936300
2022-03-07,316.0257568359375,324.8599853515625,338.4800109863281,324.6499938964844,337.2900085449219,89933800
2022-03-08,314.5568542480469,323.3500061035156,333.2099914550781,319.94000244140625,324.04998779296875,116153900
2022-03-09,325.88031005859375,334.989990234375,336.3800048828125,329.0899963378906,331.75,64723400
2022-03-10,322.261474609375,331.2699890136719,332.510009765625,326.7099914550781,330.82000732421875,69362700
2022-03-11,315.5783386230469,324.3999938964844,334.6400146484375,323.8999938964844,334.32000732421875,66228400
2022-03-14,309.5177307128906,318.1700134277344,326.5899963378906,317.45001220703125,323.1300048828125,79802600
2022-03-15,319.226318359375,328.1499938964844,328.95001220703125,319.2300109863281,320.8800048828125,76471000
2022-03-16,331.0654602050781,340.32000732421875,340.44000244140625,328.3999938964844,332.1700134277344,105243000
2022-03-17,335.0733337402344,344.44000244140625,344.5,337.0400085449219,338.3699951171875,67810000
2022-03-18,341.93170166015625,351.489990234375,351.7900085449219,341.54998779296875,342.739990234375,85446300
2022-03-21,340.98101806640625,350.0799865722656,352.4800109863281,345.5799865722656,350.20001220703125,73799100
2022-03-22,347.68212890625,356.9599914550781,357.8500061035156,350.20001220703125,350.5899963378906,63345900
2022-03-23,342.685546875,351.8299865722656,357.6600036621094,351.7699890136719,354.010009765625,70615500
2022-03-24,350.3021545410156,359.6499938964844,359.70001220703125,351.5899963378906,353.79998779296875,53555300
2022-03-25,350.0101623535156,359.3500061035156,360.6700134277344,354.94000244140625,359.5899963378906,57584200
2022-03-28,355.4255676269531,364.9100036621094,365.010009765625,358.07000732421875,359.3399963378906,56833900
2022-03-29,361.54229736328125,371.19000244140625,371.8299865722656,366.05999755859375,368.8999938964844,68073000
2022-03-30,357.5489196777344,367.0899963378906,370.9800109863281,365.57000732421875,369.2799987792969,68757700
2022-03-31,353.1171569824219,362.5400085449219,367.6000061035156,361.67999267578125,367.239990234375,67011400
2022-04-01,352.44512939453125,361.8500061035156,363.6099853515625,358.5899963378906,362.80999755859375,54527800
2022-04-04,359.7014465332031,369.29998779296875,369.30999755859375,362.44000244140625,362.7099914550781,45950200
2022-04-05,351.7146301269531,361.1000061035156,368.5400085449219,359.92999267578125,367.80999755859375,62738700
2022-04-06,344.0783386230469,353.260009765625,356.7799987792969,350.55999755859375,355.6499938964844,90077100
2022-04-07,344.89654541015625,354.1000061035156,356.3500061035156,348.69000244140625,352.239990234375,63777400
2022-04-08,340.0751647949219,349.1499938964844,353.0899963378906,348.5,352.32000732421875,61956100
2022-04-11,332.02984619140625,340.8900146484375,345.75,340.5400085449219,344.80999755859375,66107400
2022-04-12,330.6273193359375,339.45001220703125,347.69000244140625,338.0400085449219,345.760009765625,72790200
2022-04-13,337.3479309082031,346.3500061035156,347.42999267578125,339.05999755859375,339.79998779296875,61367800
2022-04-14,329.6338195800781,338.42999267578125,346.9700012207031,338.2099914550781,346.44000244140625,73519400
2022-04-18,329.8871154785156,338.69000244140625,341.0400085449219,335.7900085449219,337.3500061035156,58560600
2022-04-19,337.2604064941406,346.260009765625,346.8500061035156,336.9800109863281,338.0299987792969,56515700
2022-04-20,332.3414611816406,341.2099914550781,347.55999755859375,339.9599914550781,347.0899963378906,65500000
2022-04-21,325.4650573730469,334.1499938964844,347.8699951171875,333.20001220703125,345.19000244140625,75801000
2022-04-22,316.9425048828125,325.3999938964844,335.55999755859375,324.9599914550781,334.30999755859375,82562100
2022-04-25,321.0137634277344,329.5799865722656,329.8999938964844,322.42999267578125,323.7300109863281,101755900
2022-04-26,308.89715576171875,317.1400146484375,327.6600036621094,316.8599853515625,327.4700012207031,105819600
2022-04-27,308.5271301269531,316.760009765625,322.8800048828125,315.0,317.239990234375,111204200
2022-04-28,319.48468017578125,328.010009765625,329.8900146484375,317.5199890136719,321.8500061035156,99450000
2022-04-29,305.1082763671875,313.25,327.2300109863281,312.6000061035156,323.70001220703125,91977900
2022-05-02,310.2022705078125,318.4800109863281,318.7200012207031,309.6499938964844,312.8299865722656,115511800
2022-05-03,310.53350830078125,318.82000732421875,321.1700134277344,315.9800109863281,318.5,78185500
2022-05-04,321.0333251953125,329.6000061035156,330.2900085449219,313.8900146484375,319.30999755859375,116083400
2022-05-05,304.8647155761719,313.0,325.25,309.6199951171875,325.1700134277344,154607400
2022-05-06,301.21221923828125,309.25,315.0899963378906,305.1099853515625,310.95001220703125,139572800
2022-05-09,289.4267578125,297.1499938964844,309.3500061035156,295.7200012207031,303.4800109863281,113387300
2022-05-10,292.9429626464844,300.760009765625,305.760009765625,296.57000732421875,304.510009765625,124124600
2022-05-11,284.25469970703125,291.8399963378906,304.0899963378906,290.95001220703125,298.44000244140625,140326100
2022-05-12,283.5826416015625,291.1499938964844,295.75,284.94000244140625,287.45001220703125,120910900
2022-05-13,294.0921936035156,301.94000244140625,303.0,294.0799865722656,295.7200012207031,83684900
2022-05-16,290.6831970214844,298.44000244140625,302.260009765625,297.1300048828125,300.1499938964844,59190400
2022-05-17,298.2123107910156,306.1700134277344,306.55999755859375,300.54998779296875,304.45001220703125,62715300
2022-05-18,283.57293701171875,291.1400146484375,302.25,289.8500061035156,301.5400085449219,79477100
2022-05-19,282.0534362792969,289.5799865722656,294.3900146484375,287.5799865722656,289.2900085449219,79920700
2022-05-20,281.1769104003906,288.67999267578125,293.79998779296875,280.2099914550781,293.1300048828125,91764200
2022-05-23,285.8522033691406,293.4800109863281,293.8699951171875,287.2900085449219,289.75,63648400
2022-05-24,279.7742614746094,287.239990234375,288.8599853515625,282.25,288.1300048828125,73491100
2022-05-25,283.6898193359375,291.260009765625,293.3900146484375,285.5,285.7099914550781,67144500
2022-05-26,291.55010986328125,299.3299865722656,300.9200134277344,290.1499938964844,290.44000244140625,59462200
2022-05-27,301.066162109375,309.1000061035156,309.25,302.4200134277344,302.5400085449219,66985600
2022-05-31,300.2674255371094,308.2799987792969,311.3299865722656,304.3299865722656,309.07000732421875,60968300
2022-06-01,298.0467224121094,306.0,312.6499938964844,303.7300109863281,310.4700012207031,65341700
2022-06-02,306.2089538574219,314.3800048828125,314.55999755859375,303.3999938964844,304.8500061035156,59291300
2022-06-03,298.2415466308594,306.20001220703125,310.4700012207031,304.9200134277344,309.0299987792969,60914700
2022-06-06,299.2349548339844,307.2200012207031,312.3500061035156,305.6199951171875,310.75,51785000
2022-06-07,301.81610107421875,309.8699951171875,310.6700134277344,302.69000244140625,303.80999755859375,44900300
2022-06-08,299.64410400390625,307.6400146484375,311.7200012207031,306.7699890136719,309.04998779296875,38342100
2022-06-09,291.6181640625,299.3999938964844,309.04998779296875,299.2300109863281,305.9100036621094,55900500
2022-06-10,281.33270263671875,288.8399963378906,294.8699951171875,288.3800048828125,293.6499938964844,85963500
2022-06-13,268.2518310546875,275.4100036621094,282.3399963378906,274.5299987792969,279.75,94442000
2022-06-14,268.73876953125,275.9100036621094,278.6600036621094,273.3399963378906,277.6600036621094,64697500
2022-06-15,275.44964599609375,282.79998779296875,286.8299865722656,276.6099853515625,279.4200134277344,86051400
2022-06-16,264.33624267578125,271.3900146484375,276.05999755859375,269.2799987792969,275.5899963378906,81910300
2022-06-17,267.550537109375,274.69000244140625,277.19000244140625,270.510009765625,272.17999267578125,82703400
2022-06-21,274.3006286621094,281.0799865722656,283.45001220703125,278.6400146484375,278.75,51633700
2022-06-22,273.9005432128906,280.6700134277344,285.17999267578125,277.9100036621094,278.5199890136719,67472900
2022-06-23,277.979736328125,284.8500061035156,285.7200012207031,280.30999755859375,283.2099914550781,57457800
2022-06-24,287.5043029785156,294.6099853515625,295.0400085449219,287.5,287.739990234375,58422300
2022-06-27,285.396484375,292.45001220703125,296.5799865722656,291.2900085449219,296.0,54151500
2022-06-28,276.7013244628906,283.5400085449219,295.6499938964844,283.3500061035156,293.0,61609800
2022-06-29,276.9549865722656,283.79998779296875,285.3399963378906,280.8399963378906,283.3999938964844,57302700
2022-06-30,273.52001953125,280.2799987792969,283.94000244140625,275.7799987792969,280.75,79313600
2022-07-01,275.3254089355469,282.1300048828125,282.5299987792969,277.0299987792969,278.95001220703125,56675100
2022-07-05,280.038818359375,286.9599914550781,287.0799865722656,276.75,278.30999755859375,61829300
2022-07-06,281.8345031738281,288.79998779296875,290.95001220703125,285.5899963378906,287.3500061035156,63194700
2022-07-07,287.86541748046875,294.9800109863281,295.70001220703125,289.6300048828125,289.6300048828125,56620100
2022-07-08,288.22650146484375,295.3500061035156,296.75,291.1199951171875,292.0799865722656,59895500
2022-07-11,282.0686950683594,289.0400085449219,293.1099853515625,288.1400146484375,292.8800048828125,55273900
2022-07-12,279.3362121582031,286.239990234375,292.2799987792969,284.6099853515625,290.32000732421875,55797100
2022-07-13,278.76043701171875,285.6499938964844,288.04998779296875,280.0199890136719,280.6000061035156,73939400
2022-07-14,279.7558898925781,286.6700134277344,287.55999755859375,279.79998779296875,282.989990234375,63741800
2022-07-15,284.8304443359375,291.8699951171875,291.9800109863281,288.0799865722656,289.7300109863281,63818100
2022-07-18,282.4200134277344,289.3999938964844,296.1600036621094,288.20001220703125,294.7200012207031,59519600
2022-07-19,291.10540771484375,298.29998779296875,298.6000061035156,291.4700012207031,293.1099853515625,55172600
2022-07-20,295.7212829589844,303.0299987792969,304.239990234375,297.92999267578125,298.7300109863281,67769400
2022-07-21,299.96636962890625,307.3800048828125,307.44000244140625,300.7799987792969,303.5,55049400
2022-07-22,294.7063293457031,301.989990234375,308.54998779296875,300.1199951171875,306.42999267578125,57127700
2022-07-25,293.02777099609375,300.2699890136719,302.5,298.2200012207031,302.0199890136719,40582400
2022-07-26,287.2701110839844,294.3699951171875,298.7900085449219,293.5400085449219,298.5299987792969,50074100
2022-07-27,299.4100646972656,306.80999755859375,308.5400085449219,298.4599914550781,299.0400085449219,69304400
2022-07-28,302.3377685546875,309.80999755859375,310.3999938964844,302.75,306.5899963378906,55139900
2022-07-29,307.8514404296875,315.4599914550781,316.3900146484375,309.92999267578125,311.3900146484375,57501000
2022-08-01,307.6660461425781,315.2699890136719,318.80999755859375,312.5299987792969,313.6499938964844,46358800
2022-08-02,306.74871826171875,314.3299865722656,318.54998779296875,311.8399963378906,312.9200134277344,48676500
2022-08-03,315.1023254394531,322.8900146484375,323.7300109863281,315.989990234375,316.04998779296875,53735700
2022-08-04,316.57586669921875,324.3999938964844,324.7200012207031,320.7699890136719,322.9700012207031,38973700
2022-08-05,313.9897766113281,321.75,323.8299865722656,318.3900146484375,319.19000244140625,53894000
2022-08-08,312.974853515625,320.7099914550781,326.4700012207031,319.2099914550781,322.69000244140625,43878500
2022-08-09,309.432373046875,317.0799865722656,319.0299987792969,315.4200134277344,318.7699890136719,39764200
2022-08-10,318.06890869140625,325.92999267578125,326.2300109863281,322.05999755859375,324.5899963378906,51459600
2022-08-11,316.2635803222656,324.0799865722656,330.3599853515625,323.3599853515625,328.30999755859375,45897700
2022-08-12,322.42138671875,330.3900146484375,330.5899963378906,325.1000061035156,326.17999267578125,40928400
2022-08-15,325.0270080566406,333.05999755859375,333.57000732421875,329.3999938964844,329.4200134277344,38266600
2022-08-16,324.26580810546875,332.2799987792969,334.4200134277344,329.1600036621094,332.05999755859375,41186900
2022-08-17,320.5671691894531,328.489990234375,331.42999267578125,326.3599853515625,329.07000732421875,47842200
2022-08-18,321.3381042480469,329.2799987792969,330.489990234375,326.7900085449219,328.44000244140625,41937200
2022-08-19,315.0729675292969,322.8599853515625,326.8399963378906,322.0799865722656,326.1700134277344,51770600
2022-08-22,306.77801513671875,314.3599853515625,318.739990234375,313.5299987792969,318.5,51098900
2022-08-23,306.52423095703125,314.1000061035156,317.0,313.3299865722656,314.1199951171875,39497100
2022-08-24,307.4123229980469,315.010009765625,316.8699951171875,312.989990234375,313.6099853515625,38057100
2022-08-25,312.847900390625,320.5799865722656,320.6000061035156,315.760009765625,316.8299865722656,38098300
2022-08-26,300.0249328613281,307.44000244140625,321.510009765625,307.3500061035156,320.2799987792969,69047700
2022-08-29,297.06793212890625,304.4100036621094,307.2200012207031,303.2799987792969,304.6199951171875,48321900
2022-08-30,293.7597961425781,301.0199890136719,306.7300109863281,298.44000244140625,306.1000061035156,51184500
2022-08-31,292.0518798828125,299.2699890136719,304.9100036621094,299.1600036621094,303.989990234375,50044000
2022-09-01,292.1788330078125,299.3999938964844,299.7799987792969,292.95001220703125,296.7200012207031,57990700
2022-09-02,288.05084228515625,295.1700134277344,303.75,293.5199890136719,302.3399963378906,64666800
2022-09-06,285.9819641113281,293.04998779296875,296.6000061035156,290.8699951171875,295.6600036621094,57005400
2022-09-07,291.7591857910156,298.9700012207031,299.989990234375,293.2699890136719,293.5400085449219,49260400
2022-09-08,293.2717590332031,300.5199890136719,301.8699951171875,295.45001220703125,296.8500061035156,55649800
2022-09-09,299.68328857421875,307.0899963378906,307.6000061035156,300.5199890136719,302.8299865722656,56125200
2022-09-12,303.2453308105469,310.739990234375,311.0799865722656,308.17999267578125,308.5,45905700
2022-09-13,286.61627197265625,293.70001220703125,303.0199890136719,292.7900085449219,301.79998779296875,79562200
2022-09-14,288.8900451660156,296.0299987792969,296.92999267578125,293.05999755859375,294.8699951171875,54907200
2022-09-15,284.0790100097656,291.1000061035156,296.5299987792969,289.4599914550781,294.07000732421875,65299400
2022-09-16,282.3419494628906,289.32000732421875,289.7200012207031,285.6199951171875,287.7200012207031,79920400
2022-09-19,284.5406494140625,291.04998779296875,291.2099914550781,286.0400085449219,286.1000061035156,52613800
2022-09-20,282.27252197265625,288.7300109863281,291.07000732421875,286.3800048828125,288.489990234375,51271100
2022-09-21,277.2181701660156,283.55999755859375,293.95001220703125,283.4200134277344,289.5899963378906,82931000
2022-09-22,273.80621337890625,280.07000732421875,283.0299987792969,278.82000732421875,282.0,62757100
2022-09-23,269.34820556640625,275.510009765625,277.8500061035156,272.0199890136719,277.54998779296875,74815200
2022-09-26,268.2337646484375,274.3699951171875,279.489990234375,273.55999755859375,275.0299987792969,71176700
2022-09-27,268.3412170410156,274.4800109863281,280.2099914550781,272.1099853515625,277.80999755859375,69780100
2022-09-28,273.6790771484375,279.94000244140625,281.25,272.95001220703125,274.4599914550781,79652100
2022-09-29,265.78955078125,271.8699951171875,276.25,268.8399963378906,275.8599853515625,81216000
2022-09-30,261.28271484375,267.260009765625,275.19000244140625,267.1000061035156,271.0299987792969,78482400
2022-10-03,267.4124755859375,273.5299987792969,275.1600036621094,267.5299987792969,269.07000732421875,61267400
2022-10-04,275.8201599121094,282.1300048828125,282.8500061035156,278.989990234375,278.989990234375,66696900
2022-10-05,275.6734619140625,281.9800109863281,283.80999755859375,275.4200134277344,278.2799987792969,55766300
2022-10-06,273.5031433105469,279.760009765625,284.17999267578125,279.42999267578125,280.9599914550781,53489400
2022-10-07,263.0814514160156,269.1000061035156,275.1499938964844,267.739990234375,275.0199890136719,71354700
2022-10-10,260.4516906738281,266.4100036621094,269.70001220703125,263.6400146484375,269.29998779296875,60393000
2022-10-11,256.8735656738281,262.75,267.6300048828125,261.0299987792969,264.70001220703125,66522500
2022-10-12,256.7856140136719,262.6600036621094,265.3599853515625,261.95001220703125,263.3999938964844,50580200
2022-10-13,262.80780029296875,268.82000732421875,270.1700134277344,254.25999450683594,255.16000366210938,112894100
2022-10-14,254.9084930419922,260.739990234375,271.80999755859375,260.1400146484375,271.20001220703125,77244300
2022-10-17,263.32598876953125,269.3500061035156,270.239990234375,266.739990234375,266.8399963378906,64576500
2022-10-18,265.4083251953125,271.4800109863281,277.2099914550781,268.739990234375,276.5299987792969,69781000
2022-10-19,264.44049072265625,270.489990234375,273.67999267578125,268.07000732421875,269.92999267578125,53115400
2022-10-20,263.0913391113281,269.1099853515625,274.8399963378906,267.9200134277344,269.5799865722656,60605500
2022-10-21,269.26019287109375,275.4200134277344,275.9700012207031,266.82000732421875,267.9800109863281,77897700
2022-10-24,272.2224426269531,278.45001220703125,279.3999938964844,271.9700012207031,275.69000244140625,63963600
2022-10-25,277.8536376953125,284.2099914550781,284.6000061035156,277.8999938964844,279.4100036621094,59014500
2022-10-26,271.71405029296875,277.92999267578125,283.9800109863281,277.42999267578125,278.4599914550781,63492400
2022-10-27,266.7672424316406,272.8699951171875,278.2799987792969,272.3399963378906,276.7900085449219,57760300
2022-10-28,274.9305419921875,281.2200012207031,281.70001220703125,272.05999755859375,272.2300109863281,62651300
2022-10-31,271.7336120605469,277.95001220703125,279.760009765625,275.989990234375,278.9200134277344,47742000
2022-11-01,268.9571533203125,275.1099853515625,282.07000732421875,274.739990234375,281.5,45895900
2022-11-02,259.7379455566406,265.67999267578125,278.2099914550781,265.6099853515625,275.0799865722656,79803100
2022-11-03,254.6641082763672,260.489990234375,264.5,260.1000061035156,263.010009765625,70038900
2022-11-04,258.7603759765625,264.67999267578125,266.6099853515625,259.0799865722656,265.5299987792969,78313200
2022-11-07,261.6053161621094,267.5899963378906,268.1400146484375,263.57000732421875,265.75,47333800
2022-11-08,263.51171875,269.5400085449219,272.8500061035156,265.5199890136719,269.1400146484375,63213800
2022-11-09,257.4307556152344,263.32000732421875,268.55999755859375,263.0299987792969,267.760009765625,64862100
2022-11-10,276.4263000488281,282.75,283.04998779296875,273.8500061035156,276.010009765625,99256700
2022-11-11,281.5196838378906,287.9599914550781,288.6400146484375,281.19000244140625,282.55999755859375,66961800
2022-11-14,279.05615234375,285.44000244140625,289.2099914550781,284.44000244140625,285.8599853515625,55290700
2022-11-15,282.9178161621094,289.3900146484375,293.260009765625,285.9700012207031,292.2099914550781,73985400
2022-11-16,279.05615234375,285.44000244140625,289.4800109863281,284.6000061035156,287.3900146484375,48859800
2022-11-17,278.4402160644531,284.80999755859375,286.32000732421875,280.7200012207031,280.8800048828125,55462100
2022-11-18,278.4499206542969,284.82000732421875,287.989990234375,282.32000732421875,287.8900146484375,53588600
2022-11-21,275.58544921875,281.8900146484375,284.5799865722656,281.0400085449219,283.3999938964844,40083500
2022-11-22,279.5546875,285.95001220703125,286.1099853515625,280.4599914550781,282.6400146484375,41873400
2022-11-23,282.36053466796875,288.82000732421875,289.4599914550781,285.7900085449219,285.9700012207031,46390000
2022-11-25,280.5030517578125,286.9200134277344,287.9100036621094,286.4200134277344,287.19000244140625,15498800
2022-11-28,276.3871154785156,282.7099914550781,286.9599914550781,281.760009765625,284.8999938964844,38714200
2022-11-29,274.2950134277344,280.57000732421875,283.3500061035156,279.1700134277344,282.94000244140625,35618900
2022-11-30,286.79901123046875,293.3599853515625,293.4700012207031,279.9700012207031,280.8399963378906,74718100
2022-12-01,287.15093994140625,293.7200012207031,295.75,290.8800048828125,293.69000244140625,51547300
2022-12-02,286.0071105957031,292.54998779296875,293.45001220703125,288.3599853515625,288.5400085449219,53583200
2022-12-05,281.20697021484375,287.6400146484375,291.67999267578125,286.1499938964844,290.3800048828125,41482100
2022-12-06,275.3802185058594,281.67999267578125,287.6199951171875,280.260009765625,287.4800109863281,53937600
2022-12-07,274.2558898925781,280.5299987792969,282.57000732421875,278.7799987792969,280.4700012207031,45614300
2022-12-08,277.5016784667969,283.8500061035156,284.8399963378906,279.7900085449219,281.9100036621094,42594900
2022-12-09,275.732177734375,282.0400085449219,285.6400146484375,281.5899963378906,282.80999755859375,47860500
2022-12-12,279.1929931640625,285.5799865722656,285.6400146484375,281.1600036621094,282.2200012207031,35732500
2022-12-13,282.19427490234375,288.6499938964844,296.8800048828125,285.9100036621094,296.6499938964844,80667700
2022-12-14,280.10223388671875,286.510009765625,291.4100036621094,283.19000244140625,288.04998779296875,64984400
2022-12-15,270.6972961425781,276.8900146484375,283.010009765625,275.6700134277344,282.3299865722656,60554100
2022-12-16,268.1164245605469,274.25,277.7699890136719,272.6099853515625,276.20001220703125,68300400
2022-12-19,264.34832763671875,269.75,273.9599914550781,268.489990234375,273.8699951171875,44167900
2022-12-20,264.1426086425781,269.5400085449219,271.32000732421875,266.95001220703125,268.55999755859375,51064200
2022-12-21,267.9742736816406,273.45001220703125,274.7799987792969,269.739990234375,270.6000061035156,46394700
2022-12-22,261.418212890625,266.760009765625,270.510009765625,262.4599914550781,270.3800048828125,60278400
2022-12-23,262.0061950683594,267.3599853515625,268.0400085449219,263.5299987792969,265.4700012207031,39373600
2022-12-27,258.30194091796875,263.5799865722656,266.8500061035156,263.0299987792969,266.739990234375,38009000
2022-12-28,254.89163208007812,260.1000061035156,265.4700012207031,259.7300109863281,263.1700134277344,47139000
2022-12-29,261.10467529296875,266.44000244140625,267.3999938964844,262.25,262.9599914550781,45893600
2022-12-30,260.9478454589844,266.2799987792969,266.4100036621094,262.2900085449219,263.6199951171875,37858300
2023-01-03,259.18389892578125,264.4800109863281,270.1499938964844,262.1300048828125,268.6499938964844,42335300
2023-01-04,260.4186706542969,265.739990234375,267.45001220703125,262.5299987792969,266.6400146484375,47754900
2023-01-05,256.34197998046875,261.5799865722656,264.2099914550781,261.260009765625,264.0400085449219,45396700
2023-01-06,263.4173278808594,268.79998779296875,269.94000244140625,260.3399963378906,263.3500061035156,54659700
2023-01-09,265.12255859375,270.5400085449219,275.2900085449219,269.9200134277344,270.8299865722656,45568700
2023-01-10,267.3666687011719,272.8299865722656,272.94000244140625,268.9700012207031,269.489990234375,35247800
2023-01-11,271.9921569824219,277.54998779296875,277.6600036621094,273.1199951171875,273.9200134277344,44077000
2023-01-12,273.46209716796875,279.04998779296875,280.1000061035156,273.739990234375,278.1199951171875,60600000
2023-01-13,275.34368896484375,280.9700012207031,281.2200012207031,276.1600036621094,276.5,44802900
2023-01-17,275.9023132324219,281.5400085449219,282.8500061035156,279.5799865722656,280.7699890136719,36269700
2023-01-18,272.3155822753906,277.8800048828125,284.69000244140625,277.6700134277344,283.1099853515625,47754500
2023-01-19,269.6402282714844,275.1499938964844,277.3800048828125,273.8900146484375,276.2200012207031,44150400
2023-01-20,277.0194091796875,282.67999267578125,283.0199890136719,275.7099914550781,276.7900085449219,60613600
2023-01-23,283.1737365722656,288.9599914550781,290.2099914550781,282.7300109863281,283.5400085449219,52799900
2023-01-24,282.5954895019531,288.3699951171875,289.54998779296875,286.7799987792969,287.30999755859375,44875100
2023-01-25,281.9683532714844,287.7300109863281,288.3599853515625,281.17999267578125,283.7699890136719,50872000
2023-01-26,287.4660339355469,293.3399963378906,293.5199890136719,288.5199890136719,291.2200012207031,51596300
2023-01-27,290.3275146484375,296.260009765625,298.260009765625,291.8800048828125,292.0,56441900
2023-01-30,284.4574279785156,290.2699890136719,294.3800048828125,289.8900146484375,292.92999267578125,49405800
2023-01-31,288.7203369140625,294.6199951171875,294.7200012207031,290.20001220703125,290.30999755859375,46705100
2023-02-01,294.8942565917969,300.9200134277344,303.42999267578125,292.29998779296875,294.4100036621094,67562200
2023-02-02,305.4779357910156,311.7200012207031,313.67999267578125,306.7300109863281,307.57000732421875,83070600
2023-02-03,300.0489196777344,306.17999267578125,312.3900146484375,304.5400085449219,304.94000244140625,76170800
2023-02-06,297.5107727050781,303.5899963378906,305.9100036621094,302.2200012207031,303.510009765625,40802300
2023-02-07,303.6748046875,309.8800048828125,311.0299987792969,302.32000732421875,303.4599914550781,67584000
2023-02-08,298.275146484375,304.3699951171875,309.5,303.6700134277344,308.5400085449219,56720900
2023-02-09,295.6390380859375,301.67999267578125,308.989990234375,300.20001220703125,308.8399963378906,49137800
2023-02-10,293.69866943359375,299.70001220703125,301.57000732421875,297.25,299.4800109863281,50050100
2023-02-13,298.4024963378906,304.5,305.1000061035156,299.92999267578125,301.1300048828125,39636700
2023-02-14,300.6074523925781,306.75,307.7200012207031,300.9100036621094,302.8900146484375,64079100
2023-02-15,302.9104309082031,309.1000061035156,309.2699890136719,304.20001220703125,304.8999938964844,43100600
2023-02-16,297.22650146484375,303.29998779296875,308.42999267578125,303.1499938964844,304.3800048828125,59498600
2023-02-17,295.12945556640625,301.1600036621094,301.92999267578125,298.1000061035156,301.07000732421875,58230700
2023-02-21,288.1421203613281,294.0299987792969,298.7300109863281,293.8900146484375,297.260009765625,46526700
2023-02-22,288.3577575683594,294.25,296.3599853515625,292.55999755859375,294.6199951171875,51389200
2023-02-23,290.8763122558594,296.82000732421875,298.1300048828125,292.54998779296875,297.9700012207031,69294400
2023-02-24,286.0058898925781,291.8500061035156,292.9700012207031,290.04998779296875,291.760009765625,74332000
2023-02-27,288.0539855957031,293.94000244140625,296.489990234375,293.3399963378906,295.07000732421875,48995000
2023-02-28,287.6816101074219,293.55999755859375,296.1199951171875,292.9599914550781,293.29998779296875,48243100
2023-03-01,285.36883544921875,291.20001220703125,293.92999267578125,290.20001220703125,293.260009765625,58287000
2023-03-02,287.7305603027344,293.6099853515625,294.42999267578125,288.3699951171875,288.6600036621094,53565900
2023-03-03,293.67901611328125,299.67999267578125,299.9200134277344,294.8699951171875,295.3900146484375,60511500
2023-03-06,294.01226806640625,300.0199890136719,304.0,299.82000732421875,300.94000244140625,56736300
2023-03-07,290.4058532714844,296.3399963378906,301.010009765625,295.7200012207031,300.07000732421875,65955800
2023-03-08,291.8563537597656,297.82000732421875,298.42999267578125,294.8800048828125,296.7699890136719,50876300
2023-03-09,286.7996520996094,292.6600036621094,300.9800109863281,291.8299865722656,298.3299865722656,71456700
2023-03-10,282.7718505859375,288.54998779296875,294.3500061035156,287.3800048828125,292.8299865722656,98593600
2023-03-13,284.86907958984375,290.69000244140625,294.4700012207031,285.19000244140625,286.7300109863281,97123600
2023-03-14,291.415283203125,297.3699951171875,297.92999267578125,293.45001220703125,294.30999755859375,73602500
2023-03-15,292.9440612792969,298.92999267578125,299.2699890136719,293.239990234375,294.7099914550781,83631500
2023-03-16,300.6662292480469,306.80999755859375,307.17999267578125,297.19000244140625,298.0,98198100
2023-03-17,299.2452697753906,305.3599853515625,309.1499938964844,303.3699951171875,306.7200012207031,89923700
2023-03-20,300.3072814941406,305.9700012207031,306.29998779296875,302.010009765625,304.260009765625,56359500
2023-03-21,304.596435546875,310.3399963378906,310.79998779296875,306.3999938964844,307.94000244140625,49757000
2023-03-22,300.45452880859375,306.1199951171875,315.25,305.95001220703125,310.2699890136719,75791900
2023-03-23,304.0173034667969,309.75,314.1499938964844,307.010009765625,309.9200134277344,74576000
2023-03-24,305.1362609863281,310.8900146484375,310.989990234375,306.95001220703125,309.32000732421875,57195200
2023-03-27,303.045654296875,308.760009765625,312.70001220703125,307.8900146484375,311.6000061035156,50287400
2023-03-28,301.4360046386719,307.1199951171875,308.20001220703125,304.7699890136719,308.1700134277344,48585900
2023-03-29,306.9323425292969,312.7200012207031,313.3500061035156,310.04998779296875,310.8800048828125,53274300
2023-03-30,309.8375549316406,315.67999267578125,316.32000732421875,312.80999755859375,315.239990234375,58354800
2023-03-31,314.9904479980469,320.92999267578125,321.1700134277344,315.6000061035156,315.9100036621094,62138100
2023-04-03,314.2248229980469,320.1499938964844,320.4200134277344,317.4200134277344,318.7699890136719,47126800
2023-04-04,313.16485595703125,319.07000732421875,321.6300048828125,317.8299865722656,320.6000061035156,45875400
2023-04-05,310.0731201171875,315.9200134277344,319.05999755859375,314.07000732421875,318.1000061035156,62795700
2023-04-06,312.1637268066406,318.04998779296875,318.54998779296875,312.82000732421875,314.239990234375,46916500
2023-04-10,311.9869689941406,317.8699951171875,317.9200134277344,313.25,315.07000732421875,45134700
2023-04-11,309.9847412109375,315.8299865722656,317.8900146484375,315.30999755859375,317.8299865722656,40113600
2023-04-12,307.2464599609375,313.0400085449219,318.4200134277344,312.57000732421875,317.82000732421875,62813300
2023-04-13,313.26300048828125,319.1700134277344,319.6499938964844,313.6300048828125,314.8299865722656,54613800
2023-04-14,312.674072265625,318.57000732421875,320.3599853515625,315.6099853515625,317.5899963378906,56278300
2023-04-17,312.9390869140625,318.8399963378906,319.20001220703125,316.0400085449219,318.1499938964844,43007000
2023-04-18,312.95867919921875,318.8599853515625,321.4200134277344,317.6400146484375,320.989990234375,46746900
2023-04-19,312.8114929199219,318.7099914550781,319.7900085449219,316.2799987792969,316.4100036621094,38960100
2023-04-20,310.42645263671875,316.2799987792969,319.2699890136719,314.9700012207031,315.69000244140625,62462100
2023-04-21,310.75030517578125,316.6099853515625,317.3999938964844,314.1000061035156,315.9100036621094,59002300
2023-04-24,310.10260009765625,315.95001220703125,317.739990234375,313.739990234375,316.3800048828125,44043100
2023-04-25,304.25286865234375,309.989990234375,314.9700012207031,309.8900146484375,314.2900085449219,57121600
2023-04-26,306.0981140136719,311.8699951171875,314.94000244140625,311.3399963378906,313.44000244140625,55400500
2023-04-27,314.421142578125,320.3500061035156,320.8599853515625,315.04998779296875,315.70001220703125,65430400
2023-04-28,316.5902404785156,322.55999755859375,322.6499938964844,318.9599914550781,320.1099853515625,59712600
2023-05-01,316.22711181640625,322.19000244140625,323.6300048828125,321.0899963378906,322.0899963378906,41013400
2023-05-02,313.4690856933594,319.3800048828125,322.45001220703125,317.6099853515625,322.1199951171875,56519400
2023-05-03,311.417724609375,317.2900085449219,322.4700012207031,317.17999267578125,319.75,59882100
2023-05-04,310.3185119628906,316.1700134277344,318.2300109863281,315.1199951171875,317.05999755859375,50224500
2023-05-05,316.9141540527344,322.8900146484375,323.760009765625,316.2099914550781,318.4700012207031,51806100
2023-05-08,317.6993103027344,323.69000244140625,324.0400085449219,321.32000732421875,322.4200134277344,36465800
2023-05-09,315.6872863769531,321.6400146484375,322.8800048828125,321.32000732421875,322.0,31768800
2023-05-10,319.1224670410156,325.1400146484375,326.010009765625,321.6000061035156,324.1199951171875,60446600
2023-05-11,320.162841796875,326.20001220703125,326.75,324.1199951171875,325.70001220703125,44278500
2023-05-12,319.01446533203125,325.0299987792969,327.1700134277344,322.94000244140625,326.739990234375,48432800
2023-05-15,320.74188232421875,326.7900085449219,327.0299987792969,323.9599914550781,325.510009765625,33375600
2023-05-16,321.1050720214844,327.1600036621094,328.8999938964844,326.0199890136719,326.05999755859375,40019200
2023-05-17,324.9917907714844,331.1199951171875,331.7099914550781,327.0400085449219,328.239990234375,47486100
2023-05-18,331.02801513671875,337.2699890136719,337.489990234375,331.5,331.5199890136719,64213500
2023-05-19,330.2821044921875,336.510009765625,338.2099914550781,335.42999267578125,337.489990234375,61554900
2023-05-22,331.3911437988281,337.6400146484375,338.6700134277344,336.239990234375,336.25,43015900
2023-05-23,327.1903381347656,333.3599853515625,337.05999755859375,333.0,335.8900146484375,48216700
2023-05-24,325.511962890625,331.6499938964844,332.9100036621094,329.55999755859375,331.3699951171875,62891200
2023-05-25,333.4327087402344,339.7200012207031,341.010009765625,336.6700134277344,339.1400146484375,66862800
2023-05-26,341.95196533203125,348.3999938964844,349.25,340.6600036621094,340.760009765625,63007000
2023-05-30,343.50274658203125,349.9800109863281,353.92999267578125,348.5299987792969,352.7099914550781,72652200
2023-05-31,341.5495300292969,347.989990234375,350.6000061035156,346.510009765625,348.3699951171875,65105400
2023-06-01,345.4952697753906,352.010009765625,353.3599853515625,346.6600036621094,347.7300109863281,50488600
2023-06-02,348.08636474609375,354.6499938964844,355.8299865722656,352.010009765625,353.79998779296875,53372100
2023-06-05,348.33172607421875,354.8999938964844,357.5,353.8500061035156,354.42999267578125,47266200
2023-06-06,348.2727966308594,354.8399963378906,355.82000732421875,352.92999267578125,354.2799987792969,41390400
2023-06-07,342.3642578125,348.82000732421875,357.1199951171875,348.17999267578125,355.1300048828125,69225900
2023-06-08,346.61407470703125,353.1499938964844,353.6199951171875,348.8900146484375,349.1199951171875,47153900
2023-06-09,347.9391174316406,354.5,357.6600036621094,353.0299987792969,354.6300048828125,53196900
2023-06-12,353.8182067871094,360.489990234375,360.5899963378906,355.20001220703125,356.19000244140625,44606500
2023-06-13,356.5370178222656,363.260009765625,364.1099853515625,360.0299987792969,363.2900085449219,57097800
2023-06-14,359.12811279296875,365.8999938964844,366.19000244140625,360.4200134277344,363.2699890136719,69525600
2023-06-15,363.4075012207031,370.260009765625,371.7699890136719,363.9800109863281,364.6099853515625,71138800
2023-06-16,361.1205139160156,367.92999267578125,372.8500061035156,367.4800109863281,372.7200012207031,80932000
2023-06-20,360.6035461425781,366.8999938964844,368.32000732421875,363.8900146484375,365.95001220703125,49204700
2023-06-21,355.68939208984375,361.8999938964844,366.17999267578125,360.9599914550781,365.739990234375,53378300
2023-06-22,359.8861083984375,366.1700134277344,366.3299865722656,360.2200012207031,360.6300048828125,47603000
2023-06-23,356.31842041015625,362.5400085449219,364.8800048828125,360.82000732421875,362.2099914550781,48922900
2023-06-26,351.5417785644531,357.67999267578125,364.8399963378906,357.5899963378906,362.0,52685500
2023-06-27,357.5863037109375,363.8299865722656,364.57000732421875,358.510009765625,359.25,49428100
2023-06-28,358.2840576171875,364.5400085449219,366.5199890136719,361.8999938964844,361.9800109863281,46498000
2023-06-29,357.5666198730469,363.80999755859375,364.8900146484375,362.1400146484375,364.239990234375,46151000
2023-06-30,363.080322265625,369.4200134277344,370.489990234375,367.2300109863281,367.54998779296875,58712500
2023-07-03,363.9354553222656,370.2900085449219,370.92999267578125,368.9700012207031,370.07000732421875,19432900
2023-07-05,363.9255676269531,370.2799987792969,372.010009765625,368.6600036621094,368.70001220703125,34460900
2023-07-06,361.1539611816406,367.4599914550781,367.9100036621094,364.5199890136719,366.510009765625,49374700
2023-07-07,359.9549255371094,366.239990234375,370.4800109863281,366.010009765625,367.2300109863281,47133700
2023-07-10,360.07281494140625,366.3599853515625,367.04998779296875,363.4100036621094,365.9599914550781,48498800
2023-07-11,361.851806640625,368.1700134277344,368.6300048828125,364.6199951171875,366.7900085449219,38214100
2023-07-12,366.42193603515625,372.82000732421875,374.19000244140625,370.29998779296875,372.3399963378906,61975400
2023-07-13,372.64337158203125,379.1499938964844,379.989990234375,375.4599914550781,376.04998779296875,46960000
2023-07-14,372.5647888183594,379.07000732421875,382.8599853515625,378.17999267578125,379.5899963378906,55148500
2023-07-17,376.0439758300781,382.6099853515625,383.5,379.30999755859375,379.79998779296875,40868900
2023-07-18,379.1202697753906,385.739990234375,387.1300048828125,380.0,381.9599914550781,55262000
2023-07-19,379.0318603515625,385.6499938964844,387.9800109863281,384.29998779296875,386.82000732421875,54093000
2023-07-20,370.2943420410156,376.760009765625,384.1000061035156,375.7200012207031,382.6099853515625,71941700
2023-07-21,369.1837158203125,375.6300048828125,379.9200134277344,375.19000244140625,379.17999267578125,60499600
2023-07-24,369.7734680175781,376.2300109863281,377.5799865722656,374.3399963378906,376.6199951171875,40380100
2023-07-25,372.27972412109375,378.7799987792969,380.4700012207031,376.92999267578125,376.95001220703125,38894400
2023-07-26,371.04132080078125,377.5199890136719,379.239990234375,375.17999267578125,377.7200012207031,47075700
2023-07-27,370.1567687988281,376.6199951171875,384.7099914550781,375.30999755859375,383.07000732421875,63940200
2023-07-28,376.8990783691406,383.4800109863281,384.5199890136719,380.2200012207031,380.739990234375,56902900
2023-07-31,377.09564208984375,383.67999267578125,384.8800048828125,382.3399963378906,383.7900085449219,44019900
2023-08-01,376.2208557128906,382.7900085449219,383.55999755859375,380.69000244140625,382.30999755859375,41060600
2023-08-02,367.96502685546875,374.3900146484375,379.260009765625,373.1300048828125,379.260009765625,72687100
2023-08-03,367.37530517578125,373.7900085449219,375.95001220703125,371.7699890136719,371.94000244140625,47666400
2023-08-04,365.6553955078125,372.0400085449219,378.1000061035156,371.5299987792969,375.75,61702800
2023-08-07,368.7513122558594,375.19000244140625,375.2900085449219,371.510009765625,373.8800048828125,37230400
2023-08-08,365.6160888671875,372.0,372.6600036621094,368.82000732421875,372.6400146484375,44726500
2023-08-09,361.59625244140625,367.9100036621094,372.45001220703125,367.1400146484375,372.2900085449219,51150900
2023-08-10,362.2646179199219,368.5899963378906,374.3599853515625,367.0400085449219,370.9700012207031,72035300
2023-08-11,359.9549255371094,366.239990234375,368.0,364.69000244140625,365.989990234375,48707200
2023-08-14,363.994384765625,370.3500061035156,370.4700012207031,364.70001220703125,365.42999267578125,42130800
2023-08-15,360.1318664550781,366.4200134277344,370.1700134277344,365.739990234375,369.3599853515625,45539900
2023-08-16,356.31842041015625,362.5400085449219,367.42999267578125,362.44000244140625,365.8699951171875,53190500
2023-08-17,352.4263000488281,358.5799865722656,364.30999755859375,358.1600036621094,363.9599914550781,62604300
2023-08-18,351.98406982421875,358.1300048828125,359.4100036621094,354.7099914550781,355.260009765625,61191400
2023-08-21,357.6550598144531,363.8999938964844,364.5899963378906,359.1499938964844,359.6199951171875,50696500
2023-08-22,357.1439514160156,363.3800048828125,366.55999755859375,362.67999267578125,366.54998779296875,44530200
2023-08-23,362.7756652832031,369.1099853515625,370.2200012207031,364.3599853515625,364.5799865722656,51770600
2023-08-24,355.02105712890625,361.2200012207031,372.739990234375,361.010009765625,372.6400146484375,66842500
2023-08-25,357.7729797363281,364.0199890136719,365.739990234375,358.5799865722656,362.07000732421875,69960500
2023-08-28,360.4659729003906,366.760009765625,367.7099914550781,364.25,366.989990234375,40910000
2023-08-29,368.3384704589844,374.7699890136719,375.1300048828125,366.2300109863281,366.55999755859375,58492400
2023-08-30,370.3927001953125,376.8599853515625,377.45001220703125,373.8599853515625,374.8800048828125,41731500
2023-08-31,371.50323486328125,377.989990234375,379.7200012207031,376.8699951171875,376.94000244140625,35730700
2023-09-01,371.11016845703125,377.5899963378906,380.8299865722656,376.0799865722656,380.3999938964844,39801200
2023-09-05,371.5819091796875,378.07000732421875,379.30999755859375,375.8299865722656,376.7699890136719,32344200
2023-09-06,368.30902099609375,374.739990234375,377.6300048828125,372.70001220703125,377.2799987792969,42998700
2023-09-07,365.67498779296875,372.05999755859375,372.8500061035156,369.1499938964844,370.2099914550781,52060700
2023-09-08,366.1860656738281,372.5799865722656,374.8500061035156,371.6000061035156,372.010009765625,35800100
2023-09-11,370.500732421875,376.9700012207031,377.489990234375,373.6600036621094,375.6600036621094,39936600
2023-09-12,366.39251708984375,372.7900085449219,376.95001220703125,372.5,375.2699890136719,41391000
2023-09-13,367.78814697265625,374.2099914550781,375.8399963378906,371.8800048828125,373.0299987792969,46300700
2023-09-14,370.7955627441406,377.2699890136719,378.2699890136719,373.8900146484375,375.989990234375,48039400
2023-09-15,364.44647216796875,370.80999755859375,376.32000732421875,369.8599853515625,375.9100036621094,69811200
2023-09-18,364.8263854980469,370.6600036621094,371.7900085449219,369.0299987792969,369.32000732421875,36903500
2023-09-19,364.04888916015625,369.8699951171875,370.67999267578125,366.79998779296875,369.32000732421875,37621700
2023-09-20,358.80267333984375,364.5400085449219,371.30999755859375,364.4599914550781,370.95001220703125,45514200
2023-09-21,352.22784423828125,357.8599853515625,361.6000061035156,357.69000244140625,360.79998779296875,69734800
2023-09-22,352.277099609375,357.9100036621094,361.79998779296875,357.5899963378906,359.6300048828125,51589700
2023-09-25,353.9503173828125,359.6099853515625,359.70001220703125,355.92999267578125,356.92999267578125,39168000
2023-09-26,348.63531494140625,354.2099914550781,357.5400085449219,353.2099914550781,356.989990234375,53657700
2023-09-27,349.45220947265625,355.0400085449219,356.9800109863281,351.3599853515625,355.3800048828125,56066000
2023-09-28,352.37554931640625,358.010009765625,360.1700134277344,353.239990234375,354.1099853515625,56453300
2023-09-29,352.63140869140625,358.2699890136719,362.95001220703125,357.0199890136719,361.5400085449219,64829600
2023-10-02,355.5743408203125,361.260009765625,362.67999267578125,357.9200134277344,358.5400085449219,51625100
2023-10-03,349.3341064453125,354.9200134277344,361.010009765625,353.2799987792969,358.7799987792969,60478500
2023-10-04,354.088134765625,359.75,360.6099853515625,355.29998779296875,355.7699890136719,54786700
2023-10-05,353.0447692871094,358.69000244140625,360.1499938964844,355.1400146484375,359.739990234375,45897400
2023-10-06,358.96026611328125,364.70001220703125,365.9100036621094,354.8500061035156,355.6499938964844,75049100
2023-10-09,360.7908935546875,366.55999755859375,367.1099853515625,360.7799987792969,362.29998779296875,45304800
2023-10-10,362.7889404296875,368.5899963378906,371.2799987792969,366.3900146484375,366.8999938964844,46968800
2023-10-11,365.37762451171875,371.2200012207031,371.4100036621094,368.19000244140625,369.94000244140625,38215100
2023-10-12,364.1078796386719,369.92999267578125,373.739990234375,367.5,371.7300109863281,49587900
2023-10-13,359.5310363769531,365.2799987792969,371.1600036621094,363.8599853515625,370.57000732421875,52469900
2023-10-16,363.5960998535156,369.4100036621094,370.4800109863281,366.4700012207031,366.6199951171875,44201100
2023-10-17,362.4051513671875,368.20001220703125,369.9200134277344,363.6600036621094,365.80999755859375,50999100
2023-10-18,357.651123046875,363.3699951171875,367.9100036621094,362.0199890136719,365.6700134277344,54280500
2023-10-19,354.30462646484375,359.9700012207031,366.0199890136719,359.1600036621094,364.80999755859375,72274200
2023-10-20,349.0191650390625,354.6000061035156,360.0400085449219,354.3699951171875,359.4599914550781,72559700
2023-10-23,350.07232666015625,355.6700134277344,359.260009765625,351.1199951171875,353.260009765625,60665200
2023-10-24,353.47784423828125,359.1300048828125,359.9100036621094,355.7900085449219,357.510009765625,47082100
2023-10-25,344.82623291015625,350.3399963378906,356.8800048828125,349.75,356.70001220703125,71190500
2023-10-26,338.2513122558594,343.6600036621094,350.07000732421875,342.3500061035156,349.1199951171875,78621400
2023-10-27,339.8753662109375,345.30999755859375,348.8399963378906,344.0799865722656,346.42999267578125,63476700
2023-10-30,343.70416259765625,349.20001220703125,350.5400085449219,346.45001220703125,347.8299865722656,55298500
2023-10-31,345.34783935546875,350.8699951171875,351.25,346.6199951171875,349.2300109863281,47671900
2023-11-01,351.34197998046875,356.9599914550781,357.5299987792969,351.6199951171875,351.7200012207031,58992700
2023-11-02,357.7200622558594,363.44000244140625,363.67999267578125,360.29998779296875,361.5400085449219,58162400
2023-11-03,361.9228210449219,367.7099914550781,369.0199890136719,364.5199890136719,364.75,53280500
2023-11-06,363.3992004394531,369.2099914550781,369.7799987792969,366.9100036621094,368.489990234375,38848700
2023-11-07,366.83428955078125,372.70001220703125,373.5799865722656,369.04998779296875,370.2699890136719,50777400
2023-11-08,367.07049560546875,372.94000244140625,373.7900085449219,370.6199951171875,373.0799865722656,35663400
2023-11-09,364.2457275390625,370.07000732421875,374.79998779296875,369.57000732421875,373.6400146484375,53859400
2023-11-10,372.4348449707031,378.3900146484375,378.5400085449219,371.2799987792969,371.82000732421875,58309800
2023-11-13,371.2733154296875,377.2099914550781,378.2799987792969,375.239990234375,376.7900085449219,40733500
2023-11-14,379.2654724121094,385.3299865722656,386.260009765625,383.17999267578125,383.7099914550781,67792600
2023-11-15,379.5509338378906,385.6199951171875,387.75,384.239990234375,387.25,54141400
2023-11-16,379.87579345703125,385.95001220703125,386.19000244140625,383.55999755859375,384.8399963378906,45343500
2023-11-17,379.96435546875,386.0400085449219,387.07000732421875,384.2900085449219,385.2099914550781,46571900
2023-11-20,384.5903625488281,390.739990234375,391.4100036621094,386.04998779296875,386.04998779296875,44429600
2023-11-21,382.3560791015625,388.4700012207031,389.2300109863281,386.70001220703125,389.010009765625,43337000
2023-11-22,383.9210510253906,390.05999755859375,393.07000732421875,389.0400085449219,390.57000732421875,44121000
2023-11-24,383.37969970703125,389.510009765625,390.25,388.5,389.6499938964844,15718800
2023-11-27,383.04510498046875,389.1700134277344,391.1499938964844,388.2799987792969,389.010009765625,34139700
2023-11-28,384.04901123046875,390.19000244140625,390.7799987792969,388.04998779296875,388.4100036621094,35491100
2023-11-29,383.6750183105469,389.80999755859375,394.1400146484375,389.4599914550781,392.69000244140625,38811700
2023-11-30,382.71038818359375,388.8299865722656,390.54998779296875,385.82000732421875,390.0799865722656,52834400
2023-12-01,383.802978515625,389.94000244140625,390.5400085449219,386.07000732421875,387.75,40490100
2023-12-04,380.2399597167969,386.32000732421875,386.6000061035156,382.6600036621094,386.0899963378906,51186900
2023-12-05,381.1947021484375,387.2900085449219,388.5,384.2099914550781,384.3900146484375,42933000
2023-12-06,378.9899597167969,385.04998779296875,390.3699951171875,384.70001220703125,390.2699890136719,41994100
2023-12-07,384.28521728515625,390.42999267578125,391.2699890136719,386.9599914550781,388.07000732421875,49593500
2023-12-08,385.9978942871094,392.1700134277344,392.6199951171875,388.4800109863281,388.6700134277344,46687500
2023-12-11,389.2951354980469,395.5199890136719,395.7900085449219,391.5299987792969,391.739990234375,41198000
2023-12-12,392.3956298828125,398.6700134277344,398.7900085449219,394.4100036621094,395.55999755859375,39221200
2023-12-13,397.3857727050781,403.739990234375,404.3599853515625,398.8399963378906,399.6199951171875,55408100
2023-12-14,397.041259765625,403.3900146484375,406.29998779296875,400.3399963378906,404.9800109863281,55447800
2023-12-15,398.9606628417969,405.3399963378906,406.5400085449219,403.57000732421875,404.17999267578125,62896600
2023-12-18,401.4735107421875,407.0799865722656,407.989990234375,404.6000061035156,404.92999267578125,46610000
2023-12-19,403.5248107910156,409.1600036621094,409.2799987792969,407.3500061035156,407.5400085449219,35711900
2023-12-20,397.528564453125,403.0799865722656,410.4700012207031,402.8999938964844,408.3500061035156,54042400
2023-12-21,402.1540222167969,407.7699890136719,408.1400146484375,404.4700012207031,407.05999755859375,45568900
2023-12-22,402.755615234375,408.3800048828125,409.9700012207031,406.4800109863281,409.0,34314000
2023-12-26,405.2212219238281,410.8800048828125,411.55999755859375,409.1499938964844,409.25,22722500
2023-12-27,406.0461120605469,411.5,411.7900085449219,410.0799865722656,410.95001220703125,31980500
2023-12-28,405.84869384765625,411.29998779296875,412.9200134277344,410.94000244140625,412.6700134277344,27029200
2023-12-29,404.0923156738281,409.5199890136719,411.6400146484375,407.5799865722656,411.2799987792969,42662100
2024-01-02,397.254150390625,402.5899963378906,406.0899963378906,400.239990234375,405.8399963378906,58026900
2024-01-03,393.0506286621094,398.3299865722656,401.0,397.8900146484375,399.92999267578125,47002800
2024-01-04,391.02783203125,396.2799987792969,399.5899963378906,396.05999755859375,396.44000244140625,39432800
2024-01-05,391.4916076660156,396.75,399.55999755859375,395.3399963378906,396.45001220703125,44922800
2024-01-08,399.58294677734375,404.95001220703125,405.239990234375,397.8399963378906,397.989990234375,42473800
2024-01-09,400.372314453125,405.75,406.69000244140625,401.7099914550781,401.9100036621094,39132900
2024-01-10,403.0858154296875,408.5,409.5199890136719,405.1700134277344,406.07000732421875,33962800
2024-01-11,403.9245910644531,409.3500061035156,411.20001220703125,404.239990234375,409.7900085449219,54536200
2024-01-12,404.1318359375,409.55999755859375,411.25,408.1499938964844,410.3999938964844,39595000
2024-01-16,404.0923156738281,409.5199890136719,411.1199951171875,406.8299865722656,408.30999755859375,43903000
2024-01-17,401.8129577636719,407.2099914550781,407.5899963378906,402.9200134277344,406.1700134277344,54386000
2024-01-18,407.5163269042969,412.989990234375,413.5799865722656,409.1600036621094,410.5199890136719,59562500
2024-01-19,415.5977783203125,421.17999267578125,421.3399963378906,414.6300048828125,415.2200012207031,70325100
2024-01-22,416.1405029296875,421.7300109863281,424.7300109863281,421.1199951171875,423.4100036621094,44880600
2024-01-23,417.8673400878906,423.4800109863281,423.70001220703125,420.57000732421875,422.42999267578125,33003800
2024-01-24,420.1861572265625,425.8299865722656,429.8500061035156,425.3299865722656,427.44000244140625,46948000
2024-01-25,420.6993103027344,426.3500061035156,429.0400085449219,423.9800109863281,428.3599853515625,44367200
2024-01-26,418.1929016113281,423.80999755859375,426.2099914550781,423.1499938964844,424.44000244140625,37137000
2024-01-29,422.47540283203125,428.1499938964844,428.3500061035156,423.6099853515625,424.2699890136719,38694700
2024-01-30,419.6632080078125,425.29998779296875,427.67999267578125,424.3800048828125,427.1000061035156,36739000
2024-01-31,411.443603515625,416.9700012207031,422.8699951171875,416.7900085449219,420.8500061035156,64010600
2024-02-01,416.2885437011719,421.8800048828125,422.3800048828125,417.80999755859375,418.7900085449219,51008600
2024-02-02,423.3240661621094,429.010009765625,430.239990234375,422.7900085449219,423.79998779296875,59602400
2024-02-05,422.77142333984375,428.45001220703125,429.6099853515625,425.0,429.07000732421875,39889200
2024-02-06,421.9228515625,427.5899963378906,430.2200012207031,425.2200012207031,429.6099853515625,35846100
2024-02-07,426.2644958496094,431.989990234375,432.8299865722656,429.0899963378906,430.4100036621094,37712700
2024-02-08,427.0539245605469,432.7900085449219,433.55999755859375,431.4200134277344,432.1099853515625,29889900
2024-02-09,431.2574768066406,437.04998779296875,437.8500061035156,433.1400146484375,433.94000244140625,36943900
2024-02-12,429.57012939453125,435.3399963378906,439.1400146484375,434.6499938964844,436.94000244140625,33203300
2024-02-13,422.8701171875,428.54998779296875,431.2699890136719,425.3299865722656,427.2799987792969,64491700
2024-02-14,427.47821044921875,433.2200012207031,433.6499938964844,428.8800048828125,431.260009765625,45092700
2024-02-15,428.75115966796875,434.510009765625,434.9800109863281,431.3299865722656,433.9200134277344,38796100
2024-02-16,424.8633728027344,430.57000732421875,434.989990234375,429.8500061035156,434.8900146484375,53716500
2024-02-20,421.6564636230469,427.32000732421875,430.0799865722656,423.5,428.54998779296875,53999500
2024-02-21,419.9690856933594,425.6099853515625,425.70001220703125,421.6300048828125,424.54998779296875,49779000
2024-02-22,432.26397705078125,438.07000732421875,439.1199951171875,433.7099914550781,434.489990234375,53887800
2024-02-23,430.9910888671875,436.7799987792969,440.5899963378906,435.7900085449219,439.6499938964844,39853900
2024-02-26,430.76409912109375,436.54998779296875,438.6000061035156,436.3599853515625,437.6000061035156,33043200
2024-02-27,431.8001708984375,437.6000061035156,437.989990234375,435.0299987792969,437.6700134277344,33713200
2024-02-28,429.5010681152344,435.2699890136719,436.6700134277344,434.29998779296875,435.42999267578125,32938800
2024-02-29,433.1816101074219,439.0,440.0899963378906,435.0199890136719,438.2300109863281,42495200
2024-03-01,439.7039489746094,445.6099853515625,446.5799865722656,439.8399963378906,439.8999938964844,43853000
2024-03-04,438.1350402832031,444.0199890136719,446.0400085449219,443.7699890136719,445.6099853515625,34325700
2024-03-05,430.27069091796875,436.04998779296875,440.95001220703125,433.6499938964844,440.94000244140625,57917100
2024-03-06,432.9744567871094,438.7900085449219,441.989990234375,436.8900146484375,440.32000732421875,46234500
2024-03-07,439.5461730957031,445.45001220703125,446.7200012207031,440.8599853515625,442.4200134277344,44526700
2024-03-08,433.2013244628906,439.0199890136719,448.6400146484375,438.3399963378906,445.80999755859375,72096000
2024-03-11,431.5929870605469,437.3900146484375,438.6600036621094,435.44000244140625,437.510009765625,45860000
2024-03-12,437.7798767089844,443.6600036621094,444.0199890136719,436.4599914550781,439.7300109863281,55300900
2024-03-13,434.4150695800781,440.25,442.6700134277344,439.1199951171875,442.6499938964844,37928700
2024-03-14,433.31982421875,439.1400146484375,442.0299987792969,436.3900146484375,441.5,52195200
2024-03-15,428.1689453125,433.9200134277344,438.8699951171875,432.739990234375,436.07000732421875,73069800
2024-03-18,432.25262451171875,437.4800109863281,441.0400085449219,437.239990234375,438.7300109863281,47323800
2024-03-19,433.3295593261719,438.57000732421875,438.9800109863281,433.3299865722656,435.45001220703125,43004100
2024-03-20,438.4674377441406,443.7699890136719,444.1099853515625,438.05999755859375,439.7799987792969,43653500
2024-03-21,440.5423278808594,445.8699951171875,449.3399963378906,445.6700134277344,448.8800048828125,39345700
2024-03-22,441.0462646484375,446.3800048828125,447.489990234375,444.489990234375,445.3500061035156,28253900
2024-03-25,439.4455871582031,444.760009765625,446.260009765625,442.5400085449219,443.54998779296875,27789200
2024-03-26,438.0228271484375,443.32000732421875,447.2300109863281,443.0899963378906,446.29998779296875,34142000
2024-03-27,439.5146789550781,444.8299865722656,446.5400085449219,441.92999267578125,446.44000244140625,41359200
2024-03-28,438.7045593261719,444.010009765625,445.6400146484375,443.6499938964844,444.7799987792969,36839600
2024-04-01,439.63330078125,444.95001220703125,447.5299987792969,443.0199890136719,444.9700012207031,38729000
2024-04-02,435.8392028808594,441.1099853515625,441.42999267578125,438.0299987792969,440.0799865722656,44259700
2024-04-03,436.8174133300781,442.1000061035156,444.0,438.95001220703125,438.9599914550781,39949800
2024-04-04,430.1381530761719,435.3399963378906,446.95001220703125,435.1099853515625,446.3299865722656,57267700
2024-04-05,435.20684814453125,440.4700012207031,443.1700134277344,435.9599914550781,436.7799987792969,54744600
2024-04-08,435.33526611328125,440.6000061035156,442.5,439.20001220703125,441.4100036621094,28144900
2024-04-09,436.94580078125,442.2300109863281,443.239990234375,437.44000244140625,442.9599914550781,39443600
2024-04-10,433.1319274902344,438.3699951171875,439.239990234375,436.2799987792969,437.0,61502200
2024-04-11,440.04827880859375,445.3699951171875,446.3299865722656,437.9599914550781,440.260009765625,45474600
2024-04-12,433.0331726074219,438.2699890136719,442.239990234375,436.8800048828125,441.1000061035156,53665000
2024-04-15,425.9093322753906,431.05999755859375,442.1499938964844,430.2099914550781,442.05999755859375,63453600
2024-04-16,425.9488525390625,431.1000061035156,433.760009765625,429.70001220703125,430.8999938964844,47619000
2024-04-17,420.7516784667969,425.8399963378906,433.1199951171875,424.8999938964844,433.1000061035156,56880500
2024-04-18,418.3506774902344,423.4100036621094,428.239990234375,422.8299865722656,426.489990234375,46549400
2024-04-19,409.6953125,414.6499938964844,422.75,413.07000732421875,422.2200012207031,75231000
2024-04-22,413.8155517578125,418.82000732421875,421.17999267578125,413.94000244140625,417.30999755859375,47807700
2024-04-23,419.9908447265625,425.07000732421875,426.2799987792969,418.8699951171875,420.7699890136719,44384700
2024-04-24,421.4136962890625,426.510009765625,429.7300109863281,424.20001220703125,428.20001220703125,48440300
2024-04-25,419.3782958984375,424.45001220703125,425.32000732421875,418.1400146484375,419.239990234375,57392200
2024-04-26,425.8499755859375,431.0,432.54998779296875,426.9200134277344,427.6199951171875,41874900
2024-04-29,427.5790710449219,432.75,433.760009765625,429.9800109863281,433.1300048828125,30022200
2024-04-30,419.5165710449219,424.5899963378906,432.55999755859375,424.510009765625,431.1499938964844,43665900
2024-05-01,416.48321533203125,421.5199890136719,430.1400146484375,420.6600036621094,423.1499938964844,52251700
2024-05-02,421.7990417480469,426.8999938964844,427.80999755859375,420.6300048828125,425.29998779296875,36559000
2024-05-03,430.2764587402344,435.4800109863281,436.4800109863281,432.6199951171875,434.44000244140625,48515300
2024-05-06,434.9894714355469,440.25,440.3399963378906,436.5199890136719,437.29998779296875,30227200
2024-05-07,435.05865478515625,440.32000732421875,441.9700012207031,439.5799865722656,440.70001220703125,30996100
2024-05-08,434.8017883300781,440.05999755859375,441.4800109863281,437.54998779296875,437.6700134277344,24896700
2024-05-09,435.7502136230469,441.0199890136719,441.6000061035156,438.4599914550781,440.3299865722656,24580100
2024-05-10,436.77783203125,442.05999755859375,444.30999755859375,440.5,442.5400085449219,27116600
2024-05-13,437.78564453125,443.0799865722656,444.0899963378906,441.6499938964844,443.989990234375,22994200
2024-05-14,440.6016540527344,445.92999267578125,446.4700012207031,442.4599914550781,442.6499938964844,34478300
2024-05-15,447.48828125,452.8999938964844,453.1499938964844,446.8999938964844,448.42999267578125,41464700
2024-05-16,446.579345703125,451.9800109863281,454.69000244140625,451.80999755859375,452.7099914550781,34780400
2024-05-17,446.3619689941406,451.760009765625,452.7200012207031,449.5400085449219,452.1099853515625,35803700
2024-05-20,449.47430419921875,454.9100036621094,455.5799865722656,451.7900085449219,451.9800109863281,24474200
2024-05-21,450.3536376953125,455.79998779296875,455.989990234375,452.8399963378906,453.0400085449219,23167700
2024-05-22,450.2647705078125,455.7099914550781,456.82000732421875,453.0799865722656,456.05999755859375,25120000
2024-05-23,448.2392578125,453.6600036621094,460.5799865722656,451.8500061035156,460.54998779296875,40899200
2024-05-24,452.47802734375,457.95001220703125,459.2300109863281,453.57000732421875,455.2900085449219,29669500
2024-05-28,454.1872863769531,459.67999267578125,459.739990234375,456.69000244140625,459.17999267578125,26216800
2024-05-29,450.9859924316406,456.44000244140625,458.239990234375,455.3399963378906,455.4800109863281,29739200
2024-05-30,446.15447998046875,451.54998779296875,455.6400146484375,450.2099914550781,455.5,30536800
2024-05-31,445.3244934082031,450.7099914550781,452.4800109863281,443.05999755859375,451.7799987792969,55941300
2024-06-03,447.7156066894531,453.1300048828125,455.5799865722656,447.8999938964844,454.57000732421875,32997500
2024-06-04,448.9407653808594,454.3699951171875,455.5799865722656,451.1300048828125,452.8699951171875,23767400
2024-06-05,457.99127197265625,463.5299987792969,463.6099853515625,454.4100036621094,457.9800109863281,33817400
2024-06-06,457.8332214355469,463.3699951171875,464.5400085449219,462.19000244140625,464.2200012207031,21966800
2024-06-07,457.4281311035156,462.9599914550781,465.739990234375,461.8399963378906,463.0,25829700
2024-06-10,459.2757873535156,464.8299865722656,465.19000244140625,461.5299987792969,461.82000732421875,20660800
2024-06-11,462.42767333984375,468.0199890136719,468.1400146484375,462.0299987792969,463.5400085449219,22053300
2024-06-12,468.4844055175781,474.1499938964844,476.5,471.2900085449219,471.989990234375,34532600
2024-06-13,471.02374267578125,476.7200012207031,478.3900146484375,474.4200134277344,477.7200012207031,25859000
2024-06-14,473.4642028808594,479.19000244140625,479.260009765625,476.04998779296875,476.5199890136719,23372600
2024-06-17,479.2640686035156,485.05999755859375,486.8599853515625,478.1400146484375,479.4599914550781,37054500
2024-06-18,479.4122619628906,485.2099914550781,485.8999938964844,483.42999267578125,485.010009765625,24438600
2024-06-20,475.7169189453125,481.4700012207031,486.8399963378906,479.6199951171875,486.4200134277344,33918700
2024-06-21,474.4423522949219,480.17999267578125,482.5400085449219,478.6700134277344,481.19000244140625,37456800
2024-06-24,469.0409851074219,473.9599914550781,479.92999267578125,473.82000732421875,478.17999267578125,37751000
2024-06-25,474.40478515625,479.3800048828125,479.67999267578125,475.1199951171875,476.07000732421875,29014700
2024-06-26,475.3844909667969,480.3699951171875,480.9200134277344,478.1300048828125,478.54998779296875,22737100
2024-06-27,476.611572265625,481.6099853515625,483.1000061035156,479.29998779296875,480.1199951171875,26222100
2024-06-28,474.1375427246094,479.1099853515625,487.20001220703125,478.4599914550781,482.4100036621094,34881600
2024-07-01,476.91839599609375,481.9200134277344,482.489990234375,476.260009765625,480.0400085449219,24898300
2024-07-02,481.9259033203125,486.9800109863281,487.0400085449219,480.2799987792969,480.4100036621094,26723600
2024-07-03,485.9437255859375,491.0400085449219,491.1700134277344,486.2200012207031,486.2200012207031,18064900
2024-07-05,491.0105895996094,496.1600036621094,496.6000061035156,491.5899963378906,491.8900146484375,28495900
2024-07-08,492.1783752441406,497.3399963378906,497.8999938964844,495.5,496.5299987792969,22109400
2024-07-09,492.6039123535156,497.7699890136719,500.0,496.239990234375,498.8699951171875,25614500
2024-07-10,497.7400207519531,502.9599914550781,503.5199890136719,498.3900146484375,499.7099914550781,28046900
2024-07-11,486.8245544433594,491.92999267578125,503.2799987792969,490.7300109863281,503.07000732421875,49966600
2024-07-12,489.6845397949219,494.82000732421875,499.6199951171875,492.0400085449219,492.510009765625,37109400
2024-07-15,491.0007019042969,496.1499938964844,501.010009765625,494.0899963378906,496.6099853515625,31151400
2024-07-16,491.188720703125,496.3399963378906,498.44000244140625,493.1499938964844,497.6199951171875,25950600
2024-07-17,476.7699279785156,481.7699890136719,488.79998779296875,481.70001220703125,488.2799987792969,56268800
2024-07-18,474.51361083984375,479.489990234375,485.7099914550781,476.2699890136719,485.5299987792969,49347400
2024-07-19,470.3077087402344,475.239990234375,481.69000244140625,473.94000244140625,479.1499938964844,42042900
2024-07-22,477.3142395019531,482.32000732421875,483.3500061035156,477.7099914550781,481.1600036621094,40300000
2024-07-23,475.6318664550781,480.6199951171875,484.42999267578125,480.1400146484375,481.4100036621094,23282500
2024-07-24,458.5708312988281,463.3800048828125,474.19000244140625,462.510009765625,473.82000732421875,58818600
2024-07-25,453.5138854980469,458.2699890136719,467.94000244140625,455.6300048828125,463.7200012207031,59256800
2024-07-26,458.1650695800781,462.9700012207031,465.92999267578125,459.7699890136719,462.6499938964844,39992100
2024-07-29,459.08538818359375,463.8999938964844,467.9100036621094,461.6199951171875,465.7099914550781,28218500
2024-07-30,452.7815246582031,457.5299987792969,466.55999755859375,454.1499938964844,465.8500061035156,41317200
2024-07-31,466.1809997558594,471.07000732421875,472.7900085449219,466.4100036621094,467.8699951171875,44552100
2024-08-01,454.889404296875,459.6600036621094,475.54998779296875,455.9800109863281,471.760009765625,56653900
2024-08-02,444.0926513671875,448.75,453.57000732421875,444.4700012207031,450.8900146484375,66323200
2024-08-05,430.85150146484375,435.3699951171875,442.2900085449219,423.45001220703125,424.7099914550781,87483500
2024-08-06,434.9683837890625,439.5299987792969,447.07000732421875,434.55999755859375,437.2300109863281,63164400
2024-08-07,430.25775146484375,434.7699890136719,449.0,434.3699951171875,446.489990234375,54929200
2024-08-08,443.4197082519531,448.07000732421875,448.989990234375,437.1499938964844,441.05999755859375,47890100
2024-08-09,445.73541259765625,450.4100036621094,452.05999755859375,445.6099853515625,446.739990234375,33574000
2024-08-12,446.69537353515625,451.3800048828125,454.3699951171875,448.54998779296875,451.3900146484375,27795000
2024-08-13,457.779052734375,462.5799865722656,462.8500061035156,455.67999267578125,455.82000732421875,40084500
2024-08-14,457.92755126953125,462.7300109863281,465.1099853515625,458.3999938964844,463.510009765625,34733700
2024-08-15,469.4962463378906,474.4200134277344,474.82000732421875,468.3800048828125,468.760009765625,38280600
2024-08-16,470.0998840332031,475.0299987792969,476.4100036621094,471.6499938964844,472.6199951171875,38383600
2024-08-19,476.275146484375,481.2699890136719,481.30999755859375,473.3699951171875,475.1700134277344,23737700
2024-08-20,475.275634765625,480.260009765625,482.94000244140625,478.54998779296875,480.3500061035156,29209300
2024-08-21,477.49237060546875,482.5,484.3699951171875,479.32000732421875,481.04998779296875,25658800
2024-08-22,469.92181396484375,474.8500061035156,485.5400085449219,473.80999755859375,484.8399963378906,37739600
2024-08-23,475.0183410644531,480.0,482.739990234375,475.2799987792969,479.239990234375,36061500
2024-08-26,470.40667724609375,475.3399963378906,480.3800048828125,473.239990234375,479.45001220703125,27452600
2024-08-27,471.8119201660156,476.760009765625,477.8399963378906,471.7099914550781,473.69000244140625,27510000
2024-08-28,466.4580993652344,471.3500061035156,477.0199890136719,467.8900146484375,476.2900085449219,37372400
2024-08-29,465.7752685546875,470.6600036621094,477.92999267578125,469.3699951171875,473.2799987792969,41081500
2024-08-30,471.3270263671875,476.2699890136719,476.8999938964844,470.510009765625,475.0400085449219,33466500
2024-09-03,457.0170593261719,461.80999755859375,473.3299865722656,459.4100036621094,473.20001220703125,44985200
2024-09-04,455.82952880859375,460.6099853515625,464.45001220703125,457.7300109863281,458.6700134277344,32505100
2024-09-05,456.255126953125,461.0400085449219,465.3599853515625,457.94000244140625,458.9700012207031,34452400
2024-09-06,444.0332946777344,448.69000244140625,461.2200012207031,448.19000244140625,460.3299865722656,50624400
2024-09-09,449.74334716796875,454.4599914550781,455.4599914550781,449.82000732421875,453.05999755859375,32981200
2024-09-10,453.8998107910156,458.6600036621094,459.1700134277344,452.2300109863281,456.239990234375,29680300
2024-09-11,463.7564392089844,468.6199951171875,469.3699951171875,451.2799987792969,459.9100036621094,57843000
2024-09-12,468.3086853027344,473.2200012207031,474.0400085449219,466.8500061035156,468.6499938964844,40067800
2024-09-13,470.40667724609375,475.3399963378906,476.5299987792969,472.25,472.4800109863281,29111800
2024-09-16,468.3284606933594,473.239990234375,473.8599853515625,469.8900146484375,473.19000244140625,22585600
2024-09-17,468.57586669921875,473.489990234375,477.6000061035156,470.9700012207031,476.2900085449219,30084400
2024-09-18,466.5471496582031,471.44000244140625,478.8299865722656,470.8299865722656,474.70001220703125,39909200
2024-09-19,478.34344482421875,483.3599853515625,486.2300109863281,480.489990234375,482.6099853515625,52782500
2024-09-20,477.4330139160156,482.44000244140625,483.69000244140625,478.29998779296875,482.489990234375,34577700
2024-09-23,478.6985168457031,483.0400085449219,484.1400146484375,481.6000061035156,482.95001220703125,24843000
2024-09-24,481.007568359375,485.3699951171875,486.3299865722656,480.1700134277344,484.4599914550781,25952600
2024-09-25,481.45355224609375,485.82000732421875,487.7900085449219,484.55999755859375,484.739990234375,26549900
2024-09-26,485.0707092285156,489.4700012207031,493.70001220703125,485.79998779296875,493.3699951171875,32020200
2024-09-27,482.37518310546875,486.75,490.6400146484375,485.55999755859375,490.5,22851100
2024-09-30,483.6833190917969,488.07000732421875,488.4100036621094,482.9200134277344,485.7799987792969,30281100
2024-10-01,476.9444274902344,481.2699890136719,488.0,477.3999938964844,487.70001220703125,42735400
2024-10-02,477.6183166503906,481.95001220703125,483.8800048828125,477.7200012207031,480.3599853515625,23744000
2024-10-03,477.26153564453125,481.5899963378906,484.54998779296875,478.989990234375,479.739990234375,25337200
2024-10-04,482.9400634765625,487.32000732421875,487.8800048828125,482.3900146484375,487.45001220703125,30686600
2024-10-07,477.7669982910156,482.1000061035156,486.57000732421875,480.8699951171875,485.3900146484375,24975100
2024-10-08,484.9021911621094,489.29998779296875,489.989990234375,483.8500061035156,484.6600036621094,28272000
2024-10-09,488.7176208496094,493.1499938964844,493.7300109863281,487.95001220703125,489.0,24995000
2024-10-10,488.16265869140625,492.5899963378906,494.4700012207031,489.5299987792969,490.8500061035156,25750400
2024-10-11,488.92578125,493.3599853515625,494.3900146484375,490.1700134277344,490.739990234375,20644500
2024-10-14,493.0285339355469,497.5,498.8299865722656,495.260009765625,495.7699890136719,26060100
2024-10-15,486.4383544921875,490.8500061035156,498.5,488.67999267578125,497.8299865722656,34784500
2024-10-16,486.497802734375,490.9100036621094,491.69000244140625,487.57000732421875,491.17999267578125,22996800
2024-10-17,486.8346862792969,491.25,496.489990234375,491.19000244140625,496.44000244140625,27210700
2024-10-18,490.02581787109375,494.4700012207031,495.57000732421875,493.29998779296875,494.05999755859375,25335000
2024-10-21,490.9672546386719,495.4200134277344,496.2300109863281,491.30999755859375,493.25,30336500
2024-10-22,491.50244140625,495.9599914550781,497.45001220703125,491.9700012207031,492.7300109863281,26685800
2024-10-23,483.970703125,488.3599853515625,494.25,485.04998779296875,493.5899963378906,39346600
2024-10-24,487.8951416015625,492.32000732421875,493.0,489.44000244140625,492.1099853515625,22024900
2024-10-25,490.8681335449219,495.32000732421875,500.2799987792969,494.42999267578125,495.1400146484375,38762100
2024-10-28,490.94744873046875,495.3999938964844,498.5199890136719,495.1000061035156,498.4599914550781,20477800
2024-10-29,495.6646423339844,500.1600036621094,501.3500061035156,493.8500061035156,495.7200012207031,28014100
2024-10-30,491.91864013671875,496.3800048828125,500.3500061035156,495.8900146484375,499.3900146484375,29756000
2024-10-31,479.50128173828125,483.8500061035156,492.42999267578125,483.75,492.3800048828125,41245200
2024-11-01,483.0490417480469,487.42999267578125,490.75,485.20001220703125,485.5,33655800
2024-11-04,481.641845703125,486.010009765625,489.3800048828125,484.25,486.82000732421875,23291600
2024-11-05,487.7861022949219,492.2099914550781,492.8800048828125,487.5199890136719,487.6099853515625,24353600
2024-11-06,501.03594970703125,505.5799865722656,506.4100036621094,499.6000061035156,500.55999755859375,43082200
2024-11-07,508.92431640625,513.5399780273438,514.3300170898438,508.3399963378906,508.3999938964844,32853100
2024-11-08,509.5190124511719,514.1400146484375,514.9199829101562,512.4099731445312,513.0399780273438,22924500
2024-11-11,509.22174072265625,513.8400268554688,515.5800170898438,510.9200134277344,515.3699951171875,24167500
2024-11-12,508.3000183105469,512.9099731445312,514.6599731445312,509.8299865722656,513.77001953125,25835300
2024-11-13,507.64599609375,512.25,514.97998046875,509.95001220703125,512.4000244140625,24567400
2024-11-14,504.11798095703125,508.69000244140625,512.7899780273438,507.7699890136719,511.9100036621094,28679500
2024-11-15,492.1069030761719,496.57000732421875,503.3299865722656,494.489990234375,502.94000244140625,51461100
2024-11-18,495.52587890625,500.0199890136719,502.1400146484375,496.7300109863281,498.1300048828125,27080800
2024-11-19,498.9349670410156,503.4599914550781,503.95001220703125,497.0799865722656,497.4200134277344,24523000
2024-11-20,498.6475830078125,503.1700134277344,503.4800109863281,496.55999755859375,503.1600036621094,29565500
2024-11-21,500.4413146972656,504.9800109863281,506.9599914550781,497.55999755859375,506.239990234375,34526700
2024-11-22,501.2440490722656,505.7900085449219,506.5299987792969,502.7799987792969,504.4200134277344,23826600
2024-11-25,502.036865234375,506.5899963378906,511.45001220703125,504.260009765625,509.8999938964844,26375200
2024-11-26,504.73236083984375,509.30999755859375,510.1400146484375,507.2300109863281,508.0799865722656,26557100
2024-11-27,500.7584228515625,505.29998779296875,508.239990234375,501.92999267578125,508.1700134277344,24957400
2024-11-29,505.1585693359375,509.739990234375,510.3399963378906,505.30999755859375,505.92999267578125,15334000
2024-12-02,510.6585388183594,515.2899780273438,516.260009765625,510.6199951171875,511.010009765625,25147200
2024-12-03,512.2244262695312,516.8699951171875,517.1500244140625,513.3699951171875,513.9500122070312,18597900
2024-12-04,518.5570678710938,523.260009765625,523.52001953125,519.5999755859375,520.3200073242188,26086200
2024-12-05,517.1199951171875,521.8099975585938,524.0399780273438,521.4199829101562,523.3099975585938,18169600
2024-12-06,521.7481689453125,526.47998046875,526.719970703125,522.3499755859375,522.47998046875,23762600
2024-12-09,517.6849365234375,522.3800048828125,526.3499755859375,521.219970703125,525.5499877929688,20674400
2024-12-10,515.9208984375,520.5999755859375,525.3800048828125,519.1599731445312,523.6199951171875,24350000
2024-12-11,525.1571655273438,529.9199829101562,530.6099853515625,524.5900268554688,525.0,32168600
2024-12-12,521.767822265625,526.5,528.9600219726562,526.02001953125,527.6799926757812,23577500
2024-12-13,525.76171875,530.530029296875,533.1699829101562,527.2999877929688,530.4600219726562,28780400
2024-12-16,533.3330688476562,538.1699829101562,539.1500244140625,533.0,533.0800170898438,31979900
2024-12-17,530.9843139648438,535.7999877929688,537.47998046875,534.1300048828125,536.3599853515625,28579100
2024-12-18,511.8280029296875,516.469970703125,536.8800048828125,515.010009765625,535.1500244140625,54703200
2024-12-19,509.5487060546875,514.1699829101562,521.760009765625,513.8300170898438,521.1900024414062,46441800
2024-12-20,513.998291015625,518.6599731445312,524.8200073242188,509.2900085449219,510.44000244140625,60530000
2024-12-23,519.006103515625,522.8699951171875,523.25,516.1300048828125,519.5499877929688,29672800
2024-12-24,526.0437622070312,529.9600219726562,530.0499877929688,524.1900024414062,524.8300170898438,17558200
2024-12-26,525.6864013671875,529.5999755859375,531.239990234375,526.3099975585938,528.3200073242188,19090500
2024-12-27,518.6983642578125,522.5599975585938,526.4500122070312,517.8599853515625,526.010009765625,33839600
2024-12-30,511.7997131347656,515.6099853515625,519.3599853515625,511.8299865722656,515.510009765625,34584000
2024-12-31,507.45208740234375,511.2300109863281,517.6599731445312,510.260009765625,516.9000244140625,29117000
2025-01-02,506.4595031738281,510.2300109863281,516.6400146484375,505.7099914550781,514.2999877929688,36389800
2025-01-03,514.7478637695312,518.5800170898438,519.6500244140625,512.530029296875,513.3499755859375,29059500
2025-01-06,520.6637573242188,524.5399780273438,527.9199829101562,522.030029296875,524.02001953125,36109700
2025-01-07,511.3728942871094,515.1799926757812,525.989990234375,513.280029296875,525.5900268554688,36690300
2025-01-08,511.4623107910156,515.27001953125,516.9199829101562,510.57000732421875,515.0800170898438,30777800
2025-01-10,503.44195556640625,507.19000244140625,511.5799865722656,503.9200134277344,511.4800109863281,40532500
2025-01-13,501.82403564453125,505.55999755859375,506.0199890136719,499.70001220703125,501.20001220703125,31694200
2025-01-14,501.3475646972656,505.0799865722656,510.1600036621094,501.5899963378906,508.739990234375,33737200
2025-01-15,512.8816528320312,516.7000122070312,517.8499755859375,511.4599914550781,513.030029296875,34957600
2025-01-16,509.2884826660156,513.0800170898438,519.0599975585938,512.9500122070312,518.97998046875,28229000
2025-01-17,517.8844604492188,521.739990234375,524.0700073242188,513.1099853515625,522.8499755859375,51837900
2025-01-21,520.9218139648438,524.7999877929688,525.969970703125,520.0599975585938,524.47998046875,23628000
2025-01-22,527.5822143554688,531.510009765625,533.8200073242188,529.260009765625,529.5700073242188,33593000
2025-01-23,528.7039184570312,532.6400146484375,532.760009765625,528.4500122070312,529.0399780273438,23096600
2025-01-24,525.7161865234375,529.6300048828125,533.7899780273438,528.1500244140625,533.02001953125,19878300
2025-01-27,510.4101257324219,514.2100219726562,517.989990234375,510.1499938964844,511.0,60771700
2025-01-28,517.953857421875,521.8099975585938,523.0,511.7799987792969,515.219970703125,33194200
2025-01-29,516.9811401367188,520.8300170898438,522.5900268554688,516.9000244140625,522.4600219726562,26649000
2025-01-30,519.1846923828125,523.0499877929688,526.0999755859375,518.2100219726562,523.7100219726562,27431300
2025-01-31,518.4302978515625,522.2899780273438,531.52001953125,521.1900024414062,526.9199829101562,38755200
2025-02-03,514.28125,518.1099853515625,520.8499755859375,511.04998779296875,513.469970703125,40580800
2025-02-04,520.59423828125,524.469970703125,525.1099853515625,518.22998046875,518.6300048828125,26046800
2025-02-05,522.9566650390625,526.8499755859375,527.010009765625,520.6199951171875,521.8200073242188,21134100
2025-02-06,525.6864013671875,529.5999755859375,529.8099975585938,525.739990234375,527.3599853515625,19434500
2025-02-07,519.0556640625,522.9199829101562,532.0999755859375,522.1900024414062,530.1400146484375,29605500
2025-02-10,525.3389282226562,529.25,530.3599853515625,526.75,527.219970703125,20852800
2025-02-11,524.0882568359375,527.989990234375,529.9199829101562,525.8300170898438,525.9600219726562,19325500
2025-02-12,524.3958129882812,528.2999877929688,529.1900024414062,521.9500122070312,522.2999877929688,25009400
2025-02-13,531.9398193359375,535.9000244140625,536.219970703125,529.1900024414062,529.97998046875,28714800
2025-02-14,534.1731567382812,538.1500244140625,538.8400268554688,535.6699829101562,536.010009765625,17862600
2025-02-18,535.3840942382812,539.3699951171875,540.0,536.0399780273438,539.72998046875,20565000
2025-02-19,535.532958984375,539.52001953125,540.8099975585938,536.4600219726562,538.5700073242188,19666900
2025-02-20,533.2598876953125,537.22998046875,539.0999755859375,532.4600219726562,538.72998046875,26550800
2025-02-21,522.1923828125,526.0800170898438,538.4000244140625,525.7100219726562,538.3800048828125,47093800
2025-02-24,516.0282592773438,519.8699951171875,529.0700073242188,519.530029296875,527.8800048828125,39268400
2025-02-25,509.52667236328125,513.3200073242188,519.3200073242188,509.44000244140625,519.239990234375,48940000
2025-02-26,510.7574768066406,514.5599975585938,519.6599731445312,511.3699951171875,515.530029296875,34457600
2025-02-27,496.57305908203125,500.2699890136719,519.0700073242188,500.04998779296875,518.1300048828125,52448000
2025-02-28,504.4147033691406,508.1700134277344,508.7799987792969,496.92999267578125,500.1300048828125,47654000
2025-03-03,493.37689208984375,497.04998779296875,513.0399780273438,493.5799865722656,511.5199890136719,44587200
2025-03-04,491.887939453125,495.54998779296875,503.739990234375,487.739990234375,494.17999267578125,67875400
2025-03-05,498.3002624511719,502.010009765625,503.6300048828125,491.260009765625,496.20001220703125,46323700
2025-03-06,484.5923156738281,488.20001220703125,498.5799865722656,486.20001220703125,493.69000244140625,57574300
2025-03-07,488.15576171875,491.7900085449219,493.2799987792969,480.5299987792969,487.1600036621094,54714700
2025-03-10,469.23663330078125,472.7300109863281,483.9700012207031,468.6600036621094,483.45001220703125,76668000
2025-03-11,468.114990234375,471.6000061035156,478.80999755859375,467.010009765625,472.3500061035156,68760800
2025-03-12,473.3956604003906,476.9200134277344,481.05999755859375,471.7900085449219,479.1600036621094,46971100
2025-03-13,464.87908935546875,468.3399963378906,476.2799987792969,466.42999267578125,476.25,46563300
2025-03-14,476.11541748046875,479.6600036621094,480.55999755859375,473.1199951171875,473.7300109863281,43563000
2025-03-17,479.202392578125,482.7699890136719,485.8399963378906,477.79998779296875,479.6099853515625,41744400
2025-03-18,471.0332336425781,474.5400085449219,479.6099853515625,472.4100036621094,479.4100036621094,39072300
2025-03-19,477.33636474609375,480.8900146484375,485.3299865722656,474.8699951171875,476.80999755859375,40430300
2025-03-20,475.7183837890625,479.260009765625,484.54998779296875,476.17999267578125,476.8800048828125,36780500
2025-03-21,477.28668212890625,480.8399963378906,481.6099853515625,472.9100036621094,474.0799865722656,42234900
2025-03-24,487.76043701171875,490.6600036621094,491.510009765625,484.3999938964844,487.739990234375,34567200
2025-03-25,490.5438537597656,493.4599914550781,493.6199951171875,490.4200134277344,491.3900146484375,26035200
2025-03-26,481.5175476074219,484.3800048828125,493.1600036621094,482.82000732421875,492.29998779296875,34627100
2025-03-27,478.77386474609375,481.6199951171875,486.5799865722656,480.25,482.4100036621094,33469800
2025-03-28,466.16876220703125,468.94000244140625,480.5199890136719,468.04998779296875,479.80999755859375,46363800
2025-03-31,466.1488952636719,468.9200134277344,469.8599853515625,457.3299865722656,461.9200134277344,53000300
2025-04-01,469.90655517578125,472.70001220703125,473.6300048828125,464.4200134277344,467.29998779296875,41156200
2025-04-02,473.3361511230469,476.1499938964844,479.55999755859375,465.8599853515625,466.1199951171875,49894500
2025-04-03,447.9967956542969,450.6600036621094,460.07000732421875,450.1400146484375,456.44000244140625,70456300
2025-04-04,420.17218017578125,422.6700134277344,440.3699951171875,422.6700134277344,438.1400146484375,117088400
2025-04-07,421.1861572265625,423.69000244140625,443.1400146484375,402.3900146484375,408.6600036621094,161557000
2025-04-08,413.6012268066406,416.05999755859375,443.1400146484375,409.7900085449219,438.1600036621094,101248100
2025-04-09,463.24609375,466.0,467.8299865722656,415.42999267578125,415.57000732421875,142876900
2025-04-10,443.543212890625,446.17999267578125,455.5899963378906,432.6300048828125,453.55999755859375,108384100
2025-04-11,451.7146911621094,454.3999938964844,455.7900085449219,441.3299865722656,444.6499938964844,52483800
2025-04-14,454.7765197753906,457.4800109863281,465.04998779296875,452.6300048828125,464.4599914550781,43941200
2025-04-15,455.28350830078125,457.989990234375,462.3800048828125,456.1499938964844,458.5400085449219,35404200
2025-04-16,441.5550537109375,444.17999267578125,452.6199951171875,437.760009765625,449.0299987792969,48980600
2025-04-17,441.4755554199219,444.1000061035156,447.75,441.3599853515625,447.1700134277344,44837000
2025-04-21,430.55047607421875,433.1099853515625,439.0799865722656,427.92999267578125,438.2300109863281,44149300
2025-04-22,441.8533020019531,444.4800109863281,447.5799865722656,437.6199951171875,438.82000732421875,52304400
2025-04-23,451.8737487792969,454.55999755859375,463.3800048828125,452.8800048828125,458.1700134277344,55801100
2025-04-24,464.58819580078125,467.3500061035156,467.6600036621094,455.8299865722656,456.4800109863281,45956100
2025-04-25,469.7673645019531,472.55999755859375,473.0899963378906,465.3900146484375,466.9700012207031,38697100
2025-04-28,469.61822509765625,472.4100036621094,474.80999755859375,466.0299987792969,473.0299987792969,33550800
2025-04-29,472.7198486328125,475.5299987792969,476.4200134277344,469.5899963378906,470.1700134277344,30613100
2025-04-30,472.66015625,475.4700012207031,477.20001220703125,462.42999267578125,467.1300048828125,46810600
2025-05-01,478.83343505859375,481.67999267578125,487.17999267578125,480.739990234375,483.4100036621094,43316500
2025-05-02,485.9411926269531,488.8299865722656,490.9100036621094,484.8299865722656,486.5400085449219,39218100
2025-05-05,483.058349609375,485.92999267578125,489.0299987792969,484.1000061035156,484.6000061035156,28309500
2025-05-06,478.5650939941406,481.4100036621094,485.04998779296875,478.19000244140625,479.55999755859375,32786300
2025-05-07,480.44384765625,483.29998779296875,485.79998779296875,476.7799987792969,482.0799865722656,38006300
2025-05-08,485.4044494628906,488.2900085449219,492.70001220703125,484.1700134277344,488.5299987792969,39577600
2025-05-09,485.0863037109375,487.9700012207031,491.5400085449219,486.20001220703125,490.2099914550781,27767400
2025-05-12,504.84881591796875,507.8500061035156,507.8900146484375,501.4800109863281,506.989990234375,45090600
2025-05-13,512.5430908203125,515.5900268554688,517.3900146484375,508.4200134277344,509.1600036621094,53269600
2025-05-14,515.6148681640625,518.6799926757812,519.22998046875,515.75,516.77001953125,47014500
2025-05-15,516.1815185546875,519.25,521.9299926757812,515.1699829101562,516.52001953125,50153300
2025-05-16,518.4280395507812,521.510009765625,521.7000122070312,517.0999755859375,520.6599731445312,48394600
2025-05-19,518.9251708984375,522.010009765625,522.530029296875,514.239990234375,514.239990234375,52536200
2025-05-20,517.1954345703125,520.27001953125,520.9299926757812,516.6599731445312,519.469970703125,42517600
2025-05-21,510.0081481933594,513.0399780273438,523.0,511.239990234375,516.27001953125,71292800
2025-05-22,510.9625244140625,514.0,517.7100219726562,512.2999877929688,513.6599731445312,55607200
2025-05-23,506.2306213378906,509.239990234375,511.8399963378906,505.5799865722656,506.17999267578125,58368100
2025-05-27,518.1397705078125,521.219970703125,521.7100219726562,514.5900268554688,516.1500244140625,47226300
2025-05-28,515.8434448242188,518.9099731445312,523.6799926757812,518.3900146484375,522.1799926757812,46637200
2025-05-29,516.857421875,519.9299926757812,526.47998046875,517.3200073242188,526.3300170898438,58513300
2025-05-30,516.0422973632812,519.1099853515625,520.6799926757812,511.92999267578125,519.4400024414062,67662800
2025-06-02,520.1181030273438,523.2100219726562,523.4500122070312,515.969970703125,517.239990234375,44762800
2025-06-03,524.183837890625,527.2999877929688,528.739990234375,522.6900024414062,523.5599975585938,44070300
2025-06-04,525.6452026367188,528.77001953125,529.8400268554688,525.969970703125,528.010009765625,41359300
2025-06-05,521.688720703125,524.7899780273438,533.0499877929688,522.6599731445312,530.1799926757812,61031200
2025-06-06,526.7883911132812,529.9199829101562,531.7999877929688,528.2100219726562,530.0,42467000
2025-06-09,527.5638427734375,530.7000122070312,532.3499755859375,529.010009765625,530.1400146484375,33688700
2025-06-10,531.0531005859375,534.2100219726562,534.9000244140625,528.8900146484375,531.1699829101562,40664800
2025-06-11,529.2637329101562,532.4099731445312,536.780029296875,530.1099853515625,535.6199951171875,53701000
2025-06-12,530.5062866210938,533.6599731445312,534.6400146484375,530.8400268554688,531.0900268554688,34104900
2025-06-13,523.845947265625,526.9600219726562,531.8699951171875,525.72998046875,527.6799926757812,55814400
2025-06-16,531.132568359375,534.2899780273438,535.3699951171875,530.4500122070312,530.5,37622100
2025-06-17,525.953369140625,529.0800170898438,533.3300170898438,527.9099731445312,531.7100219726562,42180900
2025-06-18,525.8638305664062,528.989990234375,532.5499877929688,527.4000244140625,530.0999755859375,43983500
2025-06-20,523.7167358398438,526.8300170898438,533.5599975585938,524.8800048828125,532.260009765625,61643500
2025-06-23,529.1017456054688,531.6500244140625,532.1699829101562,523.6500244140625,526.8099975585938,50666100
2025-06-24,537.1927490234375,539.780029296875,540.7000122070312,536.27001953125,536.8900146484375,45442000
2025-06-25,538.5661010742188,541.1599731445312,543.3099975585938,539.3800048828125,542.0599975585938,44804200
2025-06-26,543.6018676757812,546.219970703125,546.6699829101562,541.52001953125,543.3499755859375,43811400
2025-06-27,545.4629516601562,548.0900268554688,549.989990234375,544.5399780273438,547.260009765625,57577100
2025-06-30,548.9959106445312,551.6400146484375,552.7999877929688,549.010009765625,551.260009765625,45548700
2025-07-01,544.3682250976562,546.989990234375,550.7100219726562,544.6599731445312,549.72998046875,56166700
2025-07-02,548.1599731445312,550.7999877929688,551.0,546.1199951171875,546.1599731445312,36538300
2025-07-03,553.553955078125,556.219970703125,557.2000122070312,553.1799926757812,553.1799926757812,26443500
2025-07-07,549.3840942382812,552.030029296875,554.3400268554688,549.5800170898438,553.52001953125,45349300
2025-07-08,549.6925659179688,552.3400268554688,554.010009765625,551.0999755859375,553.3800048828125,36153300
2025-07-09,553.5838012695312,556.25,557.6300048828125,553.0999755859375,554.47998046875,43045500
2025-07-10,552.7876586914062,555.4500122070312,557.2999877929688,552.75,556.8900146484375,34710900
2025-07-11,551.543701171875,554.2000122070312,555.7899780273438,552.0499877929688,553.2999877929688,39618600
2025-07-14,553.5440673828125,556.2100219726562,556.9500122070312,551.6300048828125,553.989990234375,36453300
2025-07-15,554.051513671875,556.719970703125,560.7999877929688,556.6599731445312,560.25,43277700
2025-07-16,554.6187744140625,557.2899780273438,560.2100219726562,551.5599975585938,557.280029296875,52314700
2025-07-17,559.1072387695312,561.7999877929688,562.3099975585938,557.2100219726562,558.02001953125,40423800
2025-07-18,558.56982421875,561.260009765625,564.72998046875,559.97998046875,563.1199951171875,50484700
2025-07-21,561.4658813476562,564.1699829101562,566.0599975585938,562.0599975585938,562.0900268554688,39595200
2025-07-22,558.559814453125,561.25,564.3499755859375,558.6099853515625,564.2999877929688,43270600
2025-07-23,561.1075439453125,563.8099975585938,563.8499755859375,559.5800170898438,562.3400268554688,40215300
2025-07-24,562.3018798828125,565.010009765625,566.239990234375,563.2899780273438,565.1300048828125,42275500
2025-07-25,563.6553344726562,566.3699951171875,567.7000122070312,564.27001953125,564.9299926757812,30630800
2025-07-28,565.4168090820312,568.1400146484375,569.0399780273438,566.8699951171875,567.739990234375,31498700
2025-07-29,564.541015625,567.260009765625,572.1099853515625,566.530029296875,570.760009765625,45463300
2025-07-30,565.2974853515625,568.02001953125,570.6199951171875,565.0499877929688,568.1799926757812,43433800
2025-07-31,562.3018798828125,565.010009765625,574.6300048828125,563.8699951171875,574.5399780273438,64613600
2025-08-01,551.2251586914062,553.8800048828125,559.02001953125,551.6799926757812,558.8300170898438,69400800
2025-08-04,561.3961791992188,564.0999755859375,564.3200073242188,558.9500122070312,559.0499877929688,47669800
2025-08-05,557.5845947265625,560.27001953125,566.5599975585938,559.72998046875,565.3900146484375,48666600
2025-08-06,564.6007690429688,567.3200073242188,567.760009765625,560.6300048828125,561.1099853515625,41823700
2025-08-07,566.5115966796875,569.239990234375,573.3200073242188,565.1099853515625,571.6699829101562,44463000
2025-08-08,571.7960815429688,574.5499877929688,574.77001953125,570.1500244140625,570.4500122070312,35255500
2025-08-11,570.104248046875,572.8499755859375,576.7999877929688,571.5700073242188,574.6900024414062,33112900
2025-08-12,577.2697143554688,580.0499877929688,580.3499755859375,572.489990234375,575.1599731445312,42143300
2025-08-13,577.5584106445312,580.3400268554688,583.3200073242188,578.9400024414062,582.760009765625,41209300
2025-08-14,577.110595703125,579.8900146484375,581.8800048828125,577.9099731445312,578.280029296875,45425000
2025-08-15,574.57275390625,577.3400268554688,579.8400268554688,575.5700073242188,579.7999877929688,49480200
2025-08-18,574.3438110351562,577.1099853515625,577.77001953125,575.239990234375,576.4400024414062,29831000
2025-08-19,566.5514526367188,569.280029296875,576.5599975585938,568.25,576.3900146484375,53752600
2025-08-20,563.1876220703125,565.9000244140625,568.4500122070312,558.8400268554688,568.3300170898438,76781100
2025-08-21,560.5802001953125,563.280029296875,566.489990234375,560.97998046875,564.3499755859375,46436900
2025-08-22,569.2284545898438,571.969970703125,573.989990234375,563.27001953125,564.6699829101562,51502100
2025-08-25,567.5863647460938,570.3200073242188,573.2899780273438,569.1599731445312,570.4000244140625,34044700
2025-08-26,569.8654174804688,572.6099853515625,572.9199829101562,568.7999877929688,569.8300170898438,34103000
2025-08-27,570.7411499023438,573.489990234375,574.4099731445312,570.3699951171875,571.5900268554688,36927100
2025-08-28,574.3140258789062,577.0800170898438,578.0,572.4600219726562,574.1099853515625,46787900
2025-08-29,567.6660766601562,570.4000244140625,575.030029296875,568.5399780273438,574.6599731445312,56030400
2025-09-02,562.9088745117188,565.6199951171875,565.969970703125,559.5399780273438,561.3099975585938,65876800
2025-09-03,567.3375854492188,570.0700073242188,571.7000122070312,566.72998046875,569.22998046875,54230200
2025-09-04,572.4728393554688,575.22998046875,575.5999755859375,569.030029296875,570.739990234375,47526300
2025-09-05,573.298828125,576.0599975585938,581.1199951171875,571.530029296875,580.489990234375,68342500
2025-09-08,576.0953979492188,578.8699951171875,580.8400268554688,577.77001953125,578.3699951171875,46371400
2025-09-09,577.7276000976562,580.510009765625,580.9400024414062,577.0399780273438,579.6699829101562,44007600
2025-09-10,577.9166259765625,580.7000122070312,583.77001953125,578.5499877929688,583.739990234375,49308000
2025-09-11,581.2804565429688,584.0800170898438,584.8800048828125,581.6199951171875,583.239990234375,44745800
2025-09-12,583.8480224609375,586.6599731445312,587.8599853515625,584.0999755859375,585.0399780273438,50745900
2025-09-15,588.843994140625,591.6799926757812,591.7899780273438,588.2899780273438,588.4400024414062,44360300
2025-09-16,588.3463134765625,591.1799926757812,592.8599853515625,590.489990234375,592.6099853515625,36942100
2025-09-17,587.1720581054688,590.0,591.75,584.3699951171875,591.0999755859375,69384800
2025-09-18,592.4666137695312,595.3200073242188,598.1400146484375,592.9600219726562,594.9099731445312,61069300
2025-09-19,596.4772338867188,599.3499755859375,600.0499877929688,595.8499755859375,597.3300170898438,58196100
2025-09-22,600.0083618164062,602.2000122070312,602.8699951171875,597.719970703125,597.739990234375,57154800
2025-09-23,596.0228881835938,598.2000122070312,602.5700073242188,596.97998046875,602.3699951171875,64635500
2025-09-24,593.9305419921875,596.0999755859375,599.9000244140625,593.3599853515625,599.5800170898438,49850300
2025-09-25,591.3699951171875,593.530029296875,595.1199951171875,588.5,592.2000122070312,70920200
2025-09-26,593.8009643554688,595.969970703125,596.2999877929688,591.0599975585938,594.3499755859375,54337400
2025-09-29,596.5509643554688,598.72998046875,602.0499877929688,597.4099731445312,599.1099853515625,48332900
2025-09-30,598.18505859375,600.3699951171875,600.7100219726562,596.0999755859375,598.4299926757812,46533800
2025-10-01,601.0545043945312,603.25,603.7899780273438,596.3400268554688,597.1699829101562,46899600
2025-10-02,603.5254516601562,605.72998046875,607.1599731445312,602.9299926757812,607.0599975585938,43765400
2025-10-03,600.9848022460938,603.1799926757812,607.3300170898438,601.3900146484375,606.510009765625,46482100
2025-10-06,605.498291015625,607.7100219726562,609.3599853515625,605.969970703125,608.4500122070312,41962100
2025-10-07,602.3099365234375,604.510009765625,609.7100219726562,603.030029296875,609.02001953125,58209500
2025-10-08,609.2147216796875,611.4400024414062,611.75,605.260009765625,605.4099731445312,50629800
2025-10-09,608.4774780273438,610.7000122070312,611.6099853515625,607.47998046875,611.47998046875,45551000
2025-10-10,587.3545532226562,589.5,613.1799926757812,589.0499877929688,611.4000244140625,97614800
2025-10-13,599.8190307617188,602.010009765625,602.9500122070312,597.22998046875,599.6799926757812,65872600
2025-10-14,595.8236694335938,598.0,602.6900024414062,590.1300048828125,595.3099975585938,69203200
2025-10-15,600.0283203125,602.219970703125,606.7000122070312,595.9299926757812,604.010009765625,62805500
2025-10-16,597.8064575195312,599.989990234375,608.3099975585938,595.5,605.1099853515625,70982000
2025-10-17,601.7320556640625,603.9299926757812,605.510009765625,596.3699951171875,597.9500122070312,72024900
2025-10-20,609.3143310546875,611.5399780273438,612.7999877929688,607.0700073242188,607.1400146484375,45761700
2025-10-21,609.1549682617188,611.3800048828125,612.719970703125,609.3200073242188,611.6400146484375,44538200
2025-10-22,603.286376953125,605.489990234375,611.4099731445312,599.739990234375,610.8200073242188,61478800
2025-10-23,608.3578491210938,610.5800170898438,611.3699951171875,604.52001953125,604.9099731445312,42844300
2025-10-24,614.8540649414062,617.0999755859375,618.4199829101562,615.1300048828125,615.989990234375,47632500
2025-10-27,625.80419921875,628.0900268554688,628.5499877929688,624.030029296875,624.52001953125,54098600
2025-10-28,630.6165161132812,632.9199829101562,634.6799926757812,629.25,630.3599853515625,61195700
2025-10-29,633.4561767578125,635.77001953125,637.010009765625,630.25,635.5900268554688,67422800
2025-10-30,623.7715454101562,626.0499877929688,633.5,625.9400024414062,632.1699829101562,61628600
2025-10-31,626.7805786132812,629.0700073242188,634.2000122070312,626.6900024414062,634.1699829101562,66305100
2025-11-03,629.7796020507812,632.0800170898438,635.8200073242188,629.8499755859375,635.1099853515625,37154300
2025-11-04,616.996337890625,619.25,626.9500122070312,618.4600219726562,623.280029296875,63830800
2025-11-05,621.0116577148438,623.280029296875,626.5999755859375,617.2100219726562,618.489990234375,48688500
2025-11-06,609.4439086914062,611.6699829101562,622.0399780273438,610.2999877929688,621.7899780273438,72115100
2025-11-07,607.5208740234375,609.739990234375,609.9500122070312,598.6699829101562,608.3099975585938,81835400
2025-11-10,620.9617919921875,623.22998046875,624.3099975585938,616.8900146484375,618.9199829101562,55919900
2025-11-11,619.307861328125,621.5700073242188,622.719970703125,617.52001953125,620.5700073242188,44868800
2025-11-12,618.8196411132812,621.0800170898438,624.8599853515625,617.8099975585938,624.8400268554688,47444400
2025-11-13,606.185791015625,608.4000244140625,618.1199951171875,606.0800170898438,617.5399780273438,71333600
2025-11-14,606.6441040039062,608.8599853515625,613.3499755859375,597.1699829101562,599.5499877929688,80087300
2025-11-17,601.4630737304688,603.6599731445312,612.47998046875,599.8699951171875,606.2999877929688,63850400
2025-11-18,594.1397705078125,596.3099975585938,602.3099975585938,591.3400268554688,599.6199951171875,83327300
2025-11-19,597.6868286132812,599.8699951171875,606.1599731445312,594.5900268554688,597.0700073242188,73111500
2025-11-20,583.5385131835938,585.6699829101562,614.030029296875,584.75,611.6199951171875,117743200
2025-11-21,587.9224853515625,590.0700073242188,596.97998046875,580.739990234375,587.469970703125,103344200
2025-11-24,602.9575805664062,605.1599731445312,606.6799926757812,595.1599731445312,595.280029296875,60168100
2025-11-25,606.674072265625,608.8900146484375,610.260009765625,597.3200073242188,603.510009765625,57560900
2025-11-26,612.034423828125,614.27001953125,616.1900024414062,610.3900146484375,612.510009765625,42393600
2025-11-28,616.996337890625,619.25,619.3200073242188,615.4199829101562,616.1099853515625,23034400
2025-12-01,614.923828125,617.1699829101562,619.4400024414062,612.52001953125,613.6300048828125,40957600
2025-12-02,619.7362670898438,622.0,623.75,617.5900268554688,619.4600219726562,54541800
2025-12-03,621.2507934570312,623.52001953125,624.219970703125,618.030029296875,619.6199951171875,47841600
2025-12-04,620.6728515625,622.9400024414062,624.9400024414062,619.5399780273438,624.9299926757812,47067800
2025-12-05,623.2036743164062,625.47998046875,628.9199829101562,623.7100219726562,624.3800048828125,53614200
2025-12-08,622.0079956054688,624.280029296875,628.8400268554688,621.6900024414062,627.2100219726562,43462400
2025-12-09,622.775146484375,625.0499877929688,625.8699951171875,621.0,623.010009765625,37156000
2025-12-10,625.3258666992188,627.6099853515625,629.2100219726562,620.989990234375,623.8499755859375,55031400
2025-12-11,623.3033447265625,625.5800170898438,625.780029296875,617.719970703125,623.8200073242188,58272800
2025-12-12,611.3867797851562,613.6199951171875,623.5399780273438,611.3599853515625,622.0800170898438,75158700
2025-12-15,608.3179931640625,610.5399780273438,618.4199829101562,609.3200073242188,618.3699951171875,49538200
2025-12-16,609.5235595703125,611.75,613.510009765625,606.9099731445312,608.260009765625,55152800
2025-12-17,598.224853515625,600.4099731445312,613.6500244140625,600.280029296875,613.0599975585938,70654300
2025-12-18,606.8931884765625,609.1099853515625,612.9299926757812,606.9199829101562,609.7999877929688,78875800
2025-12-19,614.8043212890625,617.0499877929688,617.6199951171875,611.8699951171875,611.9500122070312,60369800
2025-12-22,617.7513427734375,619.2100219726562,621.6500244140625,617.77001953125,621.3499755859375,43703100
2025-12-23,620.6444702148438,622.1099853515625,622.4099731445312,617.780029296875,618.2000122070312,41120400
2025-12-24,622.4602661132812,623.9299926757812,624.280029296875,621.719970703125,621.989990234375,18468700
2025-12-26,622.4202880859375,623.8900146484375,625.52001953125,623.1400146484375,624.6599731445312,28959800
2025-12-29,619.4074096679688,620.8699951171875,622.780029296875,618.72998046875,620.0999755859375,32458300
2025-12-30,617.9707641601562,619.4299926757812,622.1799926757812,619.219970703125,619.8400268554688,31226800
2025-12-31,612.8628540039062,614.3099975585938,619.9600219726562,614.0499877929688,619.6500244140625,40746500
2026-01-02,611.6757202148438,613.1199951171875,622.8499755859375,610.1500244140625,620.0599975585938,61859200
2026-01-05,616.5341796875,617.989990234375,620.8099975585938,616.719970703125,619.3200073242188,46828400
2026-01-06,621.951416015625,623.4199829101562,624.02001953125,618.5399780273438,619.22998046875,43137500
2026-01-07,622.550048828125,624.02001953125,627.9400024414062,622.5599975585938,623.0399780273438,44880300
2026-01-08,619.0083618164062,620.469970703125,623.4199829101562,617.7999877929688,623.030029296875,50435900
2026-01-09,625.173828125,626.6500244140625,627.8900146484375,619.0599975585938,621.4099731445312,49688700
2026-01-12,625.6925659179688,627.1699829101562,628.8499755859375,622.260009765625,622.3099975585938,37388700
2026-01-13,624.7647705078125,626.239990234375,629.469970703125,623.7000122070312,627.27001953125,44481400
2026-01-14,618.0905151367188,619.5499877929688,623.4500122070312,614.5599975585938,622.239990234375,72598700
2026-01-15,620.3153076171875,621.780029296875,630.0,620.75,626.5999755859375,53934900
2026-01-16,619.7965087890625,621.260009765625,626.0800170898438,618.8800048828125,625.5,61058100
2026-01-20,606.6276245117188,608.0599975585938,615.0599975585938,607.0499877929688,610.530029296875,81988900
2026-01-21,614.8282470703125,616.280029296875,620.4199829101562,607.8599853515625,609.469970703125,79837900
2026-01-22,619.2976684570312,620.760009765625,622.4600219726562,617.780029296875,622.3499755859375,42254800
2026-01-23,621.2530517578125,622.719970703125,625.4000244140625,618.6500244140625,619.72998046875,43645800
2026-01-26,623.9866333007812,625.4600219726562,627.6099853515625,622.1199951171875,623.2100219726562,35983000
2026-01-27,629.6432495117188,631.1300048828125,632.0399780273438,627.3400268554688,628.9099731445312,38997200
2026-01-28,631.7283325195312,633.219970703125,636.5999755859375,631.8099975585938,635.4600219726562,50691700
2026-01-29,627.947265625,629.4299926757812,633.6699829101562,618.27001953125,632.6500244140625,79944000
2026-01-30,620.4050903320312,621.8699951171875,628.260009765625,619.2999877929688,625.7100219726562,65650700
2026-02-02,624.6650390625,626.1400146484375,628.489990234375,618.6599731445312,618.7000122070312,49020300
2026-02-03,615.0676879882812,616.52001953125,629.97998046875,610.9600219726562,628.2999877929688,81234000
2026-02-04,604.3230590820312,605.75,615.0999755859375,600.469970703125,615.02001953125,81850700
2026-02-05,595.6236572265625,597.030029296875,604.8099975585938,594.760009765625,600.2100219726562,89354500
2026-02-06,608.2138671875,609.6500244140625,611.4099731445312,598.77001953125,600.1900024414062,78019300
2026-02-09,612.8728637695312,614.3200073242188,616.4600219726562,605.0700073242188,607.5399780273438,56797600
2026-02-10,610.029541015625,611.469970703125,617.02001953125,611.010009765625,615.3099975585938,53938900
2026-02-11,611.6657104492188,613.1099853515625,617.52001953125,607.6900024414062,616.3800048828125,58575100
2026-02-12,599.22509765625,600.6400146484375,615.8099975585938,599.5700073242188,614.7100219726562,81378900
2026-02-13,600.5020751953125,601.9199829101562,606.47998046875,596.4199829101562,600.4299926757812,69237500
2026-02-17,599.8834838867188,601.2999877929688,603.9500122070312,593.3400268554688,598.3800048828125,69013800
2026-02-18,604.3629150390625,605.7899780273438,609.77001953125,600.719970703125,602.1099853515625,64250700
2026-02-19,602.0484008789062,603.469970703125,605.8200073242188,600.75,602.8099975585938,60960800
2026-02-20,607.3758544921875,608.8099975585938,610.3499755859375,599.22998046875,600.1199951171875,74127300
2026-02-23,599.9932250976562,601.4099731445312,608.010009765625,599.0499877929688,606.6099853515625,63859100
2026-02-24,606.4380493164062,607.8699951171875,608.989990234375,599.72998046875,602.4000244140625,55023700
2026-02-25,615.227294921875,616.6799926757812,616.8300170898438,611.0,611.0700073242188,55710700
2026-02-26,607.8048095703125,609.239990234375,615.5900268554688,603.97998046875,615.5900268554688,96178900
2026-02-27,605.859375,607.2899780273438,608.3200073242188,602.1900024414062,602.97998046875,68125200
2026-03-02,606.6575317382812,608.0900268554688,609.9199829101562,597.989990234375,598.8599853515625,75264600
2026-03-03,600.1629028320312,601.5800170898438,603.9600219726562,591.8699951171875,596.3300170898438,97015500
2026-03-04,609.311279296875,610.75,612.8800048828125,603.4299926757812,604.1599731445312,70943900
2026-03-05,607.4755249023438,608.9099731445312,612.760009765625,602.260009765625,607.4000244140625,89602400
2026-03-06,598.337158203125,599.75,606.0,598.3300170898438,600.3099975585938,86302300
2026-03-09,606.3283081054688,607.760009765625,609.27001953125,591.3300170898438,594.22998046875,93068200
2026-03-10,606.3383178710938,607.77001953125,613.2899780273438,605.4199829101562,607.780029296875,64078900
2026-03-11,606.2584838867188,607.6900024414062,612.4299926757812,605.030029296875,608.9500122070312,60114800
2026-03-12,595.8530883789062,597.260009765625,604.1400146484375,597.0499877929688,602.760009765625,71836600
2026-03-13,592.3213500976562,593.719970703125,603.5999755859375,592.5700073242188,599.72998046875,63145500
2026-03-16,598.9656982421875,600.3800048828125,603.8599853515625,599.1099853515625,600.0399780273438,49077200
2026-03-17,601.8887939453125,603.3099975585938,605.9000244140625,601.8699951171875,603.1400146484375,47106600
2026-03-18,593.4986572265625,594.9000244140625,603.1599731445312,594.5599975585938,601.489990234375,56128000
2026-03-19,591.623046875,593.02001953125,595.7999877929688,587.0800170898438,589.510009765625,75597600
2026-03-20,580.6888427734375,582.0599975585938,591.1699829101562,578.5399780273438,591.0599975585938,91964700
2026-03-23,587.3545532226562,588.0,595.0800170898438,585.9600219726562,590.52001953125,89936100
2026-03-24,583.3389282226562,583.97998046875,587.9299926757812,581.9299926757812,584.8099975585938,57750900
2026-03-25,587.1747436523438,587.8200073242188,591.3699951171875,585.6900024414062,589.1400146484375,60475500
2026-03-26,573.1600952148438,573.7899780273438,584.6300048828125,573.4299926757812,582.5999755859375,81492100
2026-03-27,561.9624633789062,562.5800170898438,571.02001953125,561.5700073242188,570.8099975585938,82702200
2026-03-30,557.6671752929688,558.280029296875,568.0499877929688,555.5999755859375,567.3800048828125,70602600
2026-03-31,576.54638671875,577.1799926757812,578.6400146484375,564.2100219726562,564.2899780273438,95878000
2026-04-01,583.6685791015625,584.3099975585938,587.739990234375,580.4199829101562,581.47998046875,79435100
2026-04-02,584.3378295898438,584.97998046875,586.0499877929688,571.9199829101562,573.969970703125,50941700
2026-04-06,587.85400390625,588.5,590.6099853515625,584.6900024414062,586.22998046875,35108500
2026-04-07,587.9439086914062,588.5900268554688,588.97998046875,578.4000244140625,585.6400146484375,49948200
2026-04-08,605.4246826171875,606.0900268554688,609.9000244140625,602.1199951171875,608.7100219726562,63086000
2026-04-09,609.5202026367188,610.1900024414062,610.5,603.030029296875,605.9299926757812,37837500
2026-04-10,610.3992309570312,611.0700073242188,613.6699829101562,609.5800170898438,611.8400268554688,34038500
2026-04-13,616.7122802734375,617.3900146484375,626.739990234375,608.1099853515625,609.47998046875,32972100
2026-04-14,627.909912109375,628.5999755859375,628.5999755859375,620.0999755859375,620.219970703125,49921100
2026-04-15,636.7003173828125,637.4000244140625,637.8300170898438,628.2000122070312,629.0800170898438,50102400
2026-04-16,639.7669067382812,640.469970703125,642.1799926757812,635.260009765625,639.2100219726562,42320600
2026-04-17,648.1376953125,648.8499755859375,650.0,644.0700073242188,645.5900268554688,53488900
2026-04-20,646.0799560546875,646.7899780273438,648.760009765625,642.52001953125,648.0399780273438,37138500
2026-04-21,643.6226806640625,644.3300170898438,650.2000122070312,642.2100219726562,648.4099731445312,39580500
2026-04-22,654.390869140625,655.1099853515625,655.3300170898438,648.52001953125,650.1500244140625,37368400
2026-04-23,650.7048950195312,651.4199829101562,656.9199829101562,645.52001953125,653.5499877929688,40099800
2026-04-24,663.1512451171875,663.8800048828125,664.510009765625,656.530029296875,658.510009765625,45563100
2026-04-27,663.5008544921875,664.22998046875,664.4299926757812,660.6900024414062,663.4000244140625,32717000
2026-04-28,656.8281860351562,657.5499877929688,659.6400146484375,653.8099975585938,657.4099731445312,34147900
2026-04-29,660.84375,661.5700073242188,661.719970703125,656.5900268554688,658.6300048828125,31724900
2026-04-30,667.0069580078125,667.739990234375,668.9000244140625,657.5599975585938,665.3499755859375,40622200
2026-05-01,673.4099731445312,674.1500244140625,675.969970703125,668.7999877929688,669.1599731445312,39172600
2026-05-04,672.141357421875,672.8800048828125,676.72998046875,668.9000244140625,674.6599731445312,34542000
2026-05-05,680.8617553710938,681.6099853515625,682.77001953125,677.510009765625,677.9600219726562,37101100
2026-05-06,695.0062255859375,695.77001953125,695.9299926757812,686.47998046875,687.780029296875,38778500
2026-05-07,694.1771240234375,694.9400024414062,701.239990234375,691.77001953125,696.5800170898438,43779100
2026-05-08,710.44921875,711.22998046875,711.22998046875,699.5,699.9199829101562,44320400
2026-05-11,712.5069580078125,713.2899780273438,714.5900268554688,708.9099731445312,710.3599853515625,36019100
2026-05-12,706.463623046875,707.239990234375,710.1799926757812,696.6400146484375,708.219970703125,45873000
2026-05-13,713.9254760742188,714.7100219726562,716.6500244140625,704.8300170898438,709.9600219726562,40012500
2026-05-14,718.9998168945312,719.7899780273438,722.030029296875,714.219970703125,714.6199951171875,33327500
2026-05-15,708.1517944335938,708.9299926757812,715.1300048828125,705.5499877929688,710.1400146484375,51792700
2026-05-18,705.1051025390625,705.8800048828125,712.0700073242188,698.8499755859375,711.5399780273438,49834500
2026-05-19,700.7599487304688,701.530029296875,706.489990234375,695.25,699.8099975585938,46827500
2026-05-20,712.3671875,713.1500244140625,713.1500244140625,703.7899780273438,705.2899780273438,36779200
2026-05-21,713.7256469726562,714.510009765625,717.1199951171875,706.77001953125,708.989990234375,36415400
2026-05-22,716.7523193359375,717.5399780273438,722.1199951171875,715.9500122070312,718.0700073242188,33118600
2026-05-26,729.4783935546875,730.280029296875,731.1699829101562,724.1599731445312,725.9600219726562,34254700
2026-05-27,728.6492919921875,729.4500122070312,733.3200073242188,725.4400024414062,732.9600219726562,35148700
2026-05-28,734.79248046875,735.5999755859375,736.5999755859375,726.4099731445312,729.72998046875,32840000
2026-05-29,737.49951171875,738.3099975585938,741.6300048828125,735.25,737.8400268554688,37541700
2026-06-01,741.9246826171875,742.739990234375,745.6500244140625,735.989990234375,737.0399780273438,33890600
2026-06-02,745.3408813476562,746.1599731445312,746.4400024414062,739.22998046875,742.4000244140625,30085200
2026-06-03,743.39306640625,744.2100219726562,748.6500244140625,741.010009765625,747.3099975585938,40270200
2026-06-04,739.7969970703125,740.6099853515625,743.5,732.6199951171875,735.47998046875,40782600
2026-06-05,704.2860107421875,705.0599975585938,731.6900024414062,704.3200073242188,730.0599975585938,99606600
2026-06-08,715.283935546875,716.0700073242188,723.030029296875,713.0700073242188,717.8099975585938,47401500
2026-06-09,707.052978515625,707.8300170898438,725.6599731445312,686.3699951171875,722.97998046875,91932200
2026-06-10,692.9285278320312,693.6900024414062,711.280029296875,692.9299926757812,701.6599731445312,65334300
2026-06-11,716.332763671875,717.1199951171875,718.3699951171875,695.0,699.2899780273438,71798900
2026-06-12,720.5481567382812,721.3400268554688,724.010009765625,711.280029296875,717.6099853515625,51168400
2026-06-15,743.1832885742188,744.0,744.760009765625,737.3800048828125,738.0999755859375,46710200
2026-06-16,729.0587768554688,729.8599853515625,744.219970703125,729.6400146484375,742.25,45348700
2026-06-17,721.7168579101562,722.510009765625,735.6799926757812,720.8499755859375,735.1900024414062,51669300
2026-06-18,739.8070068359375,740.6199951171875,741.8200073242188,732.510009765625,737.2000122070312,50154600
2026-06-22,737.9500122070312,737.9500122070312,745.4500122070312,734.3900146484375,742.02001953125,43518600
2026-06-23,713.6500244140625,713.6500244140625,723.6099853515625,712.1099853515625,715.739990234375,53354200
2026-06-24,710.6199951171875,710.6199951171875,719.9299926757812,704.4500122070312,715.3699951171875,52480400
2026-06-25,716.3800048828125,716.3800048828125,726.8300170898438,705.2999877929688,725.9000244140625,49668000
2026-06-26,706.52001953125,706.52001953125,715.5599975585938,702.8099975585938,707.1300048828125,47081800
2026-06-29,724.0800170898438,724.0800170898438,724.5800170898438,705.1699829101562,713.989990234375,44939100
2026-06-30,736.4000244140625,736.4000244140625,737.6199951171875,723.9099731445312,724.1799926757812,42121800
2026-07-01,725.1699829101562,725.1699829101562,731.9199829101562,724.5999755859375,729.1900024414062,40803800
2026-07-02,712.5999755859375,712.5999755859375,730.8300170898438,707.5599975585938,725.5800170898438,50959800
2026-07-06,722.8200073242188,722.8200073242188,726.0800170898438,718.4500122070312,719.9299926757812,30220400
2026-07-07,709.4299926757812,709.4299926757812,716.3499755859375,704.9000244140625,714.1699829101562,42483100
2026-07-08,711.4400024414062,711.4400024414062,712.260009765625,700.9099731445312,704.9500122070312,35603200
2026-07-09,723.280029296875,723.280029296875,724.22998046875,715.1300048828125,718.3300170898438,33654700
2026-07-10,725.510009765625,725.510009765625,726.3900146484375,717.0,720.7000122070312,26415900
2026-07-13,711.739990234375,711.739990234375,718.739990234375,710.0800170898438,717.719970703125,36552400
2026-07-14,719.6900024414062,719.6900024414062,722.2899780273438,714.3400268554688,720.219970703125,29448100
2026-07-15,717.739990234375,717.739990234375,724.3599853515625,710.22998046875,723.8499755859375,32627600
2026-07-16,705.9400024414062,705.9400024414062,713.5999755859375,702.6099853515625,712.010009765625,39402000
2026-07-17,695.3300170898438,695.3300170898438,702.2999877929688,686.760009765625,691.6500244140625,54109300
2026-07-20,696.0599975585938,696.0599975585938,705.7999877929688,695.510009765625,702.1599731445312,29687600
2026-07-21,708.969970703125,708.969970703125,710.0499877929688,702.7999877929688,706.5700073242188,33728300
2026-07-22,705.3499755859375,705.3499755859375,709.6500244140625,703.6199951171875,703.6199951171875,23692200
2026-07-23,691.9600219726562,691.9600219726562,698.6599731445312,687.7899780273438,694.6699829101562,44028600
2026-07-24,684.22998046875,684.22998046875,692.6300048828125,682.47998046875,690.4099731445312,42876700
2026-07-27,682.1199951171875,682.1199951171875,692.2999877929688,675.9500122070312,691.6799926757812,42681500
2026-07-28,675.489990234375,675.489990234375,679.4000244140625,667.8800048828125,676.22998046875,51398700
2026-07-29,661.72998046875,661.72998046875,680.0499877929688,661.1400146484375,675.510009765625,57233300
2026-07-30,683.5499877929688,683.5499877929688,685.1199951171875,673.2999877929688,674.760009765625,66753700
2026-07-31,687.989990234375,687.989990234375,695.77001953125,680.0499877929688,692.1099853515625,50443900
