{
  "best_combo_boot": {
    "mean_ci_95": [
      -0.006087,
      0.046539
    ],
    "median_ci_95": [
      -0.009789,
      0.037142
    ],
    "mean_point": 0.018422
  },
  "e1_vs_c2_boot": {
    "diff_ci_95": [
      -0.05643,
      0.047828
    ],
    "diff_point": -0.005201
  }
}