{
  "best_combo_boot": {
    "mean_ci_95": [
      0.001641,
      0.046366
    ],
    "median_ci_95": [
      -0.009789,
      0.037603
    ],
    "mean_point": 0.023109
  },
  "e1_vs_c2_boot": {
    "diff_ci_95": [
      -0.050304,
      0.038187
    ],
    "diff_point": -0.005943
  }
}